{
    "departement": {
        "code": "06",
        "nom": "Alpes-Maritimes",
        "slug": "alpes-maritimes"
    },
    "region": {
        "id": 19,
        "code": "18",
        "nom": "Provence-Alpes-Côte d'Azur",
        "slug": "provence-alpes-cote-d-azur"
    },
    "voisins": [
        {
            "dep_code": "04",
            "dep_nom": "Alpes-de-Haute-Provence",
            "dep_slug": "alpes-de-haute-provence"
        },
        {
            "dep_code": "05",
            "dep_nom": "Hautes-Alpes",
            "dep_slug": "hautes-alpes"
        },
        {
            "dep_code": "13",
            "dep_nom": "Bouches-du-Rhône",
            "dep_slug": "bouches-du-rhone"
        },
        {
            "dep_code": "83",
            "dep_nom": "Var",
            "dep_slug": "var"
        }
    ],
    "villes_count": 78,
    "villes": [
        {
            "id": 399,
            "code_insee": "06004",
            "nom_standard": "Antibes",
            "slug_ville": "antibes",
            "code_postal": "06160",
            "population": 75130,
            "superficie_km2": "27.00",
            "latitude_centre": "43.5880013",
            "longitude_centre": "7.1059999"
        },
        {
            "id": 400,
            "code_insee": "06006",
            "nom_standard": "Aspremont",
            "slug_ville": "aspremont",
            "code_postal": "06790",
            "population": 2300,
            "superficie_km2": "9.00",
            "latitude_centre": "43.7750015",
            "longitude_centre": "7.2449999"
        },
        {
            "id": 401,
            "code_insee": "06007",
            "nom_standard": "Auribeau-sur-Siagne",
            "slug_ville": "auribeau-sur-siagne",
            "code_postal": "06810",
            "population": 3251,
            "superficie_km2": "5.00",
            "latitude_centre": "43.6119995",
            "longitude_centre": "6.9120002"
        },
        {
            "id": 402,
            "code_insee": "06010",
            "nom_standard": "Le Bar-sur-Loup",
            "slug_ville": "le-bar-sur-loup",
            "code_postal": "06620",
            "population": 2947,
            "superficie_km2": "14.00",
            "latitude_centre": "43.6990013",
            "longitude_centre": "6.9629998"
        },
        {
            "id": 403,
            "code_insee": "06011",
            "nom_standard": "Beaulieu-sur-Mer",
            "slug_ville": "beaulieu-sur-mer",
            "code_postal": "06310",
            "population": 3796,
            "superficie_km2": "1.00",
            "latitude_centre": "43.7080002",
            "longitude_centre": "7.3330002"
        },
        {
            "id": 404,
            "code_insee": "06012",
            "nom_standard": "Beausoleil",
            "slug_ville": "beausoleil",
            "code_postal": "06240",
            "population": 12674,
            "superficie_km2": "3.00",
            "latitude_centre": "43.7480011",
            "longitude_centre": "7.4219999"
        },
        {
            "id": 405,
            "code_insee": "06015",
            "nom_standard": "Berre-les-Alpes",
            "slug_ville": "berre-les-alpes",
            "code_postal": "06390",
            "population": 1227,
            "superficie_km2": "10.00",
            "latitude_centre": "43.8380013",
            "longitude_centre": "7.3309999"
        },
        {
            "id": 406,
            "code_insee": "06018",
            "nom_standard": "Biot",
            "slug_ville": "biot",
            "code_postal": "06410",
            "population": 9880,
            "superficie_km2": "16.00",
            "latitude_centre": "43.6279984",
            "longitude_centre": "7.0830002"
        },
        {
            "id": 407,
            "code_insee": "06019",
            "nom_standard": "Blausasc",
            "slug_ville": "blausasc",
            "code_postal": "06440",
            "population": 1659,
            "superficie_km2": "10.00",
            "latitude_centre": "43.7939987",
            "longitude_centre": "7.3600001"
        },
        {
            "id": 408,
            "code_insee": "06023",
            "nom_standard": "Breil-sur-Roya",
            "slug_ville": "breil-sur-roya",
            "code_postal": "06540",
            "population": 2206,
            "superficie_km2": "82.00",
            "latitude_centre": "43.9399986",
            "longitude_centre": "7.5040002"
        },
        {
            "id": 409,
            "code_insee": "06025",
            "nom_standard": "Le Broc",
            "slug_ville": "le-broc",
            "code_postal": "06510",
            "population": 1422,
            "superficie_km2": "19.00",
            "latitude_centre": "43.8149986",
            "longitude_centre": "7.1589999"
        },
        {
            "id": 410,
            "code_insee": "06026",
            "nom_standard": "Cabris",
            "slug_ville": "cabris",
            "code_postal": "06530",
            "population": 1393,
            "superficie_km2": "5.00",
            "latitude_centre": "43.6599999",
            "longitude_centre": "6.8779998"
        },
        {
            "id": 411,
            "code_insee": "06027",
            "nom_standard": "Cagnes-sur-Mer",
            "slug_ville": "cagnes-sur-mer",
            "code_postal": "06800",
            "population": 52580,
            "superficie_km2": "18.00",
            "latitude_centre": "43.6720009",
            "longitude_centre": "7.1529999"
        },
        {
            "id": 412,
            "code_insee": "06029",
            "nom_standard": "Cannes",
            "slug_ville": "cannes",
            "code_postal": "06150",
            "population": 73255,
            "superficie_km2": "21.00",
            "latitude_centre": "43.5530014",
            "longitude_centre": "7.0040002"
        },
        {
            "id": 413,
            "code_insee": "06030",
            "nom_standard": "Le Cannet",
            "slug_ville": "le-cannet",
            "code_postal": "06110",
            "population": 41597,
            "superficie_km2": "8.00",
            "latitude_centre": "43.5730019",
            "longitude_centre": "7.0060000"
        },
        {
            "id": 414,
            "code_insee": "06031",
            "nom_standard": "Cantaron",
            "slug_ville": "cantaron",
            "code_postal": "06340",
            "population": 1285,
            "superficie_km2": "7.00",
            "latitude_centre": "43.7709999",
            "longitude_centre": "7.3130002"
        },
        {
            "id": 415,
            "code_insee": "06032",
            "nom_standard": "Cap-d'Ail",
            "slug_ville": "cap-d-ail",
            "code_postal": "06320",
            "population": 4508,
            "superficie_km2": "2.00",
            "latitude_centre": "43.7249985",
            "longitude_centre": "7.4020000"
        },
        {
            "id": 416,
            "code_insee": "06033",
            "nom_standard": "Carros",
            "slug_ville": "carros",
            "code_postal": "06510",
            "population": 13277,
            "superficie_km2": "15.00",
            "latitude_centre": "43.7849999",
            "longitude_centre": "7.1840000"
        },
        {
            "id": 417,
            "code_insee": "06034",
            "nom_standard": "Castagniers",
            "slug_ville": "castagniers",
            "code_postal": "06670",
            "population": 1687,
            "superficie_km2": "7.00",
            "latitude_centre": "43.7919998",
            "longitude_centre": "7.2280002"
        },
        {
            "id": 418,
            "code_insee": "06035",
            "nom_standard": "Castellar",
            "slug_ville": "castellar",
            "code_postal": "06500",
            "population": 1087,
            "superficie_km2": "12.00",
            "latitude_centre": "43.8219986",
            "longitude_centre": "7.4990001"
        },
        {
            "id": 419,
            "code_insee": "06038",
            "nom_standard": "Châteauneuf-Grasse",
            "slug_ville": "chateauneuf-grasse",
            "code_postal": "06740",
            "population": 3716,
            "superficie_km2": "9.00",
            "latitude_centre": "43.6660004",
            "longitude_centre": "6.9790001"
        },
        {
            "id": 420,
            "code_insee": "06044",
            "nom_standard": "La Colle-sur-Loup",
            "slug_ville": "la-colle-sur-loup",
            "code_postal": "06480",
            "population": 8084,
            "superficie_km2": "10.00",
            "latitude_centre": "43.6870003",
            "longitude_centre": "7.0980001"
        },
        {
            "id": 421,
            "code_insee": "06046",
            "nom_standard": "Colomars",
            "slug_ville": "colomars",
            "code_postal": "06670",
            "population": 3487,
            "superficie_km2": "6.00",
            "latitude_centre": "43.7589989",
            "longitude_centre": "7.2230001"
        },
        {
            "id": 422,
            "code_insee": "06048",
            "nom_standard": "Contes",
            "slug_ville": "contes",
            "code_postal": "06390",
            "population": 7544,
            "superficie_km2": "20.00",
            "latitude_centre": "43.8089981",
            "longitude_centre": "7.3239999"
        },
        {
            "id": 423,
            "code_insee": "06054",
            "nom_standard": "Drap",
            "slug_ville": "drap",
            "code_postal": "06340",
            "population": 5238,
            "superficie_km2": "5.00",
            "latitude_centre": "43.7579994",
            "longitude_centre": "7.3369999"
        },
        {
            "id": 424,
            "code_insee": "06057",
            "nom_standard": "L'Escarène",
            "slug_ville": "l-escarene",
            "code_postal": "06440",
            "population": 2563,
            "superficie_km2": "11.00",
            "latitude_centre": "43.8339996",
            "longitude_centre": "7.3660002"
        },
        {
            "id": 425,
            "code_insee": "06059",
            "nom_standard": "Èze",
            "slug_ville": "eze",
            "code_postal": "06360",
            "population": 2189,
            "superficie_km2": "10.00",
            "latitude_centre": "43.7290001",
            "longitude_centre": "7.3610001"
        },
        {
            "id": 426,
            "code_insee": "06060",
            "nom_standard": "Falicon",
            "slug_ville": "falicon",
            "code_postal": "06950",
            "population": 2111,
            "superficie_km2": "5.00",
            "latitude_centre": "43.7519989",
            "longitude_centre": "7.2659998"
        },
        {
            "id": 427,
            "code_insee": "06064",
            "nom_standard": "Gattières",
            "slug_ville": "gattieres",
            "code_postal": "06510",
            "population": 4287,
            "superficie_km2": "10.00",
            "latitude_centre": "43.7649994",
            "longitude_centre": "7.1690001"
        },
        {
            "id": 428,
            "code_insee": "06065",
            "nom_standard": "La Gaude",
            "slug_ville": "la-gaude",
            "code_postal": "06610",
            "population": 7133,
            "superficie_km2": "13.00",
            "latitude_centre": "43.7210007",
            "longitude_centre": "7.1599998"
        },
        {
            "id": 429,
            "code_insee": "06066",
            "nom_standard": "Gilette",
            "slug_ville": "gilette",
            "code_postal": "06830",
            "population": 1608,
            "superficie_km2": "11.00",
            "latitude_centre": "43.8479996",
            "longitude_centre": "7.1609998"
        },
        {
            "id": 430,
            "code_insee": "06067",
            "nom_standard": "Gorbio",
            "slug_ville": "gorbio",
            "code_postal": "06500",
            "population": 1527,
            "superficie_km2": "7.00",
            "latitude_centre": "43.7859993",
            "longitude_centre": "7.4460001"
        },
        {
            "id": 431,
            "code_insee": "06069",
            "nom_standard": "Grasse",
            "slug_ville": "grasse",
            "code_postal": "06130",
            "population": 48323,
            "superficie_km2": "44.00",
            "latitude_centre": "43.6559982",
            "longitude_centre": "6.9320002"
        },
        {
            "id": 432,
            "code_insee": "06074",
            "nom_standard": "Lantosque",
            "slug_ville": "lantosque",
            "code_postal": "06450",
            "population": 1200,
            "superficie_km2": "45.00",
            "latitude_centre": "43.9710007",
            "longitude_centre": "7.3049998"
        },
        {
            "id": 433,
            "code_insee": "06075",
            "nom_standard": "Levens",
            "slug_ville": "levens",
            "code_postal": "06670",
            "population": 5165,
            "superficie_km2": "30.00",
            "latitude_centre": "43.8499985",
            "longitude_centre": "7.2399998"
        },
        {
            "id": 434,
            "code_insee": "06077",
            "nom_standard": "Lucéram",
            "slug_ville": "luceram",
            "code_postal": "06440",
            "population": 1264,
            "superficie_km2": "65.00",
            "latitude_centre": "43.9010010",
            "longitude_centre": "7.3530002"
        },
        {
            "id": 435,
            "code_insee": "06079",
            "nom_standard": "Mandelieu-la-Napoule",
            "slug_ville": "mandelieu-la-napoule",
            "code_postal": "06210",
            "population": 21561,
            "superficie_km2": "32.00",
            "latitude_centre": "43.5379982",
            "longitude_centre": "6.9180002"
        },
        {
            "id": 436,
            "code_insee": "06083",
            "nom_standard": "Menton",
            "slug_ville": "menton",
            "code_postal": "06500",
            "population": 30412,
            "superficie_km2": "14.00",
            "latitude_centre": "43.7910004",
            "longitude_centre": "7.4940000"
        },
        {
            "id": 437,
            "code_insee": "06084",
            "nom_standard": "Mouans-Sartoux",
            "slug_ville": "mouans-sartoux",
            "code_postal": "06370",
            "population": 10531,
            "superficie_km2": "13.00",
            "latitude_centre": "43.6180000",
            "longitude_centre": "6.9650002"
        },
        {
            "id": 438,
            "code_insee": "06085",
            "nom_standard": "Mougins",
            "slug_ville": "mougins",
            "code_postal": "06250",
            "population": 19677,
            "superficie_km2": "26.00",
            "latitude_centre": "43.5960007",
            "longitude_centre": "7.0009999"
        },
        {
            "id": 439,
            "code_insee": "06088",
            "nom_standard": "Nice",
            "slug_ville": "nice",
            "code_postal": "06000",
            "population": 348085,
            "superficie_km2": "74.00",
            "latitude_centre": "43.7120018",
            "longitude_centre": "7.2379999"
        },
        {
            "id": 440,
            "code_insee": "06089",
            "nom_standard": "Opio",
            "slug_ville": "opio",
            "code_postal": "06650",
            "population": 2393,
            "superficie_km2": "9.00",
            "latitude_centre": "43.6580010",
            "longitude_centre": "7.0089998"
        },
        {
            "id": 441,
            "code_insee": "06090",
            "nom_standard": "Pégomas",
            "slug_ville": "pegomas",
            "code_postal": "06580",
            "population": 8045,
            "superficie_km2": "11.00",
            "latitude_centre": "43.5870018",
            "longitude_centre": "6.9219999"
        },
        {
            "id": 442,
            "code_insee": "06091",
            "nom_standard": "Peille",
            "slug_ville": "peille",
            "code_postal": "06440",
            "population": 2287,
            "superficie_km2": "43.00",
            "latitude_centre": "43.8059998",
            "longitude_centre": "7.4109998"
        },
        {
            "id": 443,
            "code_insee": "06092",
            "nom_standard": "Peillon",
            "slug_ville": "peillon",
            "code_postal": "06440",
            "population": 1445,
            "superficie_km2": "9.00",
            "latitude_centre": "43.7729988",
            "longitude_centre": "7.3720002"
        },
        {
            "id": 444,
            "code_insee": "06095",
            "nom_standard": "Peymeinade",
            "slug_ville": "peymeinade",
            "code_postal": "06530",
            "population": 8256,
            "superficie_km2": "10.00",
            "latitude_centre": "43.6300011",
            "longitude_centre": "6.8820000"
        },
        {
            "id": 445,
            "code_insee": "06099",
            "nom_standard": "Puget-Théniers",
            "slug_ville": "puget-theniers",
            "code_postal": "06260",
            "population": 1813,
            "superficie_km2": "21.00",
            "latitude_centre": "43.9519997",
            "longitude_centre": "6.9060001"
        },
        {
            "id": 446,
            "code_insee": "06103",
            "nom_standard": "Roquebillière",
            "slug_ville": "roquebilliere",
            "code_postal": "06450",
            "population": 1815,
            "superficie_km2": "26.00",
            "latitude_centre": "44.0270004",
            "longitude_centre": "7.2930002"
        },
        {
            "id": 447,
            "code_insee": "06104",
            "nom_standard": "Roquebrune-Cap-Martin",
            "slug_ville": "roquebrune-cap-martin",
            "code_postal": "06190",
            "population": 12371,
            "superficie_km2": "10.00",
            "latitude_centre": "43.7639999",
            "longitude_centre": "7.4590001"
        },
        {
            "id": 448,
            "code_insee": "06105",
            "nom_standard": "Roquefort-les-Pins",
            "slug_ville": "roquefort-les-pins",
            "code_postal": "06330",
            "population": 7276,
            "superficie_km2": "22.00",
            "latitude_centre": "43.6739998",
            "longitude_centre": "7.0530000"
        },
        {
            "id": 449,
            "code_insee": "06108",
            "nom_standard": "La Roquette-sur-Siagne",
            "slug_ville": "la-roquette-sur-siagne",
            "code_postal": "06550",
            "population": 5436,
            "superficie_km2": "6.00",
            "latitude_centre": "43.5849991",
            "longitude_centre": "6.9499998"
        },
        {
            "id": 450,
            "code_insee": "06112",
            "nom_standard": "Le Rouret",
            "slug_ville": "le-rouret",
            "code_postal": "06650",
            "population": 4157,
            "superficie_km2": "7.00",
            "latitude_centre": "43.6800003",
            "longitude_centre": "7.0100002"
        },
        {
            "id": 451,
            "code_insee": "06113",
            "nom_standard": "Sainte-Agnès",
            "slug_ville": "sainte-agnes",
            "code_postal": "06500",
            "population": 1351,
            "superficie_km2": "10.00",
            "latitude_centre": "43.8059998",
            "longitude_centre": "7.4610000"
        },
        {
            "id": 452,
            "code_insee": "06114",
            "nom_standard": "Saint-André-de-la-Roche",
            "slug_ville": "saint-andre-de-la-roche",
            "code_postal": "06730",
            "population": 5782,
            "superficie_km2": "3.00",
            "latitude_centre": "43.7459984",
            "longitude_centre": "7.2890000"
        },
        {
            "id": 453,
            "code_insee": "06117",
            "nom_standard": "Saint-Blaise",
            "slug_ville": "saint-blaise",
            "code_postal": "06670",
            "population": 1367,
            "superficie_km2": "8.00",
            "latitude_centre": "43.8129997",
            "longitude_centre": "7.2300000"
        },
        {
            "id": 454,
            "code_insee": "06118",
            "nom_standard": "Saint-Cézaire-sur-Siagne",
            "slug_ville": "saint-cezaire-sur-siagne",
            "code_postal": "06530",
            "population": 3924,
            "superficie_km2": "30.00",
            "latitude_centre": "43.6590004",
            "longitude_centre": "6.8030000"
        },
        {
            "id": 455,
            "code_insee": "06120",
            "nom_standard": "Saint-Étienne-de-Tinée",
            "slug_ville": "saint-etienne-de-tinee",
            "code_postal": "06660",
            "population": 1341,
            "superficie_km2": "173.00",
            "latitude_centre": "44.2490006",
            "longitude_centre": "6.9239998"
        },
        {
            "id": 456,
            "code_insee": "06121",
            "nom_standard": "Saint-Jean-Cap-Ferrat",
            "slug_ville": "saint-jean-cap-ferrat",
            "code_postal": "06230",
            "population": 1471,
            "superficie_km2": "3.00",
            "latitude_centre": "43.6870003",
            "longitude_centre": "7.3299999"
        },
        {
            "id": 457,
            "code_insee": "06122",
            "nom_standard": "Saint-Jeannet",
            "slug_ville": "saint-jeannet",
            "code_postal": "06640",
            "population": 4303,
            "superficie_km2": "15.00",
            "latitude_centre": "43.7589989",
            "longitude_centre": "7.1409998"
        },
        {
            "id": 458,
            "code_insee": "06123",
            "nom_standard": "Saint-Laurent-du-Var",
            "slug_ville": "saint-laurent-du-var",
            "code_postal": "06700",
            "population": 30941,
            "superficie_km2": "9.00",
            "latitude_centre": "43.6860008",
            "longitude_centre": "7.1820002"
        },
        {
            "id": 459,
            "code_insee": "06126",
            "nom_standard": "Saint-Martin-du-Var",
            "slug_ville": "saint-martin-du-var",
            "code_postal": "06670",
            "population": 3375,
            "superficie_km2": "5.00",
            "latitude_centre": "43.8170013",
            "longitude_centre": "7.1989999"
        },
        {
            "id": 460,
            "code_insee": "06127",
            "nom_standard": "Saint-Martin-Vésubie",
            "slug_ville": "saint-martin-vesubie",
            "code_postal": "06450",
            "population": 1385,
            "superficie_km2": "97.00",
            "latitude_centre": "44.1020012",
            "longitude_centre": "7.3020000"
        },
        {
            "id": 461,
            "code_insee": "06128",
            "nom_standard": "Saint-Paul-de-Vence",
            "slug_ville": "saint-paul-de-vence",
            "code_postal": "06570",
            "population": 3183,
            "superficie_km2": "7.00",
            "latitude_centre": "43.6949997",
            "longitude_centre": "7.1209998"
        },
        {
            "id": 462,
            "code_insee": "06130",
            "nom_standard": "Saint-Vallier-de-Thiey",
            "slug_ville": "saint-vallier-de-thiey",
            "code_postal": "06460",
            "population": 3667,
            "superficie_km2": "52.00",
            "latitude_centre": "43.6969986",
            "longitude_centre": "6.8509998"
        },
        {
            "id": 463,
            "code_insee": "06136",
            "nom_standard": "Sospel",
            "slug_ville": "sospel",
            "code_postal": "06380",
            "population": 3803,
            "superficie_km2": "62.00",
            "latitude_centre": "43.8839989",
            "longitude_centre": "7.4480000"
        },
        {
            "id": 464,
            "code_insee": "06137",
            "nom_standard": "Spéracèdes",
            "slug_ville": "speracedes",
            "code_postal": "06530",
            "population": 1176,
            "superficie_km2": "3.00",
            "latitude_centre": "43.6520004",
            "longitude_centre": "6.8569999"
        },
        {
            "id": 465,
            "code_insee": "06138",
            "nom_standard": "Théoule-sur-Mer",
            "slug_ville": "theoule-sur-mer",
            "code_postal": "06590",
            "population": 1362,
            "superficie_km2": "11.00",
            "latitude_centre": "43.4980011",
            "longitude_centre": "6.9299998"
        },
        {
            "id": 466,
            "code_insee": "06140",
            "nom_standard": "Le Tignet",
            "slug_ville": "le-tignet",
            "code_postal": "06530",
            "population": 3105,
            "superficie_km2": "11.00",
            "latitude_centre": "43.6240006",
            "longitude_centre": "6.8530002"
        },
        {
            "id": 467,
            "code_insee": "06147",
            "nom_standard": "Tourrette-Levens",
            "slug_ville": "tourrette-levens",
            "code_postal": "06690",
            "population": 4760,
            "superficie_km2": "16.00",
            "latitude_centre": "43.7859993",
            "longitude_centre": "7.2729998"
        },
        {
            "id": 468,
            "code_insee": "06148",
            "nom_standard": "Tourrettes-sur-Loup",
            "slug_ville": "tourrettes-sur-loup",
            "code_postal": "06140",
            "population": 4092,
            "superficie_km2": "29.00",
            "latitude_centre": "43.7179985",
            "longitude_centre": "7.0400000"
        },
        {
            "id": 469,
            "code_insee": "06149",
            "nom_standard": "La Trinité",
            "slug_ville": "la-trinite",
            "code_postal": "06340",
            "population": 10276,
            "superficie_km2": "15.00",
            "latitude_centre": "43.7430000",
            "longitude_centre": "7.3400002"
        },
        {
            "id": 470,
            "code_insee": "06150",
            "nom_standard": "La Turbie",
            "slug_ville": "la-turbie",
            "code_postal": "06320",
            "population": 3015,
            "superficie_km2": "7.00",
            "latitude_centre": "43.7449989",
            "longitude_centre": "7.3979998"
        },
        {
            "id": 471,
            "code_insee": "06152",
            "nom_standard": "Valbonne",
            "slug_ville": "valbonne",
            "code_postal": "06560",
            "population": 12754,
            "superficie_km2": "20.00",
            "latitude_centre": "43.6279984",
            "longitude_centre": "7.0300002"
        },
        {
            "id": 472,
            "code_insee": "06155",
            "nom_standard": "Vallauris",
            "slug_ville": "vallauris",
            "code_postal": "06220",
            "population": 28025,
            "superficie_km2": "13.00",
            "latitude_centre": "43.5769997",
            "longitude_centre": "7.0580001"
        },
        {
            "id": 473,
            "code_insee": "06157",
            "nom_standard": "Vence",
            "slug_ville": "vence",
            "code_postal": "06140",
            "population": 19415,
            "superficie_km2": "39.00",
            "latitude_centre": "43.7379990",
            "longitude_centre": "7.1020002"
        },
        {
            "id": 474,
            "code_insee": "06159",
            "nom_standard": "Villefranche-sur-Mer",
            "slug_ville": "villefranche-sur-mer",
            "code_postal": "06230",
            "population": 4989,
            "superficie_km2": "5.00",
            "latitude_centre": "43.7120018",
            "longitude_centre": "7.3220000"
        },
        {
            "id": 475,
            "code_insee": "06161",
            "nom_standard": "Villeneuve-Loubet",
            "slug_ville": "villeneuve-loubet",
            "code_postal": "06270",
            "population": 16779,
            "superficie_km2": "20.00",
            "latitude_centre": "43.6489983",
            "longitude_centre": "7.1069999"
        },
        {
            "id": 476,
            "code_insee": "06163",
            "nom_standard": "Tende",
            "slug_ville": "tende",
            "code_postal": "06430",
            "population": 2021,
            "superficie_km2": "177.00",
            "latitude_centre": "44.0999985",
            "longitude_centre": "7.5400000"
        }
    ]
}