{
    "departement": {
        "code": "34",
        "nom": "Hérault",
        "slug": "herault"
    },
    "region": {
        "id": 17,
        "code": "16",
        "nom": "Occitanie",
        "slug": "occitanie"
    },
    "voisins": [
        {
            "dep_code": "09",
            "dep_nom": "Ariège",
            "dep_slug": "ariege"
        },
        {
            "dep_code": "11",
            "dep_nom": "Aude",
            "dep_slug": "aude"
        },
        {
            "dep_code": "12",
            "dep_nom": "Aveyron",
            "dep_slug": "aveyron"
        },
        {
            "dep_code": "30",
            "dep_nom": "Gard",
            "dep_slug": "gard"
        }
    ],
    "villes_count": 165,
    "villes": [
        {
            "id": 3030,
            "code_insee": "34001",
            "nom_standard": "Abeilhan",
            "slug_ville": "abeilhan",
            "code_postal": "34290",
            "population": 1818,
            "superficie_km2": "8.00",
            "latitude_centre": "43.4580002",
            "longitude_centre": "3.2990000"
        },
        {
            "id": 3031,
            "code_insee": "34002",
            "nom_standard": "Adissan",
            "slug_ville": "adissan",
            "code_postal": "34230",
            "population": 1324,
            "superficie_km2": "4.00",
            "latitude_centre": "43.5359993",
            "longitude_centre": "3.4260001"
        },
        {
            "id": 3032,
            "code_insee": "34003",
            "nom_standard": "Agde",
            "slug_ville": "agde",
            "code_postal": "34300",
            "population": 29103,
            "superficie_km2": "51.00",
            "latitude_centre": "43.3089981",
            "longitude_centre": "3.4840000"
        },
        {
            "id": 3033,
            "code_insee": "34009",
            "nom_standard": "Alignan-du-Vent",
            "slug_ville": "alignan-du-vent",
            "code_postal": "34290",
            "population": 1757,
            "superficie_km2": "17.00",
            "latitude_centre": "43.4690018",
            "longitude_centre": "3.3390000"
        },
        {
            "id": 3034,
            "code_insee": "34010",
            "nom_standard": "Aniane",
            "slug_ville": "aniane",
            "code_postal": "34150",
            "population": 2943,
            "superficie_km2": "30.00",
            "latitude_centre": "43.6839981",
            "longitude_centre": "3.5929999"
        },
        {
            "id": 3035,
            "code_insee": "34013",
            "nom_standard": "Aspiran",
            "slug_ville": "aspiran",
            "code_postal": "34800",
            "population": 1676,
            "superficie_km2": "16.00",
            "latitude_centre": "43.5670013",
            "longitude_centre": "3.4480000"
        },
        {
            "id": 3036,
            "code_insee": "34014",
            "nom_standard": "Assas",
            "slug_ville": "assas",
            "code_postal": "34820",
            "population": 1455,
            "superficie_km2": "19.00",
            "latitude_centre": "43.7099991",
            "longitude_centre": "3.8980000"
        },
        {
            "id": 3037,
            "code_insee": "34022",
            "nom_standard": "Baillargues",
            "slug_ville": "baillargues",
            "code_postal": "34670",
            "population": 7735,
            "superficie_km2": "8.00",
            "latitude_centre": "43.6580010",
            "longitude_centre": "4.0100002"
        },
        {
            "id": 3038,
            "code_insee": "34023",
            "nom_standard": "Balaruc-les-Bains",
            "slug_ville": "balaruc-les-bains",
            "code_postal": "34540",
            "population": 7073,
            "superficie_km2": "9.00",
            "latitude_centre": "43.4469986",
            "longitude_centre": "3.6910000"
        },
        {
            "id": 3039,
            "code_insee": "34024",
            "nom_standard": "Balaruc-le-Vieux",
            "slug_ville": "balaruc-le-vieux",
            "code_postal": "34540",
            "population": 2719,
            "superficie_km2": "7.00",
            "latitude_centre": "43.4659996",
            "longitude_centre": "3.6970000"
        },
        {
            "id": 3040,
            "code_insee": "34025",
            "nom_standard": "Bassan",
            "slug_ville": "bassan",
            "code_postal": "34290",
            "population": 2287,
            "superficie_km2": "7.00",
            "latitude_centre": "43.4080010",
            "longitude_centre": "3.2539999"
        },
        {
            "id": 3041,
            "code_insee": "34027",
            "nom_standard": "Beaulieu",
            "slug_ville": "beaulieu",
            "code_postal": "34160",
            "population": 2213,
            "superficie_km2": "8.00",
            "latitude_centre": "43.7299995",
            "longitude_centre": "4.0209999"
        },
        {
            "id": 3042,
            "code_insee": "34028",
            "nom_standard": "Bédarieux",
            "slug_ville": "bedarieux",
            "code_postal": "34600",
            "population": 5778,
            "superficie_km2": "28.00",
            "latitude_centre": "43.6129990",
            "longitude_centre": "3.1670001"
        },
        {
            "id": 3043,
            "code_insee": "34031",
            "nom_standard": "Bessan",
            "slug_ville": "bessan",
            "code_postal": "34550",
            "population": 5572,
            "superficie_km2": "28.00",
            "latitude_centre": "43.3569984",
            "longitude_centre": "3.4170001"
        },
        {
            "id": 3044,
            "code_insee": "34032",
            "nom_standard": "Béziers",
            "slug_ville": "beziers",
            "code_postal": "34500",
            "population": 80341,
            "superficie_km2": "96.00",
            "latitude_centre": "43.3479996",
            "longitude_centre": "3.2309999"
        },
        {
            "id": 3045,
            "code_insee": "34033",
            "nom_standard": "Boisseron",
            "slug_ville": "boisseron",
            "code_postal": "34160",
            "population": 2153,
            "superficie_km2": "8.00",
            "latitude_centre": "43.7519989",
            "longitude_centre": "4.0760002"
        },
        {
            "id": 3046,
            "code_insee": "34035",
            "nom_standard": "La Boissière",
            "slug_ville": "la-boissiere",
            "code_postal": "34150",
            "population": 1038,
            "superficie_km2": "24.00",
            "latitude_centre": "43.6539993",
            "longitude_centre": "3.6440001"
        },
        {
            "id": 3047,
            "code_insee": "34036",
            "nom_standard": "Le Bosc",
            "slug_ville": "le-bosc",
            "code_postal": "34700",
            "population": 1376,
            "superficie_km2": "28.00",
            "latitude_centre": "43.6959992",
            "longitude_centre": "3.3870001"
        },
        {
            "id": 3048,
            "code_insee": "34037",
            "nom_standard": "Boujan-sur-Libron",
            "slug_ville": "boujan-sur-libron",
            "code_postal": "34760",
            "population": 3452,
            "superficie_km2": "7.00",
            "latitude_centre": "43.3800011",
            "longitude_centre": "3.2630000"
        },
        {
            "id": 3049,
            "code_insee": "34038",
            "nom_standard": "Le Bousquet-d'Orb",
            "slug_ville": "le-bousquet-d-orb",
            "code_postal": "34260",
            "population": 1584,
            "superficie_km2": "12.00",
            "latitude_centre": "43.7019997",
            "longitude_centre": "3.1520000"
        },
        {
            "id": 3050,
            "code_insee": "34039",
            "nom_standard": "Bouzigues",
            "slug_ville": "bouzigues",
            "code_postal": "34140",
            "population": 1626,
            "superficie_km2": "7.00",
            "latitude_centre": "43.4449997",
            "longitude_centre": "3.6570001"
        },
        {
            "id": 3051,
            "code_insee": "34050",
            "nom_standard": "Candillargues",
            "slug_ville": "candillargues",
            "code_postal": "34130",
            "population": 2107,
            "superficie_km2": "8.00",
            "latitude_centre": "43.6180000",
            "longitude_centre": "4.0640001"
        },
        {
            "id": 3052,
            "code_insee": "34051",
            "nom_standard": "Canet",
            "slug_ville": "canet",
            "code_postal": "34800",
            "population": 3570,
            "superficie_km2": "7.00",
            "latitude_centre": "43.5979996",
            "longitude_centre": "3.4830000"
        },
        {
            "id": 3053,
            "code_insee": "34052",
            "nom_standard": "Capestang",
            "slug_ville": "capestang",
            "code_postal": "34310",
            "population": 3318,
            "superficie_km2": "41.00",
            "latitude_centre": "43.3219986",
            "longitude_centre": "3.0480001"
        },
        {
            "id": 3054,
            "code_insee": "34056",
            "nom_standard": "Castelnau-de-Guers",
            "slug_ville": "castelnau-de-guers",
            "code_postal": "34120",
            "population": 1215,
            "superficie_km2": "23.00",
            "latitude_centre": "43.4350014",
            "longitude_centre": "3.4710000"
        },
        {
            "id": 3055,
            "code_insee": "34057",
            "nom_standard": "Castelnau-le-Lez",
            "slug_ville": "castelnau-le-lez",
            "code_postal": "34170",
            "population": 24888,
            "superficie_km2": "11.00",
            "latitude_centre": "43.6380005",
            "longitude_centre": "3.9130001"
        },
        {
            "id": 3056,
            "code_insee": "34058",
            "nom_standard": "Castries",
            "slug_ville": "castries",
            "code_postal": "34160",
            "population": 6523,
            "superficie_km2": "24.00",
            "latitude_centre": "43.6889992",
            "longitude_centre": "3.9790001"
        },
        {
            "id": 3057,
            "code_insee": "34063",
            "nom_standard": "Caux",
            "slug_ville": "caux",
            "code_postal": "34720",
            "population": 2640,
            "superficie_km2": "25.00",
            "latitude_centre": "43.5040016",
            "longitude_centre": "3.3680000"
        },
        {
            "id": 3058,
            "code_insee": "34067",
            "nom_standard": "Cazilhac",
            "slug_ville": "cazilhac",
            "code_postal": "34190",
            "population": 1566,
            "superficie_km2": "12.00",
            "latitude_centre": "43.9179993",
            "longitude_centre": "3.6910000"
        },
        {
            "id": 3059,
            "code_insee": "34069",
            "nom_standard": "Cazouls-lès-Béziers",
            "slug_ville": "cazouls-les-beziers",
            "code_postal": "34370",
            "population": 5146,
            "superficie_km2": "38.00",
            "latitude_centre": "43.3979988",
            "longitude_centre": "3.0999999"
        },
        {
            "id": 3060,
            "code_insee": "34073",
            "nom_standard": "Cers",
            "slug_ville": "cers",
            "code_postal": "34420",
            "population": 2535,
            "superficie_km2": "8.00",
            "latitude_centre": "43.3300018",
            "longitude_centre": "3.3169999"
        },
        {
            "id": 3061,
            "code_insee": "34074",
            "nom_standard": "Cessenon-sur-Orb",
            "slug_ville": "cessenon-sur-orb",
            "code_postal": "34460",
            "population": 2373,
            "superficie_km2": "37.00",
            "latitude_centre": "43.4539986",
            "longitude_centre": "3.0409999"
        },
        {
            "id": 3062,
            "code_insee": "34076",
            "nom_standard": "Ceyras",
            "slug_ville": "ceyras",
            "code_postal": "34800",
            "population": 1382,
            "superficie_km2": "7.00",
            "latitude_centre": "43.6500015",
            "longitude_centre": "3.4600000"
        },
        {
            "id": 3063,
            "code_insee": "34077",
            "nom_standard": "Clapiers",
            "slug_ville": "clapiers",
            "code_postal": "34830",
            "population": 5811,
            "superficie_km2": "8.00",
            "latitude_centre": "43.6619988",
            "longitude_centre": "3.8870001"
        },
        {
            "id": 3064,
            "code_insee": "34078",
            "nom_standard": "Claret",
            "slug_ville": "claret",
            "code_postal": "34270",
            "population": 1695,
            "superficie_km2": "28.00",
            "latitude_centre": "43.8569984",
            "longitude_centre": "3.8759999"
        },
        {
            "id": 3065,
            "code_insee": "34079",
            "nom_standard": "Clermont-l'Hérault",
            "slug_ville": "clermont-l-herault",
            "code_postal": "34800",
            "population": 9269,
            "superficie_km2": "33.00",
            "latitude_centre": "43.6339989",
            "longitude_centre": "3.4130001"
        },
        {
            "id": 3066,
            "code_insee": "34081",
            "nom_standard": "Colombiers",
            "slug_ville": "colombiers",
            "code_postal": "34440",
            "population": 2668,
            "superficie_km2": "10.00",
            "latitude_centre": "43.3149986",
            "longitude_centre": "3.1440001"
        },
        {
            "id": 3067,
            "code_insee": "34082",
            "nom_standard": "Combaillaux",
            "slug_ville": "combaillaux",
            "code_postal": "34980",
            "population": 1909,
            "superficie_km2": "9.00",
            "latitude_centre": "43.6720009",
            "longitude_centre": "3.7800000"
        },
        {
            "id": 3068,
            "code_insee": "34084",
            "nom_standard": "Corneilhan",
            "slug_ville": "corneilhan",
            "code_postal": "34490",
            "population": 1663,
            "superficie_km2": "14.00",
            "latitude_centre": "43.4020004",
            "longitude_centre": "3.1960001"
        },
        {
            "id": 3069,
            "code_insee": "34087",
            "nom_standard": "Cournonsec",
            "slug_ville": "cournonsec",
            "code_postal": "34660",
            "population": 3550,
            "superficie_km2": "12.00",
            "latitude_centre": "43.5400009",
            "longitude_centre": "3.7030001"
        },
        {
            "id": 3070,
            "code_insee": "34088",
            "nom_standard": "Cournonterral",
            "slug_ville": "cournonterral",
            "code_postal": "34660",
            "population": 6654,
            "superficie_km2": "29.00",
            "latitude_centre": "43.5690002",
            "longitude_centre": "3.7060001"
        },
        {
            "id": 3071,
            "code_insee": "34089",
            "nom_standard": "Creissan",
            "slug_ville": "creissan",
            "code_postal": "34370",
            "population": 1371,
            "superficie_km2": "9.00",
            "latitude_centre": "43.3769989",
            "longitude_centre": "3.0000000"
        },
        {
            "id": 3072,
            "code_insee": "34090",
            "nom_standard": "Le Crès",
            "slug_ville": "le-cres",
            "code_postal": "34920",
            "population": 9295,
            "superficie_km2": "6.00",
            "latitude_centre": "43.6539993",
            "longitude_centre": "3.9360001"
        },
        {
            "id": 3073,
            "code_insee": "34094",
            "nom_standard": "Espondeilhan",
            "slug_ville": "espondeilhan",
            "code_postal": "34290",
            "population": 1162,
            "superficie_km2": "5.00",
            "latitude_centre": "43.4370003",
            "longitude_centre": "3.2579999"
        },
        {
            "id": 3074,
            "code_insee": "34095",
            "nom_standard": "Fabrègues",
            "slug_ville": "fabregues",
            "code_postal": "34690",
            "population": 7197,
            "superficie_km2": "32.00",
            "latitude_centre": "43.5340004",
            "longitude_centre": "3.7720001"
        },
        {
            "id": 3075,
            "code_insee": "34101",
            "nom_standard": "Florensac",
            "slug_ville": "florensac",
            "code_postal": "34510",
            "population": 5022,
            "superficie_km2": "36.00",
            "latitude_centre": "43.3860016",
            "longitude_centre": "3.4640000"
        },
        {
            "id": 3076,
            "code_insee": "34103",
            "nom_standard": "Fontès",
            "slug_ville": "fontes",
            "code_postal": "34320",
            "population": 1053,
            "superficie_km2": "18.00",
            "latitude_centre": "43.5419998",
            "longitude_centre": "3.3900001"
        },
        {
            "id": 3077,
            "code_insee": "34108",
            "nom_standard": "Frontignan",
            "slug_ville": "frontignan",
            "code_postal": "34110",
            "population": 23808,
            "superficie_km2": "40.00",
            "latitude_centre": "43.4480019",
            "longitude_centre": "3.7490001"
        },
        {
            "id": 3078,
            "code_insee": "34111",
            "nom_standard": "Ganges",
            "slug_ville": "ganges",
            "code_postal": "34190",
            "population": 3984,
            "superficie_km2": "7.00",
            "latitude_centre": "43.9459992",
            "longitude_centre": "3.7049999"
        },
        {
            "id": 3079,
            "code_insee": "34113",
            "nom_standard": "Gigean",
            "slug_ville": "gigean",
            "code_postal": "34770",
            "population": 6565,
            "superficie_km2": "16.00",
            "latitude_centre": "43.4939995",
            "longitude_centre": "3.7240000"
        },
        {
            "id": 3080,
            "code_insee": "34114",
            "nom_standard": "Gignac",
            "slug_ville": "gignac",
            "code_postal": "34150",
            "population": 6650,
            "superficie_km2": "30.00",
            "latitude_centre": "43.6389999",
            "longitude_centre": "3.5739999"
        },
        {
            "id": 3081,
            "code_insee": "34116",
            "nom_standard": "Grabels",
            "slug_ville": "grabels",
            "code_postal": "34790",
            "population": 8973,
            "superficie_km2": "17.00",
            "latitude_centre": "43.6510010",
            "longitude_centre": "3.7939999"
        },
        {
            "id": 3082,
            "code_insee": "34119",
            "nom_standard": "Hérépian",
            "slug_ville": "herepian",
            "code_postal": "34600",
            "population": 1525,
            "superficie_km2": "9.00",
            "latitude_centre": "43.5919991",
            "longitude_centre": "3.1180000"
        },
        {
            "id": 3083,
            "code_insee": "34120",
            "nom_standard": "Jacou",
            "slug_ville": "jacou",
            "code_postal": "34830",
            "population": 6823,
            "superficie_km2": "3.00",
            "latitude_centre": "43.6629982",
            "longitude_centre": "3.9119999"
        },
        {
            "id": 3084,
            "code_insee": "34123",
            "nom_standard": "Juvignac",
            "slug_ville": "juvignac",
            "code_postal": "34990",
            "population": 12783,
            "superficie_km2": "11.00",
            "latitude_centre": "43.6240006",
            "longitude_centre": "3.7960000"
        },
        {
            "id": 3085,
            "code_insee": "34126",
            "nom_standard": "Lamalou-les-Bains",
            "slug_ville": "lamalou-les-bains",
            "code_postal": "34240",
            "population": 2454,
            "superficie_km2": "6.00",
            "latitude_centre": "43.5960007",
            "longitude_centre": "3.0840001"
        },
        {
            "id": 3086,
            "code_insee": "34127",
            "nom_standard": "Lansargues",
            "slug_ville": "lansargues",
            "code_postal": "34130",
            "population": 3107,
            "superficie_km2": "19.00",
            "latitude_centre": "43.6360016",
            "longitude_centre": "4.0830002"
        },
        {
            "id": 3087,
            "code_insee": "34128",
            "nom_standard": "Laroque",
            "slug_ville": "laroque",
            "code_postal": "34190",
            "population": 1655,
            "superficie_km2": "7.00",
            "latitude_centre": "43.9259987",
            "longitude_centre": "3.7330000"
        },
        {
            "id": 3088,
            "code_insee": "34129",
            "nom_standard": "Lattes",
            "slug_ville": "lattes",
            "code_postal": "34970",
            "population": 17544,
            "superficie_km2": "32.00",
            "latitude_centre": "43.5639992",
            "longitude_centre": "3.9020000"
        },
        {
            "id": 3089,
            "code_insee": "34130",
            "nom_standard": "Laurens",
            "slug_ville": "laurens",
            "code_postal": "34480",
            "population": 1774,
            "superficie_km2": "17.00",
            "latitude_centre": "43.5219994",
            "longitude_centre": "3.2000000"
        },
        {
            "id": 3090,
            "code_insee": "34134",
            "nom_standard": "Lavérune",
            "slug_ville": "laverune",
            "code_postal": "34880",
            "population": 3312,
            "superficie_km2": "7.00",
            "latitude_centre": "43.5849991",
            "longitude_centre": "3.8020000"
        },
        {
            "id": 3091,
            "code_insee": "34135",
            "nom_standard": "Lespignan",
            "slug_ville": "lespignan",
            "code_postal": "34710",
            "population": 3325,
            "superficie_km2": "23.00",
            "latitude_centre": "43.2739983",
            "longitude_centre": "3.1700001"
        },
        {
            "id": 3092,
            "code_insee": "34136",
            "nom_standard": "Lézignan-la-Cèbe",
            "slug_ville": "lezignan-la-cebe",
            "code_postal": "34120",
            "population": 1568,
            "superficie_km2": "6.00",
            "latitude_centre": "43.4920006",
            "longitude_centre": "3.4400001"
        },
        {
            "id": 3093,
            "code_insee": "34139",
            "nom_standard": "Lieuran-lès-Béziers",
            "slug_ville": "lieuran-les-beziers",
            "code_postal": "34290",
            "population": 1411,
            "superficie_km2": "9.00",
            "latitude_centre": "43.4119988",
            "longitude_centre": "3.2309999"
        },
        {
            "id": 3094,
            "code_insee": "34140",
            "nom_standard": "Lignan-sur-Orb",
            "slug_ville": "lignan-sur-orb",
            "code_postal": "34490",
            "population": 3224,
            "superficie_km2": "3.00",
            "latitude_centre": "43.3820000",
            "longitude_centre": "3.1730001"
        },
        {
            "id": 3095,
            "code_insee": "34142",
            "nom_standard": "Lodève",
            "slug_ville": "lodeve",
            "code_postal": "34700",
            "population": 7289,
            "superficie_km2": "23.00",
            "latitude_centre": "43.7309990",
            "longitude_centre": "3.3060000"
        },
        {
            "id": 3096,
            "code_insee": "34143",
            "nom_standard": "Loupian",
            "slug_ville": "loupian",
            "code_postal": "34140",
            "population": 2195,
            "superficie_km2": "24.00",
            "latitude_centre": "43.4490013",
            "longitude_centre": "3.6259999"
        },
        {
            "id": 3097,
            "code_insee": "34145",
            "nom_standard": "Lunel",
            "slug_ville": "lunel",
            "code_postal": "34400",
            "population": 26185,
            "superficie_km2": "24.00",
            "latitude_centre": "43.6819992",
            "longitude_centre": "4.1360002"
        },
        {
            "id": 3098,
            "code_insee": "34146",
            "nom_standard": "Lunel-Viel",
            "slug_ville": "lunel-viel",
            "code_postal": "34400",
            "population": 4488,
            "superficie_km2": "12.00",
            "latitude_centre": "43.6829987",
            "longitude_centre": "4.0840001"
        },
        {
            "id": 3099,
            "code_insee": "34147",
            "nom_standard": "Magalas",
            "slug_ville": "magalas",
            "code_postal": "34480",
            "population": 3478,
            "superficie_km2": "21.00",
            "latitude_centre": "43.4809990",
            "longitude_centre": "3.2170000"
        },
        {
            "id": 3100,
            "code_insee": "34148",
            "nom_standard": "Maraussan",
            "slug_ville": "maraussan",
            "code_postal": "34370",
            "population": 4671,
            "superficie_km2": "12.00",
            "latitude_centre": "43.3709984",
            "longitude_centre": "3.1540000"
        },
        {
            "id": 3101,
            "code_insee": "34150",
            "nom_standard": "Marseillan",
            "slug_ville": "marseillan",
            "code_postal": "34340",
            "population": 7643,
            "superficie_km2": "53.00",
            "latitude_centre": "43.3610001",
            "longitude_centre": "3.5469999"
        },
        {
            "id": 3102,
            "code_insee": "34151",
            "nom_standard": "Marsillargues",
            "slug_ville": "marsillargues",
            "code_postal": "34590",
            "population": 6587,
            "superficie_km2": "42.00",
            "latitude_centre": "43.6269989",
            "longitude_centre": "4.1479998"
        },
        {
            "id": 3103,
            "code_insee": "34153",
            "nom_standard": "Les Matelles",
            "slug_ville": "les-matelles",
            "code_postal": "34270",
            "population": 2047,
            "superficie_km2": "17.00",
            "latitude_centre": "43.7280006",
            "longitude_centre": "3.8069999"
        },
        {
            "id": 3104,
            "code_insee": "34154",
            "nom_standard": "Mauguio",
            "slug_ville": "mauguio",
            "code_postal": "34130",
            "population": 16596,
            "superficie_km2": "77.00",
            "latitude_centre": "43.5929985",
            "longitude_centre": "4.0040002"
        },
        {
            "id": 3105,
            "code_insee": "34155",
            "nom_standard": "Maureilhan",
            "slug_ville": "maureilhan",
            "code_postal": "34370",
            "population": 2376,
            "superficie_km2": "10.00",
            "latitude_centre": "43.3520012",
            "longitude_centre": "3.1020000"
        },
        {
            "id": 3106,
            "code_insee": "34157",
            "nom_standard": "Mèze",
            "slug_ville": "meze",
            "code_postal": "34140",
            "population": 12664,
            "superficie_km2": "47.00",
            "latitude_centre": "43.4290009",
            "longitude_centre": "3.5780001"
        },
        {
            "id": 3107,
            "code_insee": "34159",
            "nom_standard": "Mireval",
            "slug_ville": "mireval",
            "code_postal": "34110",
            "population": 3302,
            "superficie_km2": "11.00",
            "latitude_centre": "43.5169983",
            "longitude_centre": "3.8030000"
        },
        {
            "id": 3108,
            "code_insee": "34161",
            "nom_standard": "Montady",
            "slug_ville": "montady",
            "code_postal": "34310",
            "population": 4005,
            "superficie_km2": "10.00",
            "latitude_centre": "43.3279991",
            "longitude_centre": "3.1140001"
        },
        {
            "id": 3109,
            "code_insee": "34162",
            "nom_standard": "Montagnac",
            "slug_ville": "montagnac",
            "code_postal": "34530",
            "population": 4436,
            "superficie_km2": "40.00",
            "latitude_centre": "43.4739990",
            "longitude_centre": "3.5109999"
        },
        {
            "id": 3110,
            "code_insee": "34163",
            "nom_standard": "Montarnaud",
            "slug_ville": "montarnaud",
            "code_postal": "34570",
            "population": 4164,
            "superficie_km2": "28.00",
            "latitude_centre": "43.6469994",
            "longitude_centre": "3.7000000"
        },
        {
            "id": 3111,
            "code_insee": "34164",
            "nom_standard": "Montaud",
            "slug_ville": "montaud",
            "code_postal": "34160",
            "population": 1033,
            "superficie_km2": "13.00",
            "latitude_centre": "43.7480011",
            "longitude_centre": "3.9600000"
        },
        {
            "id": 3112,
            "code_insee": "34165",
            "nom_standard": "Montbazin",
            "slug_ville": "montbazin",
            "code_postal": "34560",
            "population": 2928,
            "superficie_km2": "21.00",
            "latitude_centre": "43.5330010",
            "longitude_centre": "3.6719999"
        },
        {
            "id": 3113,
            "code_insee": "34166",
            "nom_standard": "Montblanc",
            "slug_ville": "montblanc",
            "code_postal": "34290",
            "population": 2854,
            "superficie_km2": "27.00",
            "latitude_centre": "43.3709984",
            "longitude_centre": "3.3580000"
        },
        {
            "id": 3114,
            "code_insee": "34169",
            "nom_standard": "Montferrier-sur-Lez",
            "slug_ville": "montferrier-sur-lez",
            "code_postal": "34980",
            "population": 4054,
            "superficie_km2": "8.00",
            "latitude_centre": "43.6689987",
            "longitude_centre": "3.8640001"
        },
        {
            "id": 3115,
            "code_insee": "34172",
            "nom_standard": "Montpellier",
            "slug_ville": "montpellier",
            "code_postal": "34080",
            "population": 302454,
            "superficie_km2": "57.00",
            "latitude_centre": "43.6129990",
            "longitude_centre": "3.8680000"
        },
        {
            "id": 3116,
            "code_insee": "34173",
            "nom_standard": "Montpeyroux",
            "slug_ville": "montpeyroux",
            "code_postal": "34150",
            "population": 1386,
            "superficie_km2": "23.00",
            "latitude_centre": "43.7109985",
            "longitude_centre": "3.5020001"
        },
        {
            "id": 3117,
            "code_insee": "34176",
            "nom_standard": "Mudaison",
            "slug_ville": "mudaison",
            "code_postal": "34130",
            "population": 2894,
            "superficie_km2": "8.00",
            "latitude_centre": "43.6399994",
            "longitude_centre": "4.0359998"
        },
        {
            "id": 3118,
            "code_insee": "34178",
            "nom_standard": "Murviel-lès-Béziers",
            "slug_ville": "murviel-les-beziers",
            "code_postal": "34490",
            "population": 3077,
            "superficie_km2": "33.00",
            "latitude_centre": "43.4580002",
            "longitude_centre": "3.1359999"
        },
        {
            "id": 3119,
            "code_insee": "34179",
            "nom_standard": "Murviel-lès-Montpellier",
            "slug_ville": "murviel-les-montpellier",
            "code_postal": "34570",
            "population": 1930,
            "superficie_km2": "10.00",
            "latitude_centre": "43.6100006",
            "longitude_centre": "3.7390001"
        },
        {
            "id": 3120,
            "code_insee": "34180",
            "nom_standard": "Nébian",
            "slug_ville": "nebian",
            "code_postal": "34800",
            "population": 1512,
            "superficie_km2": "10.00",
            "latitude_centre": "43.5999985",
            "longitude_centre": "3.4370000"
        },
        {
            "id": 3121,
            "code_insee": "34181",
            "nom_standard": "Neffiès",
            "slug_ville": "neffies",
            "code_postal": "34320",
            "population": 1023,
            "superficie_km2": "11.00",
            "latitude_centre": "43.5390015",
            "longitude_centre": "3.3340001"
        },
        {
            "id": 3122,
            "code_insee": "34182",
            "nom_standard": "Nézignan-l'Évêque",
            "slug_ville": "nezignan-l-eveque",
            "code_postal": "34120",
            "population": 1762,
            "superficie_km2": "4.00",
            "latitude_centre": "43.4220009",
            "longitude_centre": "3.4040000"
        },
        {
            "id": 3123,
            "code_insee": "34183",
            "nom_standard": "Nissan-lez-Enserune",
            "slug_ville": "nissan-lez-enserune",
            "code_postal": "34440",
            "population": 4049,
            "superficie_km2": "30.00",
            "latitude_centre": "43.2809982",
            "longitude_centre": "3.1120000"
        },
        {
            "id": 3124,
            "code_insee": "34189",
            "nom_standard": "Olonzac",
            "slug_ville": "olonzac",
            "code_postal": "34210",
            "population": 1687,
            "superficie_km2": "19.00",
            "latitude_centre": "43.2809982",
            "longitude_centre": "2.7370000"
        },
        {
            "id": 3125,
            "code_insee": "34192",
            "nom_standard": "Palavas-les-Flots",
            "slug_ville": "palavas-les-flots",
            "code_postal": "34250",
            "population": 5881,
            "superficie_km2": "9.00",
            "latitude_centre": "43.5340004",
            "longitude_centre": "3.9260001"
        },
        {
            "id": 3126,
            "code_insee": "34194",
            "nom_standard": "Paulhan",
            "slug_ville": "paulhan",
            "code_postal": "34230",
            "population": 4031,
            "superficie_km2": "11.00",
            "latitude_centre": "43.5379982",
            "longitude_centre": "3.4590001"
        },
        {
            "id": 3127,
            "code_insee": "34197",
            "nom_standard": "Péret",
            "slug_ville": "peret",
            "code_postal": "34800",
            "population": 1100,
            "superficie_km2": "11.00",
            "latitude_centre": "43.5750008",
            "longitude_centre": "3.3980000"
        },
        {
            "id": 3128,
            "code_insee": "34198",
            "nom_standard": "Pérols",
            "slug_ville": "perols",
            "code_postal": "34470",
            "population": 9561,
            "superficie_km2": "9.00",
            "latitude_centre": "43.5610008",
            "longitude_centre": "3.9519999"
        },
        {
            "id": 3129,
            "code_insee": "34199",
            "nom_standard": "Pézenas",
            "slug_ville": "pezenas",
            "code_postal": "34120",
            "population": 7788,
            "superficie_km2": "30.00",
            "latitude_centre": "43.4630013",
            "longitude_centre": "3.4159999"
        },
        {
            "id": 3130,
            "code_insee": "34202",
            "nom_standard": "Pignan",
            "slug_ville": "pignan",
            "code_postal": "34570",
            "population": 8221,
            "superficie_km2": "21.00",
            "latitude_centre": "43.5859985",
            "longitude_centre": "3.7490001"
        },
        {
            "id": 3131,
            "code_insee": "34203",
            "nom_standard": "Pinet",
            "slug_ville": "pinet",
            "code_postal": "34850",
            "population": 2004,
            "superficie_km2": "9.00",
            "latitude_centre": "43.4090004",
            "longitude_centre": "3.5120001"
        },
        {
            "id": 3132,
            "code_insee": "34204",
            "nom_standard": "Plaissan",
            "slug_ville": "plaissan",
            "code_postal": "34230",
            "population": 1545,
            "superficie_km2": "6.00",
            "latitude_centre": "43.5589981",
            "longitude_centre": "3.5300000"
        },
        {
            "id": 3133,
            "code_insee": "34207",
            "nom_standard": "Pomérols",
            "slug_ville": "pomerols",
            "code_postal": "34810",
            "population": 2148,
            "superficie_km2": "11.00",
            "latitude_centre": "43.3969994",
            "longitude_centre": "3.5150001"
        },
        {
            "id": 3134,
            "code_insee": "34209",
            "nom_standard": "Portiragnes",
            "slug_ville": "portiragnes",
            "code_postal": "34420",
            "population": 3247,
            "superficie_km2": "20.00",
            "latitude_centre": "43.3019981",
            "longitude_centre": "3.3480001"
        },
        {
            "id": 3135,
            "code_insee": "34210",
            "nom_standard": "Le Pouget",
            "slug_ville": "le-pouget",
            "code_postal": "34230",
            "population": 2099,
            "superficie_km2": "14.00",
            "latitude_centre": "43.5919991",
            "longitude_centre": "3.5170000"
        },
        {
            "id": 3136,
            "code_insee": "34213",
            "nom_standard": "Poussan",
            "slug_ville": "poussan",
            "code_postal": "34560",
            "population": 6283,
            "superficie_km2": "30.00",
            "latitude_centre": "43.4939995",
            "longitude_centre": "3.6610000"
        },
        {
            "id": 3137,
            "code_insee": "34214",
            "nom_standard": "Pouzolles",
            "slug_ville": "pouzolles",
            "code_postal": "34480",
            "population": 1190,
            "superficie_km2": "10.00",
            "latitude_centre": "43.4790001",
            "longitude_centre": "3.2730000"
        },
        {
            "id": 3138,
            "code_insee": "34217",
            "nom_standard": "Prades-le-Lez",
            "slug_ville": "prades-le-lez",
            "code_postal": "34730",
            "population": 6107,
            "superficie_km2": "9.00",
            "latitude_centre": "43.7070007",
            "longitude_centre": "3.8650000"
        },
        {
            "id": 3139,
            "code_insee": "34223",
            "nom_standard": "Puimisson",
            "slug_ville": "puimisson",
            "code_postal": "34480",
            "population": 1196,
            "superficie_km2": "6.00",
            "latitude_centre": "43.4379997",
            "longitude_centre": "3.2079999"
        },
        {
            "id": 3140,
            "code_insee": "34224",
            "nom_standard": "Puissalicon",
            "slug_ville": "puissalicon",
            "code_postal": "34480",
            "population": 1350,
            "superficie_km2": "13.00",
            "latitude_centre": "43.4539986",
            "longitude_centre": "3.2379999"
        },
        {
            "id": 3141,
            "code_insee": "34225",
            "nom_standard": "Puisserguier",
            "slug_ville": "puisserguier",
            "code_postal": "34620",
            "population": 3020,
            "superficie_km2": "28.00",
            "latitude_centre": "43.3769989",
            "longitude_centre": "3.0460000"
        },
        {
            "id": 3142,
            "code_insee": "34226",
            "nom_standard": "Quarante",
            "slug_ville": "quarante",
            "code_postal": "34310",
            "population": 1791,
            "superficie_km2": "30.00",
            "latitude_centre": "43.3510017",
            "longitude_centre": "2.9809999"
        },
        {
            "id": 3143,
            "code_insee": "34227",
            "nom_standard": "Restinclières",
            "slug_ville": "restinclieres",
            "code_postal": "34160",
            "population": 2302,
            "superficie_km2": "6.00",
            "latitude_centre": "43.7239990",
            "longitude_centre": "4.0409999"
        },
        {
            "id": 3144,
            "code_insee": "34237",
            "nom_standard": "Roujan",
            "slug_ville": "roujan",
            "code_postal": "34320",
            "population": 2260,
            "superficie_km2": "17.00",
            "latitude_centre": "43.5110016",
            "longitude_centre": "3.3090000"
        },
        {
            "id": 3145,
            "code_insee": "34239",
            "nom_standard": "Saint-André-de-Sangonis",
            "slug_ville": "saint-andre-de-sangonis",
            "code_postal": "34725",
            "population": 6344,
            "superficie_km2": "20.00",
            "latitude_centre": "43.6500015",
            "longitude_centre": "3.5030000"
        },
        {
            "id": 3146,
            "code_insee": "34240",
            "nom_standard": "Saint-Aunès",
            "slug_ville": "saint-aunes",
            "code_postal": "34130",
            "population": 4136,
            "superficie_km2": "13.00",
            "latitude_centre": "43.6349983",
            "longitude_centre": "3.9660001"
        },
        {
            "id": 3147,
            "code_insee": "34242",
            "nom_standard": "Saint-Bauzille-de-Montmel",
            "slug_ville": "saint-bauzille-de-montmel",
            "code_postal": "34160",
            "population": 1178,
            "superficie_km2": "21.00",
            "latitude_centre": "43.7760010",
            "longitude_centre": "3.9500000"
        },
        {
            "id": 3148,
            "code_insee": "34243",
            "nom_standard": "Saint-Bauzille-de-Putois",
            "slug_ville": "saint-bauzille-de-putois",
            "code_postal": "34190",
            "population": 1911,
            "superficie_km2": "18.00",
            "latitude_centre": "43.9010010",
            "longitude_centre": "3.7590001"
        },
        {
            "id": 3149,
            "code_insee": "34244",
            "nom_standard": "Saint-Brès",
            "slug_ville": "saint-bres",
            "code_postal": "34670",
            "population": 3378,
            "superficie_km2": "5.00",
            "latitude_centre": "43.6669998",
            "longitude_centre": "4.0380001"
        },
        {
            "id": 3150,
            "code_insee": "34245",
            "nom_standard": "Saint-Chinian",
            "slug_ville": "saint-chinian",
            "code_postal": "34360",
            "population": 1740,
            "superficie_km2": "23.00",
            "latitude_centre": "43.4210014",
            "longitude_centre": "2.9310000"
        },
        {
            "id": 3151,
            "code_insee": "34246",
            "nom_standard": "Entre-Vignes",
            "slug_ville": "entre-vignes",
            "code_postal": "34400",
            "population": 2160,
            "superficie_km2": "11.00",
            "latitude_centre": "43.7239990",
            "longitude_centre": "4.0720000"
        },
        {
            "id": 3152,
            "code_insee": "34247",
            "nom_standard": "Saint-Clément-de-Rivière",
            "slug_ville": "saint-clement-de-riviere",
            "code_postal": "34980",
            "population": 5058,
            "superficie_km2": "13.00",
            "latitude_centre": "43.6860008",
            "longitude_centre": "3.8429999"
        },
        {
            "id": 3153,
            "code_insee": "34249",
            "nom_standard": "Saint-Drézéry",
            "slug_ville": "saint-drezery",
            "code_postal": "34160",
            "population": 2882,
            "superficie_km2": "10.00",
            "latitude_centre": "43.7280006",
            "longitude_centre": "3.9779999"
        },
        {
            "id": 3154,
            "code_insee": "34254",
            "nom_standard": "Saint-Félix-de-Lodez",
            "slug_ville": "saint-felix-de-lodez",
            "code_postal": "34725",
            "population": 1149,
            "superficie_km2": "4.00",
            "latitude_centre": "43.6609993",
            "longitude_centre": "3.4690001"
        },
        {
            "id": 3155,
            "code_insee": "34255",
            "nom_standard": "Saint-Gély-du-Fesc",
            "slug_ville": "saint-gely-du-fesc",
            "code_postal": "34980",
            "population": 10537,
            "superficie_km2": "17.00",
            "latitude_centre": "43.6899986",
            "longitude_centre": "3.8099999"
        },
        {
            "id": 3156,
            "code_insee": "34256",
            "nom_standard": "Saint-Geniès-des-Mourgues",
            "slug_ville": "saint-genies-des-mourgues",
            "code_postal": "34160",
            "population": 2077,
            "superficie_km2": "11.00",
            "latitude_centre": "43.6969986",
            "longitude_centre": "4.0380001"
        },
        {
            "id": 3157,
            "code_insee": "34258",
            "nom_standard": "Saint-Geniès-de-Fontedit",
            "slug_ville": "saint-genies-de-fontedit",
            "code_postal": "34480",
            "population": 1682,
            "superficie_km2": "9.00",
            "latitude_centre": "43.4690018",
            "longitude_centre": "3.1750000"
        },
        {
            "id": 3158,
            "code_insee": "34259",
            "nom_standard": "Saint-Georges-d'Orques",
            "slug_ville": "saint-georges-d-orques",
            "code_postal": "34680",
            "population": 5600,
            "superficie_km2": "9.00",
            "latitude_centre": "43.6170006",
            "longitude_centre": "3.7739999"
        },
        {
            "id": 3159,
            "code_insee": "34267",
            "nom_standard": "Saint-Jean-de-Fos",
            "slug_ville": "saint-jean-de-fos",
            "code_postal": "34150",
            "population": 1741,
            "superficie_km2": "14.00",
            "latitude_centre": "43.6940002",
            "longitude_centre": "3.5460000"
        },
        {
            "id": 3160,
            "code_insee": "34270",
            "nom_standard": "Saint-Jean-de-Védas",
            "slug_ville": "saint-jean-de-vedas",
            "code_postal": "34430",
            "population": 12570,
            "superficie_km2": "13.00",
            "latitude_centre": "43.5719986",
            "longitude_centre": "3.8320000"
        },
        {
            "id": 3161,
            "code_insee": "34272",
            "nom_standard": "Saint-Just",
            "slug_ville": "saint-just",
            "code_postal": "34400",
            "population": 3282,
            "superficie_km2": "6.00",
            "latitude_centre": "43.6559982",
            "longitude_centre": "4.1120000"
        },
        {
            "id": 3162,
            "code_insee": "34274",
            "nom_standard": "Saint-Martin-de-Londres",
            "slug_ville": "saint-martin-de-londres",
            "code_postal": "34380",
            "population": 2759,
            "superficie_km2": "39.00",
            "latitude_centre": "43.7929993",
            "longitude_centre": "3.7079999"
        },
        {
            "id": 3163,
            "code_insee": "34276",
            "nom_standard": "Saint-Mathieu-de-Tréviers",
            "slug_ville": "saint-mathieu-de-treviers",
            "code_postal": "34270",
            "population": 4896,
            "superficie_km2": "22.00",
            "latitude_centre": "43.7690010",
            "longitude_centre": "3.8699999"
        },
        {
            "id": 3164,
            "code_insee": "34281",
            "nom_standard": "Saint-Pargoire",
            "slug_ville": "saint-pargoire",
            "code_postal": "34230",
            "population": 2378,
            "superficie_km2": "24.00",
            "latitude_centre": "43.5309982",
            "longitude_centre": "3.5439999"
        },
        {
            "id": 3165,
            "code_insee": "34282",
            "nom_standard": "Saint-Paul-et-Valmalle",
            "slug_ville": "saint-paul-et-valmalle",
            "code_postal": "34570",
            "population": 1342,
            "superficie_km2": "13.00",
            "latitude_centre": "43.6150017",
            "longitude_centre": "3.6789999"
        },
        {
            "id": 3166,
            "code_insee": "34284",
            "nom_standard": "Saint-Pons-de-Thomières",
            "slug_ville": "saint-pons-de-thomieres",
            "code_postal": "34220",
            "population": 1735,
            "superficie_km2": "41.00",
            "latitude_centre": "43.4790001",
            "longitude_centre": "2.7479999"
        },
        {
            "id": 3167,
            "code_insee": "34289",
            "nom_standard": "Saint-Thibéry",
            "slug_ville": "saint-thibery",
            "code_postal": "34630",
            "population": 2963,
            "superficie_km2": "19.00",
            "latitude_centre": "43.3930016",
            "longitude_centre": "3.4010000"
        },
        {
            "id": 3168,
            "code_insee": "34293",
            "nom_standard": "La Salvetat-sur-Agout",
            "slug_ville": "la-salvetat-sur-agout",
            "code_postal": "34330",
            "population": 1121,
            "superficie_km2": "90.00",
            "latitude_centre": "43.6020012",
            "longitude_centre": "2.6870000"
        },
        {
            "id": 3169,
            "code_insee": "34294",
            "nom_standard": "Saturargues",
            "slug_ville": "saturargues",
            "code_postal": "34400",
            "population": 1018,
            "superficie_km2": "6.00",
            "latitude_centre": "43.7140007",
            "longitude_centre": "4.1170001"
        },
        {
            "id": 3170,
            "code_insee": "34295",
            "nom_standard": "Saussan",
            "slug_ville": "saussan",
            "code_postal": "34570",
            "population": 1783,
            "superficie_km2": "4.00",
            "latitude_centre": "43.5690002",
            "longitude_centre": "3.7809999"
        },
        {
            "id": 3171,
            "code_insee": "34298",
            "nom_standard": "Sauvian",
            "slug_ville": "sauvian",
            "code_postal": "34410",
            "population": 5459,
            "superficie_km2": "13.00",
            "latitude_centre": "43.2910004",
            "longitude_centre": "3.2539999"
        },
        {
            "id": 3172,
            "code_insee": "34299",
            "nom_standard": "Sérignan",
            "slug_ville": "serignan",
            "code_postal": "34410",
            "population": 8123,
            "superficie_km2": "27.00",
            "latitude_centre": "43.2729988",
            "longitude_centre": "3.2969999"
        },
        {
            "id": 3173,
            "code_insee": "34300",
            "nom_standard": "Servian",
            "slug_ville": "servian",
            "code_postal": "34290",
            "population": 5337,
            "superficie_km2": "41.00",
            "latitude_centre": "43.4140015",
            "longitude_centre": "3.3060000"
        },
        {
            "id": 3174,
            "code_insee": "34301",
            "nom_standard": "Sète",
            "slug_ville": "sete",
            "code_postal": "34200",
            "population": 44712,
            "superficie_km2": "42.00",
            "latitude_centre": "43.3919983",
            "longitude_centre": "3.6470001"
        },
        {
            "id": 3175,
            "code_insee": "34307",
            "nom_standard": "Sussargues",
            "slug_ville": "sussargues",
            "code_postal": "34160",
            "population": 2824,
            "superficie_km2": "6.00",
            "latitude_centre": "43.7089996",
            "longitude_centre": "3.9940000"
        },
        {
            "id": 3176,
            "code_insee": "34309",
            "nom_standard": "Teyran",
            "slug_ville": "teyran",
            "code_postal": "34820",
            "population": 4685,
            "superficie_km2": "10.00",
            "latitude_centre": "43.6850014",
            "longitude_centre": "3.9280000"
        },
        {
            "id": 3177,
            "code_insee": "34310",
            "nom_standard": "Thézan-lès-Béziers",
            "slug_ville": "thezan-les-beziers",
            "code_postal": "34490",
            "population": 3062,
            "superficie_km2": "14.00",
            "latitude_centre": "43.4129982",
            "longitude_centre": "3.1580000"
        },
        {
            "id": 3178,
            "code_insee": "34311",
            "nom_standard": "Tourbes",
            "slug_ville": "tourbes",
            "code_postal": "34120",
            "population": 1829,
            "superficie_km2": "16.00",
            "latitude_centre": "43.4430008",
            "longitude_centre": "3.3729999"
        },
        {
            "id": 3179,
            "code_insee": "34312",
            "nom_standard": "La Tour-sur-Orb",
            "slug_ville": "la-tour-sur-orb",
            "code_postal": "34260",
            "population": 1324,
            "superficie_km2": "31.00",
            "latitude_centre": "43.6559982",
            "longitude_centre": "3.1510000"
        },
        {
            "id": 3180,
            "code_insee": "34320",
            "nom_standard": "Vailhauquès",
            "slug_ville": "vailhauques",
            "code_postal": "34570",
            "population": 2647,
            "superficie_km2": "16.00",
            "latitude_centre": "43.6640015",
            "longitude_centre": "3.7279999"
        },
        {
            "id": 3181,
            "code_insee": "34321",
            "nom_standard": "Valergues",
            "slug_ville": "valergues",
            "code_postal": "34130",
            "population": 2107,
            "superficie_km2": "5.00",
            "latitude_centre": "43.6720009",
            "longitude_centre": "4.0590000"
        },
        {
            "id": 3182,
            "code_insee": "34324",
            "nom_standard": "Valras-Plage",
            "slug_ville": "valras-plage",
            "code_postal": "34350",
            "population": 4167,
            "superficie_km2": "3.00",
            "latitude_centre": "43.2480011",
            "longitude_centre": "3.2890000"
        },
        {
            "id": 3183,
            "code_insee": "34325",
            "nom_standard": "Valros",
            "slug_ville": "valros",
            "code_postal": "34290",
            "population": 1645,
            "superficie_km2": "7.00",
            "latitude_centre": "43.4189987",
            "longitude_centre": "3.3610001"
        },
        {
            "id": 3184,
            "code_insee": "34327",
            "nom_standard": "Vendargues",
            "slug_ville": "vendargues",
            "code_postal": "34740",
            "population": 7044,
            "superficie_km2": "9.00",
            "latitude_centre": "43.6609993",
            "longitude_centre": "3.9630001"
        },
        {
            "id": 3185,
            "code_insee": "34328",
            "nom_standard": "Vendémian",
            "slug_ville": "vendemian",
            "code_postal": "34230",
            "population": 1151,
            "superficie_km2": "17.00",
            "latitude_centre": "43.5789986",
            "longitude_centre": "3.5620000"
        },
        {
            "id": 3186,
            "code_insee": "34329",
            "nom_standard": "Vendres",
            "slug_ville": "vendres",
            "code_postal": "34350",
            "population": 2736,
            "superficie_km2": "38.00",
            "latitude_centre": "43.2579994",
            "longitude_centre": "3.2270000"
        },
        {
            "id": 3187,
            "code_insee": "34332",
            "nom_standard": "Vias",
            "slug_ville": "vias",
            "code_postal": "34450",
            "population": 5882,
            "superficie_km2": "33.00",
            "latitude_centre": "43.3129997",
            "longitude_centre": "3.3989999"
        },
        {
            "id": 3188,
            "code_insee": "34333",
            "nom_standard": "Vic-la-Gardiole",
            "slug_ville": "vic-la-gardiole",
            "code_postal": "34110",
            "population": 3416,
            "superficie_km2": "31.00",
            "latitude_centre": "43.4860001",
            "longitude_centre": "3.8030000"
        },
        {
            "id": 3189,
            "code_insee": "34336",
            "nom_standard": "Villeneuve-lès-Béziers",
            "slug_ville": "villeneuve-les-beziers",
            "code_postal": "34500",
            "population": 4098,
            "superficie_km2": "17.00",
            "latitude_centre": "43.3170013",
            "longitude_centre": "3.2900000"
        },
        {
            "id": 3190,
            "code_insee": "34337",
            "nom_standard": "Villeneuve-lès-Maguelone",
            "slug_ville": "villeneuve-les-maguelone",
            "code_postal": "34750",
            "population": 10405,
            "superficie_km2": "31.00",
            "latitude_centre": "43.5250015",
            "longitude_centre": "3.8580000"
        },
        {
            "id": 3191,
            "code_insee": "34340",
            "nom_standard": "Villetelle",
            "slug_ville": "villetelle",
            "code_postal": "34400",
            "population": 1628,
            "superficie_km2": "6.00",
            "latitude_centre": "43.7239990",
            "longitude_centre": "4.1370001"
        },
        {
            "id": 3192,
            "code_insee": "34341",
            "nom_standard": "Villeveyrac",
            "slug_ville": "villeveyrac",
            "code_postal": "34560",
            "population": 3934,
            "superficie_km2": "37.00",
            "latitude_centre": "43.5000000",
            "longitude_centre": "3.5940001"
        },
        {
            "id": 3193,
            "code_insee": "34343",
            "nom_standard": "Viols-le-Fort",
            "slug_ville": "viols-le-fort",
            "code_postal": "34380",
            "population": 1226,
            "superficie_km2": "17.00",
            "latitude_centre": "43.7369995",
            "longitude_centre": "3.6919999"
        },
        {
            "id": 3194,
            "code_insee": "34344",
            "nom_standard": "La Grande-Motte",
            "slug_ville": "la-grande-motte",
            "code_postal": "34280",
            "population": 8573,
            "superficie_km2": "14.00",
            "latitude_centre": "43.5680008",
            "longitude_centre": "4.0760002"
        }
    ]
}