{
    "departement": {
        "code": "35",
        "nom": "Ille-et-Vilaine",
        "slug": "ille-et-vilaine"
    },
    "region": {
        "id": 4,
        "code": "03",
        "nom": "Bretagne",
        "slug": "bretagne"
    },
    "voisins": [
        {
            "dep_code": "22",
            "dep_nom": "Côtes-d'Armor",
            "dep_slug": "cotes-d-armor"
        },
        {
            "dep_code": "29",
            "dep_nom": "Finistère",
            "dep_slug": "finistere"
        },
        {
            "dep_code": "56",
            "dep_nom": "Morbihan",
            "dep_slug": "morbihan"
        }
    ],
    "villes_count": 224,
    "villes": [
        {
            "id": 3195,
            "code_insee": "35001",
            "nom_standard": "Acigné",
            "slug_ville": "acigne",
            "code_postal": "35690",
            "population": 6888,
            "superficie_km2": "30.00",
            "latitude_centre": "48.1459999",
            "longitude_centre": "-1.5190001"
        },
        {
            "id": 3196,
            "code_insee": "35002",
            "nom_standard": "Amanlis",
            "slug_ville": "amanlis",
            "code_postal": "35150",
            "population": 1762,
            "superficie_km2": "26.00",
            "latitude_centre": "48.0000000",
            "longitude_centre": "-1.4960001"
        },
        {
            "id": 3197,
            "code_insee": "35004",
            "nom_standard": "Val-Couesnon",
            "slug_ville": "val-couesnon",
            "code_postal": "35460",
            "population": 4102,
            "superficie_km2": "9.00",
            "latitude_centre": "48.4620018",
            "longitude_centre": "-1.4790000"
        },
        {
            "id": 3198,
            "code_insee": "35006",
            "nom_standard": "Argentré-du-Plessis",
            "slug_ville": "argentre-du-plessis",
            "code_postal": "35370",
            "population": 4549,
            "superficie_km2": "41.00",
            "latitude_centre": "48.0480003",
            "longitude_centre": "-1.1380000"
        },
        {
            "id": 3199,
            "code_insee": "35009",
            "nom_standard": "Baguer-Morvan",
            "slug_ville": "baguer-morvan",
            "code_postal": "35120",
            "population": 1698,
            "superficie_km2": "24.00",
            "latitude_centre": "48.5050011",
            "longitude_centre": "-1.7720000"
        },
        {
            "id": 3200,
            "code_insee": "35010",
            "nom_standard": "Baguer-Pican",
            "slug_ville": "baguer-pican",
            "code_postal": "35120",
            "population": 1771,
            "superficie_km2": "16.00",
            "latitude_centre": "48.5499992",
            "longitude_centre": "-1.6910000"
        },
        {
            "id": 3201,
            "code_insee": "35012",
            "nom_standard": "Bain-de-Bretagne",
            "slug_ville": "bain-de-bretagne",
            "code_postal": "35470",
            "population": 7570,
            "superficie_km2": "66.00",
            "latitude_centre": "47.8300018",
            "longitude_centre": "-1.6760000"
        },
        {
            "id": 3202,
            "code_insee": "35013",
            "nom_standard": "Bains-sur-Oust",
            "slug_ville": "bains-sur-oust",
            "code_postal": "35600",
            "population": 3502,
            "superficie_km2": "45.00",
            "latitude_centre": "47.7120018",
            "longitude_centre": "-2.0750000"
        },
        {
            "id": 3203,
            "code_insee": "35014",
            "nom_standard": "Bais",
            "slug_ville": "bais",
            "code_postal": "35680",
            "population": 2488,
            "superficie_km2": "35.00",
            "latitude_centre": "48.0110016",
            "longitude_centre": "-1.3060000"
        },
        {
            "id": 3204,
            "code_insee": "35015",
            "nom_standard": "Balazé",
            "slug_ville": "balaze",
            "code_postal": "35500",
            "population": 2199,
            "superficie_km2": "36.00",
            "latitude_centre": "48.1780014",
            "longitude_centre": "-1.1830000"
        },
        {
            "id": 3205,
            "code_insee": "35016",
            "nom_standard": "Baulon",
            "slug_ville": "baulon",
            "code_postal": "35580",
            "population": 2197,
            "superficie_km2": "25.00",
            "latitude_centre": "47.9949989",
            "longitude_centre": "-1.9280000"
        },
        {
            "id": 3206,
            "code_insee": "35018",
            "nom_standard": "La Bazouge-du-Désert",
            "slug_ville": "la-bazouge-du-desert",
            "code_postal": "35420",
            "population": 1065,
            "superficie_km2": "25.00",
            "latitude_centre": "48.4440002",
            "longitude_centre": "-1.1100000"
        },
        {
            "id": 3207,
            "code_insee": "35019",
            "nom_standard": "Bazouges-la-Pérouse",
            "slug_ville": "bazouges-la-perouse",
            "code_postal": "35560",
            "population": 1863,
            "superficie_km2": "58.00",
            "latitude_centre": "48.4410019",
            "longitude_centre": "-1.5640000"
        },
        {
            "id": 3208,
            "code_insee": "35021",
            "nom_standard": "Beaucé",
            "slug_ville": "beauce",
            "code_postal": "35133",
            "population": 1322,
            "superficie_km2": "8.00",
            "latitude_centre": "48.3470001",
            "longitude_centre": "-1.1560000"
        },
        {
            "id": 3209,
            "code_insee": "35023",
            "nom_standard": "Bédée",
            "slug_ville": "bedee",
            "code_postal": "35137",
            "population": 4509,
            "superficie_km2": "39.00",
            "latitude_centre": "48.1870003",
            "longitude_centre": "-1.9500000"
        },
        {
            "id": 3210,
            "code_insee": "35024",
            "nom_standard": "Betton",
            "slug_ville": "betton",
            "code_postal": "35830",
            "population": 12695,
            "superficie_km2": "27.00",
            "latitude_centre": "48.1809998",
            "longitude_centre": "-1.6460000"
        },
        {
            "id": 3211,
            "code_insee": "35025",
            "nom_standard": "Billé",
            "slug_ville": "bille",
            "code_postal": "35133",
            "population": 1067,
            "superficie_km2": "17.00",
            "latitude_centre": "48.2939987",
            "longitude_centre": "-1.2520000"
        },
        {
            "id": 3212,
            "code_insee": "35027",
            "nom_standard": "Boisgervilly",
            "slug_ville": "boisgervilly",
            "code_postal": "35360",
            "population": 1756,
            "superficie_km2": "20.00",
            "latitude_centre": "48.1660004",
            "longitude_centre": "-2.0840001"
        },
        {
            "id": 3213,
            "code_insee": "35029",
            "nom_standard": "Bonnemain",
            "slug_ville": "bonnemain",
            "code_postal": "35270",
            "population": 1527,
            "superficie_km2": "24.00",
            "latitude_centre": "48.4710007",
            "longitude_centre": "-1.7610000"
        },
        {
            "id": 3214,
            "code_insee": "35031",
            "nom_standard": "La Bouëxière",
            "slug_ville": "la-bouexiere",
            "code_postal": "35340",
            "population": 4563,
            "superficie_km2": "50.00",
            "latitude_centre": "48.1739998",
            "longitude_centre": "-1.4360000"
        },
        {
            "id": 3215,
            "code_insee": "35032",
            "nom_standard": "Bourgbarré",
            "slug_ville": "bourgbarre",
            "code_postal": "35230",
            "population": 4580,
            "superficie_km2": "15.00",
            "latitude_centre": "47.9889984",
            "longitude_centre": "-1.6220000"
        },
        {
            "id": 3216,
            "code_insee": "35033",
            "nom_standard": "Bourg-des-Comptes",
            "slug_ville": "bourg-des-comptes",
            "code_postal": "35890",
            "population": 3358,
            "superficie_km2": "23.00",
            "latitude_centre": "47.9210014",
            "longitude_centre": "-1.7220000"
        },
        {
            "id": 3217,
            "code_insee": "35034",
            "nom_standard": "La Boussac",
            "slug_ville": "la-boussac",
            "code_postal": "35120",
            "population": 1228,
            "superficie_km2": "22.00",
            "latitude_centre": "48.5169983",
            "longitude_centre": "-1.6490000"
        },
        {
            "id": 3218,
            "code_insee": "35037",
            "nom_standard": "Bréal-sous-Montfort",
            "slug_ville": "breal-sous-montfort",
            "code_postal": "35310",
            "population": 6469,
            "superficie_km2": "34.00",
            "latitude_centre": "48.0449982",
            "longitude_centre": "-1.8660001"
        },
        {
            "id": 3219,
            "code_insee": "35039",
            "nom_standard": "Brécé",
            "slug_ville": "brece",
            "code_postal": "35530",
            "population": 2147,
            "superficie_km2": "7.00",
            "latitude_centre": "48.1110001",
            "longitude_centre": "-1.4900000"
        },
        {
            "id": 3220,
            "code_insee": "35040",
            "nom_standard": "Breteil",
            "slug_ville": "breteil",
            "code_postal": "35160",
            "population": 3670,
            "superficie_km2": "15.00",
            "latitude_centre": "48.1380005",
            "longitude_centre": "-1.9100000"
        },
        {
            "id": 3221,
            "code_insee": "35041",
            "nom_standard": "Brie",
            "slug_ville": "brie",
            "code_postal": "35150",
            "population": 1010,
            "superficie_km2": "14.00",
            "latitude_centre": "47.9510002",
            "longitude_centre": "-1.5510000"
        },
        {
            "id": 3222,
            "code_insee": "35047",
            "nom_standard": "Bruz",
            "slug_ville": "bruz",
            "code_postal": "35170",
            "population": 19651,
            "superficie_km2": "30.00",
            "latitude_centre": "48.0260010",
            "longitude_centre": "-1.7480000"
        },
        {
            "id": 3223,
            "code_insee": "35049",
            "nom_standard": "Cancale",
            "slug_ville": "cancale",
            "code_postal": "35260",
            "population": 5435,
            "superficie_km2": "13.00",
            "latitude_centre": "48.6839981",
            "longitude_centre": "-1.8650000"
        },
        {
            "id": 3224,
            "code_insee": "35051",
            "nom_standard": "Cesson-Sévigné",
            "slug_ville": "cesson-sevigne",
            "code_postal": "35510",
            "population": 17716,
            "superficie_km2": "32.00",
            "latitude_centre": "48.1199989",
            "longitude_centre": "-1.5970000"
        },
        {
            "id": 3225,
            "code_insee": "35054",
            "nom_standard": "Chanteloup",
            "slug_ville": "chanteloup",
            "code_postal": "35150",
            "population": 1851,
            "superficie_km2": "18.00",
            "latitude_centre": "47.9539986",
            "longitude_centre": "-1.6250000"
        },
        {
            "id": 3226,
            "code_insee": "35055",
            "nom_standard": "Chantepie",
            "slug_ville": "chantepie",
            "code_postal": "35135",
            "population": 10232,
            "superficie_km2": "12.00",
            "latitude_centre": "48.0820007",
            "longitude_centre": "-1.6040000"
        },
        {
            "id": 3227,
            "code_insee": "35057",
            "nom_standard": "La Chapelle-Bouëxic",
            "slug_ville": "la-chapelle-bouexic",
            "code_postal": "35330",
            "population": 1517,
            "superficie_km2": "21.00",
            "latitude_centre": "47.9370003",
            "longitude_centre": "-1.9230000"
        },
        {
            "id": 3228,
            "code_insee": "35058",
            "nom_standard": "La Chapelle-Chaussée",
            "slug_ville": "la-chapelle-chaussee",
            "code_postal": "35630",
            "population": 1300,
            "superficie_km2": "15.00",
            "latitude_centre": "48.2659988",
            "longitude_centre": "-1.8640000"
        },
        {
            "id": 3229,
            "code_insee": "35059",
            "nom_standard": "La Chapelle-des-Fougeretz",
            "slug_ville": "la-chapelle-des-fougeretz",
            "code_postal": "35520",
            "population": 4604,
            "superficie_km2": "9.00",
            "latitude_centre": "48.1769981",
            "longitude_centre": "-1.7410001"
        },
        {
            "id": 3230,
            "code_insee": "35060",
            "nom_standard": "La Chapelle du Lou du Lac",
            "slug_ville": "la-chapelle-du-lou-du-lac",
            "code_postal": "35360",
            "population": 1025,
            "superficie_km2": "7.00",
            "latitude_centre": "48.2220001",
            "longitude_centre": "-1.9930000"
        },
        {
            "id": 3231,
            "code_insee": "35062",
            "nom_standard": "La Chapelle-Fleurigné",
            "slug_ville": "la-chapelle-fleurigne",
            "code_postal": "35133",
            "population": 1492,
            "superficie_km2": "27.00",
            "latitude_centre": "48.3349991",
            "longitude_centre": "-1.0850000"
        },
        {
            "id": 3232,
            "code_insee": "35064",
            "nom_standard": "La Chapelle-de-Brain",
            "slug_ville": "la-chapelle-de-brain",
            "code_postal": "35660",
            "population": 1065,
            "superficie_km2": "18.00",
            "latitude_centre": "47.6969986",
            "longitude_centre": "-1.9340000"
        },
        {
            "id": 3233,
            "code_insee": "35065",
            "nom_standard": "La Chapelle-Thouarault",
            "slug_ville": "la-chapelle-thouarault",
            "code_postal": "35590",
            "population": 2252,
            "superficie_km2": "8.00",
            "latitude_centre": "48.1250000",
            "longitude_centre": "-1.8580000"
        },
        {
            "id": 3234,
            "code_insee": "35066",
            "nom_standard": "Chartres-de-Bretagne",
            "slug_ville": "chartres-de-bretagne",
            "code_postal": "35131",
            "population": 8237,
            "superficie_km2": "10.00",
            "latitude_centre": "48.0449982",
            "longitude_centre": "-1.7060000"
        },
        {
            "id": 3235,
            "code_insee": "35067",
            "nom_standard": "Chasné-sur-Illet",
            "slug_ville": "chasne-sur-illet",
            "code_postal": "35250",
            "population": 1649,
            "superficie_km2": "10.00",
            "latitude_centre": "48.2350006",
            "longitude_centre": "-1.5720000"
        },
        {
            "id": 3236,
            "code_insee": "35068",
            "nom_standard": "Châteaubourg",
            "slug_ville": "chateaubourg",
            "code_postal": "35220",
            "population": 7512,
            "superficie_km2": "29.00",
            "latitude_centre": "48.1199989",
            "longitude_centre": "-1.4040000"
        },
        {
            "id": 3237,
            "code_insee": "35069",
            "nom_standard": "Châteaugiron",
            "slug_ville": "chateaugiron",
            "code_postal": "35410",
            "population": 10518,
            "superficie_km2": "8.00",
            "latitude_centre": "48.0439987",
            "longitude_centre": "-1.5000000"
        },
        {
            "id": 3238,
            "code_insee": "35070",
            "nom_standard": "Châteauneuf-d'Ille-et-Vilaine",
            "slug_ville": "chateauneuf-d-ille-et-vilaine",
            "code_postal": "35430",
            "population": 1693,
            "superficie_km2": "1.00",
            "latitude_centre": "48.5579987",
            "longitude_centre": "-1.9290000"
        },
        {
            "id": 3239,
            "code_insee": "35072",
            "nom_standard": "Châtillon-en-Vendelais",
            "slug_ville": "chatillon-en-vendelais",
            "code_postal": "35210",
            "population": 1701,
            "superficie_km2": "32.00",
            "latitude_centre": "48.2290001",
            "longitude_centre": "-1.1660000"
        },
        {
            "id": 3240,
            "code_insee": "35076",
            "nom_standard": "Chavagne",
            "slug_ville": "chavagne",
            "code_postal": "35310",
            "population": 4415,
            "superficie_km2": "12.00",
            "latitude_centre": "48.0559998",
            "longitude_centre": "-1.7860000"
        },
        {
            "id": 3241,
            "code_insee": "35078",
            "nom_standard": "Cherrueix",
            "slug_ville": "cherrueix",
            "code_postal": "35120",
            "population": 1103,
            "superficie_km2": "13.00",
            "latitude_centre": "48.5950012",
            "longitude_centre": "-1.7150000"
        },
        {
            "id": 3242,
            "code_insee": "35079",
            "nom_standard": "Chevaigné",
            "slug_ville": "chevaigne",
            "code_postal": "35250",
            "population": 2365,
            "superficie_km2": "10.00",
            "latitude_centre": "48.2249985",
            "longitude_centre": "-1.6370000"
        },
        {
            "id": 3243,
            "code_insee": "35080",
            "nom_standard": "Cintré",
            "slug_ville": "cintre",
            "code_postal": "35310",
            "population": 2533,
            "superficie_km2": "8.00",
            "latitude_centre": "48.1090012",
            "longitude_centre": "-1.8870000"
        },
        {
            "id": 3244,
            "code_insee": "35082",
            "nom_standard": "Coësmes",
            "slug_ville": "coesmes",
            "code_postal": "35134",
            "population": 1443,
            "superficie_km2": "24.00",
            "latitude_centre": "47.8720017",
            "longitude_centre": "-1.4160000"
        },
        {
            "id": 3245,
            "code_insee": "35085",
            "nom_standard": "Combourg",
            "slug_ville": "combourg",
            "code_postal": "35270",
            "population": 6203,
            "superficie_km2": "64.00",
            "latitude_centre": "48.4080010",
            "longitude_centre": "-1.7450000"
        },
        {
            "id": 3246,
            "code_insee": "35088",
            "nom_standard": "Corps-Nuds",
            "slug_ville": "corps-nuds",
            "code_postal": "35150",
            "population": 3543,
            "superficie_km2": "23.00",
            "latitude_centre": "47.9819984",
            "longitude_centre": "-1.5700001"
        },
        {
            "id": 3247,
            "code_insee": "35090",
            "nom_standard": "Crevin",
            "slug_ville": "crevin",
            "code_postal": "35320",
            "population": 2814,
            "superficie_km2": "8.00",
            "latitude_centre": "47.9300003",
            "longitude_centre": "-1.6569999"
        },
        {
            "id": 3248,
            "code_insee": "35093",
            "nom_standard": "Dinard",
            "slug_ville": "dinard",
            "code_postal": "35800",
            "population": 10219,
            "superficie_km2": "8.00",
            "latitude_centre": "48.6240006",
            "longitude_centre": "-2.0620000"
        },
        {
            "id": 3249,
            "code_insee": "35094",
            "nom_standard": "Dingé",
            "slug_ville": "dinge",
            "code_postal": "35440",
            "population": 1676,
            "superficie_km2": "54.00",
            "latitude_centre": "48.3470001",
            "longitude_centre": "-1.7110000"
        },
        {
            "id": 3250,
            "code_insee": "35095",
            "nom_standard": "Dol-de-Bretagne",
            "slug_ville": "dol-de-bretagne",
            "code_postal": "35120",
            "population": 5767,
            "superficie_km2": "16.00",
            "latitude_centre": "48.5359993",
            "longitude_centre": "-1.7410001"
        },
        {
            "id": 3251,
            "code_insee": "35096",
            "nom_standard": "Domagné",
            "slug_ville": "domagne",
            "code_postal": "35113",
            "population": 2431,
            "superficie_km2": "29.00",
            "latitude_centre": "48.0680008",
            "longitude_centre": "-1.4060000"
        },
        {
            "id": 3252,
            "code_insee": "35097",
            "nom_standard": "Domalain",
            "slug_ville": "domalain",
            "code_postal": "35680",
            "population": 2021,
            "superficie_km2": "34.00",
            "latitude_centre": "47.9990006",
            "longitude_centre": "-1.2390000"
        },
        {
            "id": 3253,
            "code_insee": "35098",
            "nom_standard": "La Dominelais",
            "slug_ville": "la-dominelais",
            "code_postal": "35390",
            "population": 1403,
            "superficie_km2": "33.00",
            "latitude_centre": "47.7630005",
            "longitude_centre": "-1.6730000"
        },
        {
            "id": 3254,
            "code_insee": "35099",
            "nom_standard": "Domloup",
            "slug_ville": "domloup",
            "code_postal": "35410",
            "population": 3801,
            "superficie_km2": "19.00",
            "latitude_centre": "48.0670013",
            "longitude_centre": "-1.5430000"
        },
        {
            "id": 3255,
            "code_insee": "35101",
            "nom_standard": "Dourdain",
            "slug_ville": "dourdain",
            "code_postal": "35450",
            "population": 1224,
            "superficie_km2": "14.00",
            "latitude_centre": "48.1930008",
            "longitude_centre": "-1.3789999"
        },
        {
            "id": 3256,
            "code_insee": "35104",
            "nom_standard": "Epiniac",
            "slug_ville": "epiniac",
            "code_postal": "35120",
            "population": 1417,
            "superficie_km2": "24.00",
            "latitude_centre": "48.5000000",
            "longitude_centre": "-1.7029999"
        },
        {
            "id": 3257,
            "code_insee": "35105",
            "nom_standard": "Erbrée",
            "slug_ville": "erbree",
            "code_postal": "35500",
            "population": 1723,
            "superficie_km2": "36.00",
            "latitude_centre": "48.1090012",
            "longitude_centre": "-1.1170000"
        },
        {
            "id": 3258,
            "code_insee": "35106",
            "nom_standard": "Ercé-en-Lamée",
            "slug_ville": "erce-en-lamee",
            "code_postal": "35620",
            "population": 1550,
            "superficie_km2": "39.00",
            "latitude_centre": "47.8180008",
            "longitude_centre": "-1.5829999"
        },
        {
            "id": 3259,
            "code_insee": "35107",
            "nom_standard": "Ercé-près-Liffré",
            "slug_ville": "erce-pres-liffre",
            "code_postal": "35340",
            "population": 1987,
            "superficie_km2": "16.00",
            "latitude_centre": "48.2540016",
            "longitude_centre": "-1.5170000"
        },
        {
            "id": 3260,
            "code_insee": "35108",
            "nom_standard": "Essé",
            "slug_ville": "esse",
            "code_postal": "35150",
            "population": 1036,
            "superficie_km2": "23.00",
            "latitude_centre": "47.9480019",
            "longitude_centre": "-1.4299999"
        },
        {
            "id": 3261,
            "code_insee": "35109",
            "nom_standard": "Étrelles",
            "slug_ville": "etrelles",
            "code_postal": "35370",
            "population": 2640,
            "superficie_km2": "28.00",
            "latitude_centre": "48.0699997",
            "longitude_centre": "-1.2160000"
        },
        {
            "id": 3262,
            "code_insee": "35110",
            "nom_standard": "Feins",
            "slug_ville": "feins",
            "code_postal": "35440",
            "population": 1057,
            "superficie_km2": "20.00",
            "latitude_centre": "48.3279991",
            "longitude_centre": "-1.6260000"
        },
        {
            "id": 3263,
            "code_insee": "35115",
            "nom_standard": "Fougères",
            "slug_ville": "fougeres",
            "code_postal": "35300",
            "population": 20653,
            "superficie_km2": "10.00",
            "latitude_centre": "48.3520012",
            "longitude_centre": "-1.1940000"
        },
        {
            "id": 3264,
            "code_insee": "35116",
            "nom_standard": "La Fresnais",
            "slug_ville": "la-fresnais",
            "code_postal": "35111",
            "population": 2527,
            "superficie_km2": "14.00",
            "latitude_centre": "48.5870018",
            "longitude_centre": "-1.8350000"
        },
        {
            "id": 3265,
            "code_insee": "35117",
            "nom_standard": "Gaël",
            "slug_ville": "gael",
            "code_postal": "35290",
            "population": 1619,
            "superficie_km2": "53.00",
            "latitude_centre": "48.1180000",
            "longitude_centre": "-2.2279999"
        },
        {
            "id": 3266,
            "code_insee": "35118",
            "nom_standard": "Gahard",
            "slug_ville": "gahard",
            "code_postal": "35490",
            "population": 1524,
            "superficie_km2": "25.00",
            "latitude_centre": "48.2879982",
            "longitude_centre": "-1.5280000"
        },
        {
            "id": 3267,
            "code_insee": "35120",
            "nom_standard": "Gévezé",
            "slug_ville": "geveze",
            "code_postal": "35850",
            "population": 5890,
            "superficie_km2": "28.00",
            "latitude_centre": "48.2130013",
            "longitude_centre": "-1.7990000"
        },
        {
            "id": 3268,
            "code_insee": "35121",
            "nom_standard": "Gosné",
            "slug_ville": "gosne",
            "code_postal": "35140",
            "population": 2051,
            "superficie_km2": "18.00",
            "latitude_centre": "48.2500000",
            "longitude_centre": "-1.4590000"
        },
        {
            "id": 3269,
            "code_insee": "35122",
            "nom_standard": "La Gouesnière",
            "slug_ville": "la-gouesniere",
            "code_postal": "35350",
            "population": 1966,
            "superficie_km2": "9.00",
            "latitude_centre": "48.6030006",
            "longitude_centre": "-1.8870000"
        },
        {
            "id": 3270,
            "code_insee": "35123",
            "nom_standard": "Goven",
            "slug_ville": "goven",
            "code_postal": "35580",
            "population": 4309,
            "superficie_km2": "40.00",
            "latitude_centre": "48.0089989",
            "longitude_centre": "-1.8380001"
        },
        {
            "id": 3271,
            "code_insee": "35124",
            "nom_standard": "Grand-Fougeray",
            "slug_ville": "grand-fougeray",
            "code_postal": "35390",
            "population": 2462,
            "superficie_km2": "55.00",
            "latitude_centre": "47.7340012",
            "longitude_centre": "-1.7280000"
        },
        {
            "id": 3272,
            "code_insee": "35125",
            "nom_standard": "La Guerche-de-Bretagne",
            "slug_ville": "la-guerche-de-bretagne",
            "code_postal": "35130",
            "population": 4347,
            "superficie_km2": "12.00",
            "latitude_centre": "47.9440002",
            "longitude_centre": "-1.2440000"
        },
        {
            "id": 3273,
            "code_insee": "35126",
            "nom_standard": "Guichen",
            "slug_ville": "guichen",
            "code_postal": "35580",
            "population": 8995,
            "superficie_km2": "43.00",
            "latitude_centre": "47.9650002",
            "longitude_centre": "-1.7900000"
        },
        {
            "id": 3274,
            "code_insee": "35127",
            "nom_standard": "Guignen",
            "slug_ville": "guignen",
            "code_postal": "35580",
            "population": 4081,
            "superficie_km2": "53.00",
            "latitude_centre": "47.9239998",
            "longitude_centre": "-1.8620000"
        },
        {
            "id": 3275,
            "code_insee": "35128",
            "nom_standard": "Guipel",
            "slug_ville": "guipel",
            "code_postal": "35440",
            "population": 1732,
            "superficie_km2": "25.00",
            "latitude_centre": "48.2919998",
            "longitude_centre": "-1.7240000"
        },
        {
            "id": 3276,
            "code_insee": "35130",
            "nom_standard": "Hédé-Bazouges",
            "slug_ville": "hede-bazouges",
            "code_postal": "35630",
            "population": 2278,
            "superficie_km2": "15.00",
            "latitude_centre": "48.3019981",
            "longitude_centre": "-1.7780000"
        },
        {
            "id": 3277,
            "code_insee": "35131",
            "nom_standard": "L'Hermitage",
            "slug_ville": "l-hermitage",
            "code_postal": "35590",
            "population": 4692,
            "superficie_km2": "7.00",
            "latitude_centre": "48.1220017",
            "longitude_centre": "-1.8170000"
        },
        {
            "id": 3278,
            "code_insee": "35132",
            "nom_standard": "Hirel",
            "slug_ville": "hirel",
            "code_postal": "35120",
            "population": 1386,
            "superficie_km2": "10.00",
            "latitude_centre": "48.5950012",
            "longitude_centre": "-1.8090000"
        },
        {
            "id": 3279,
            "code_insee": "35133",
            "nom_standard": "Iffendic",
            "slug_ville": "iffendic",
            "code_postal": "35750",
            "population": 4585,
            "superficie_km2": "75.00",
            "latitude_centre": "48.1139984",
            "longitude_centre": "-2.0239999"
        },
        {
            "id": 3280,
            "code_insee": "35135",
            "nom_standard": "Irodouër",
            "slug_ville": "irodouer",
            "code_postal": "35850",
            "population": 2284,
            "superficie_km2": "24.00",
            "latitude_centre": "48.2459984",
            "longitude_centre": "-1.9500000"
        },
        {
            "id": 3281,
            "code_insee": "35136",
            "nom_standard": "Janzé",
            "slug_ville": "janze",
            "code_postal": "35150",
            "population": 8570,
            "superficie_km2": "42.00",
            "latitude_centre": "47.9430008",
            "longitude_centre": "-1.5000000"
        },
        {
            "id": 3282,
            "code_insee": "35137",
            "nom_standard": "Javené",
            "slug_ville": "javene",
            "code_postal": "35133",
            "population": 2165,
            "superficie_km2": "18.00",
            "latitude_centre": "48.3170013",
            "longitude_centre": "-1.2060000"
        },
        {
            "id": 3283,
            "code_insee": "35138",
            "nom_standard": "Laignelet",
            "slug_ville": "laignelet",
            "code_postal": "35133",
            "population": 1201,
            "superficie_km2": "15.00",
            "latitude_centre": "48.3800011",
            "longitude_centre": "-1.1520000"
        },
        {
            "id": 3284,
            "code_insee": "35139",
            "nom_standard": "Laillé",
            "slug_ville": "laille",
            "code_postal": "35890",
            "population": 5131,
            "superficie_km2": "32.00",
            "latitude_centre": "47.9669991",
            "longitude_centre": "-1.7140000"
        },
        {
            "id": 3285,
            "code_insee": "35142",
            "nom_standard": "Landéan",
            "slug_ville": "landean",
            "code_postal": "35133",
            "population": 1201,
            "superficie_km2": "28.00",
            "latitude_centre": "48.4129982",
            "longitude_centre": "-1.1480000"
        },
        {
            "id": 3286,
            "code_insee": "35144",
            "nom_standard": "Langan",
            "slug_ville": "langan",
            "code_postal": "35850",
            "population": 1075,
            "superficie_km2": "8.00",
            "latitude_centre": "48.2360001",
            "longitude_centre": "-1.8460000"
        },
        {
            "id": 3287,
            "code_insee": "35145",
            "nom_standard": "Langon",
            "slug_ville": "langon",
            "code_postal": "35660",
            "population": 1361,
            "superficie_km2": "37.00",
            "latitude_centre": "47.7340012",
            "longitude_centre": "-1.8720000"
        },
        {
            "id": 3288,
            "code_insee": "35149",
            "nom_standard": "Lassy",
            "slug_ville": "lassy",
            "code_postal": "35580",
            "population": 1802,
            "superficie_km2": "10.00",
            "latitude_centre": "47.9720001",
            "longitude_centre": "-1.8640000"
        },
        {
            "id": 3289,
            "code_insee": "35150",
            "nom_standard": "Lécousse",
            "slug_ville": "lecousse",
            "code_postal": "35133",
            "population": 3322,
            "superficie_km2": "11.00",
            "latitude_centre": "48.3600006",
            "longitude_centre": "-1.2210000"
        },
        {
            "id": 3290,
            "code_insee": "35152",
            "nom_standard": "Liffré",
            "slug_ville": "liffre",
            "code_postal": "35340",
            "population": 8507,
            "superficie_km2": "67.00",
            "latitude_centre": "48.2039986",
            "longitude_centre": "-1.5140001"
        },
        {
            "id": 3291,
            "code_insee": "35154",
            "nom_standard": "Livré-sur-Changeon",
            "slug_ville": "livre-sur-changeon",
            "code_postal": "35450",
            "population": 1728,
            "superficie_km2": "27.00",
            "latitude_centre": "48.2270012",
            "longitude_centre": "-1.3490000"
        },
        {
            "id": 3292,
            "code_insee": "35161",
            "nom_standard": "Louvigné-de-Bais",
            "slug_ville": "louvigne-de-bais",
            "code_postal": "35680",
            "population": 1887,
            "superficie_km2": "16.00",
            "latitude_centre": "48.0519981",
            "longitude_centre": "-1.3390000"
        },
        {
            "id": 3293,
            "code_insee": "35162",
            "nom_standard": "Louvigné-du-Désert",
            "slug_ville": "louvigne-du-desert",
            "code_postal": "35420",
            "population": 3331,
            "superficie_km2": "42.00",
            "latitude_centre": "48.4869995",
            "longitude_centre": "-1.1240000"
        },
        {
            "id": 3294,
            "code_insee": "35163",
            "nom_standard": "Luitré-Dompierre",
            "slug_ville": "luitre-dompierre",
            "code_postal": "35133",
            "population": 1818,
            "superficie_km2": "29.00",
            "latitude_centre": "48.2929993",
            "longitude_centre": "-1.1300000"
        },
        {
            "id": 3295,
            "code_insee": "35166",
            "nom_standard": "Marpiré",
            "slug_ville": "marpire",
            "code_postal": "35220",
            "population": 1018,
            "superficie_km2": "11.00",
            "latitude_centre": "48.1469994",
            "longitude_centre": "-1.3530000"
        },
        {
            "id": 3296,
            "code_insee": "35167",
            "nom_standard": "Martigné-Ferchaud",
            "slug_ville": "martigne-ferchaud",
            "code_postal": "35640",
            "population": 2608,
            "superficie_km2": "75.00",
            "latitude_centre": "47.8279991",
            "longitude_centre": "-1.3279999"
        },
        {
            "id": 3297,
            "code_insee": "35168",
            "nom_standard": "Val d'Anast",
            "slug_ville": "val-d-anast",
            "code_postal": "35330",
            "population": 3932,
            "superficie_km2": "65.00",
            "latitude_centre": "47.8969994",
            "longitude_centre": "-1.9990000"
        },
        {
            "id": 3298,
            "code_insee": "35169",
            "nom_standard": "Maxent",
            "slug_ville": "maxent",
            "code_postal": "35380",
            "population": 1465,
            "superficie_km2": "40.00",
            "latitude_centre": "47.9790001",
            "longitude_centre": "-2.0150001"
        },
        {
            "id": 3299,
            "code_insee": "35171",
            "nom_standard": "Médréac",
            "slug_ville": "medreac",
            "code_postal": "35360",
            "population": 1837,
            "superficie_km2": "35.00",
            "latitude_centre": "48.2610016",
            "longitude_centre": "-2.0610001"
        },
        {
            "id": 3300,
            "code_insee": "35172",
            "nom_standard": "Meillac",
            "slug_ville": "meillac",
            "code_postal": "35270",
            "population": 1955,
            "superficie_km2": "33.00",
            "latitude_centre": "48.4210014",
            "longitude_centre": "-1.8220000"
        },
        {
            "id": 3301,
            "code_insee": "35173",
            "nom_standard": "Melesse",
            "slug_ville": "melesse",
            "code_postal": "35520",
            "population": 7260,
            "superficie_km2": "33.00",
            "latitude_centre": "48.2190018",
            "longitude_centre": "-1.6900001"
        },
        {
            "id": 3302,
            "code_insee": "35175",
            "nom_standard": "Mernel",
            "slug_ville": "mernel",
            "code_postal": "35330",
            "population": 1014,
            "superficie_km2": "17.00",
            "latitude_centre": "47.8979988",
            "longitude_centre": "-1.9510000"
        },
        {
            "id": 3303,
            "code_insee": "35176",
            "nom_standard": "Guipry-Messac",
            "slug_ville": "guipry-messac",
            "code_postal": "35480",
            "population": 7202,
            "superficie_km2": "42.00",
            "latitude_centre": "47.8050003",
            "longitude_centre": "-1.8000000"
        },
        {
            "id": 3304,
            "code_insee": "35177",
            "nom_standard": "La Mézière",
            "slug_ville": "la-meziere",
            "code_postal": "35520",
            "population": 4912,
            "superficie_km2": "16.00",
            "latitude_centre": "48.2130013",
            "longitude_centre": "-1.7510000"
        },
        {
            "id": 3305,
            "code_insee": "35178",
            "nom_standard": "Mézières-sur-Couesnon",
            "slug_ville": "mezieres-sur-couesnon",
            "code_postal": "35140",
            "population": 1756,
            "superficie_km2": "25.00",
            "latitude_centre": "48.2970009",
            "longitude_centre": "-1.4380000"
        },
        {
            "id": 3306,
            "code_insee": "35179",
            "nom_standard": "Miniac-Morvan",
            "slug_ville": "miniac-morvan",
            "code_postal": "35540",
            "population": 4311,
            "superficie_km2": "32.00",
            "latitude_centre": "48.5250015",
            "longitude_centre": "-1.8950000"
        },
        {
            "id": 3307,
            "code_insee": "35181",
            "nom_standard": "Le Minihic-sur-Rance",
            "slug_ville": "le-minihic-sur-rance",
            "code_postal": "35870",
            "population": 1489,
            "superficie_km2": "4.00",
            "latitude_centre": "48.5760002",
            "longitude_centre": "-2.0130000"
        },
        {
            "id": 3308,
            "code_insee": "35184",
            "nom_standard": "Montauban-de-Bretagne",
            "slug_ville": "montauban-de-bretagne",
            "code_postal": "35360",
            "population": 6410,
            "superficie_km2": "44.00",
            "latitude_centre": "48.2029991",
            "longitude_centre": "-2.0650001"
        },
        {
            "id": 3309,
            "code_insee": "35186",
            "nom_standard": "Mont-Dol",
            "slug_ville": "mont-dol",
            "code_postal": "35120",
            "population": 1079,
            "superficie_km2": "26.00",
            "latitude_centre": "48.5709992",
            "longitude_centre": "-1.7580000"
        },
        {
            "id": 3310,
            "code_insee": "35187",
            "nom_standard": "Monterfil",
            "slug_ville": "monterfil",
            "code_postal": "35160",
            "population": 1338,
            "superficie_km2": "17.00",
            "latitude_centre": "48.0600014",
            "longitude_centre": "-1.9900000"
        },
        {
            "id": 3311,
            "code_insee": "35188",
            "nom_standard": "Montfort-sur-Meu",
            "slug_ville": "montfort-sur-meu",
            "code_postal": "35160",
            "population": 6742,
            "superficie_km2": "14.00",
            "latitude_centre": "48.1259995",
            "longitude_centre": "-1.9630001"
        },
        {
            "id": 3312,
            "code_insee": "35189",
            "nom_standard": "Montgermont",
            "slug_ville": "montgermont",
            "code_postal": "35760",
            "population": 3692,
            "superficie_km2": "5.00",
            "latitude_centre": "48.1539993",
            "longitude_centre": "-1.7170000"
        },
        {
            "id": 3313,
            "code_insee": "35191",
            "nom_standard": "Les Portes du Coglais",
            "slug_ville": "les-portes-du-coglais",
            "code_postal": "35460",
            "population": 2256,
            "superficie_km2": "16.00",
            "latitude_centre": "48.4480019",
            "longitude_centre": "-1.3030000"
        },
        {
            "id": 3314,
            "code_insee": "35193",
            "nom_standard": "Montreuil-le-Gast",
            "slug_ville": "montreuil-le-gast",
            "code_postal": "35520",
            "population": 2016,
            "superficie_km2": "9.00",
            "latitude_centre": "48.2439995",
            "longitude_centre": "-1.7210000"
        },
        {
            "id": 3315,
            "code_insee": "35194",
            "nom_standard": "Montreuil-sous-Pérouse",
            "slug_ville": "montreuil-sous-perouse",
            "code_postal": "35500",
            "population": 1029,
            "superficie_km2": "16.00",
            "latitude_centre": "48.1510010",
            "longitude_centre": "-1.2420000"
        },
        {
            "id": 3316,
            "code_insee": "35195",
            "nom_standard": "Montreuil-sur-Ille",
            "slug_ville": "montreuil-sur-ille",
            "code_postal": "35440",
            "population": 2418,
            "superficie_km2": "15.00",
            "latitude_centre": "48.3050003",
            "longitude_centre": "-1.6690000"
        },
        {
            "id": 3317,
            "code_insee": "35196",
            "nom_standard": "Mordelles",
            "slug_ville": "mordelles",
            "code_postal": "35310",
            "population": 7658,
            "superficie_km2": "30.00",
            "latitude_centre": "48.0859985",
            "longitude_centre": "-1.8420000"
        },
        {
            "id": 3318,
            "code_insee": "35197",
            "nom_standard": "Mouazé",
            "slug_ville": "mouaze",
            "code_postal": "35250",
            "population": 1745,
            "superficie_km2": "8.00",
            "latitude_centre": "48.2179985",
            "longitude_centre": "-1.6080000"
        },
        {
            "id": 3319,
            "code_insee": "35202",
            "nom_standard": "La Noë-Blanche",
            "slug_ville": "la-noe-blanche",
            "code_postal": "35470",
            "population": 1012,
            "superficie_km2": "23.00",
            "latitude_centre": "47.7949982",
            "longitude_centre": "-1.7450000"
        },
        {
            "id": 3320,
            "code_insee": "35204",
            "nom_standard": "Nouvoitou",
            "slug_ville": "nouvoitou",
            "code_postal": "35410",
            "population": 3554,
            "superficie_km2": "19.00",
            "latitude_centre": "48.0299988",
            "longitude_centre": "-1.5520000"
        },
        {
            "id": 3321,
            "code_insee": "35206",
            "nom_standard": "Noyal-Châtillon-sur-Seiche",
            "slug_ville": "noyal-chatillon-sur-seiche",
            "code_postal": "35230",
            "population": 7631,
            "superficie_km2": "26.00",
            "latitude_centre": "48.0519981",
            "longitude_centre": "-1.6630000"
        },
        {
            "id": 3322,
            "code_insee": "35207",
            "nom_standard": "Noyal-sur-Vilaine",
            "slug_ville": "noyal-sur-vilaine",
            "code_postal": "35530",
            "population": 6116,
            "superficie_km2": "31.00",
            "latitude_centre": "48.0909996",
            "longitude_centre": "-1.5060000"
        },
        {
            "id": 3323,
            "code_insee": "35208",
            "nom_standard": "Orgères",
            "slug_ville": "orgeres",
            "code_postal": "35230",
            "population": 5471,
            "superficie_km2": "17.00",
            "latitude_centre": "47.9850006",
            "longitude_centre": "-1.6660000"
        },
        {
            "id": 3324,
            "code_insee": "35210",
            "nom_standard": "Pacé",
            "slug_ville": "pace",
            "code_postal": "35740",
            "population": 11918,
            "superficie_km2": "35.00",
            "latitude_centre": "48.1520004",
            "longitude_centre": "-1.7770000"
        },
        {
            "id": 3325,
            "code_insee": "35211",
            "nom_standard": "Paimpont",
            "slug_ville": "paimpont",
            "code_postal": "35380",
            "population": 1781,
            "superficie_km2": "110.00",
            "latitude_centre": "48.0299988",
            "longitude_centre": "-2.1730001"
        },
        {
            "id": 3326,
            "code_insee": "35212",
            "nom_standard": "Pancé",
            "slug_ville": "pance",
            "code_postal": "35320",
            "population": 1184,
            "superficie_km2": "20.00",
            "latitude_centre": "47.8889999",
            "longitude_centre": "-1.6430000"
        },
        {
            "id": 3327,
            "code_insee": "35215",
            "nom_standard": "Parigné",
            "slug_ville": "parigne",
            "code_postal": "35133",
            "population": 1315,
            "superficie_km2": "20.00",
            "latitude_centre": "48.4259987",
            "longitude_centre": "-1.1980000"
        },
        {
            "id": 3328,
            "code_insee": "35216",
            "nom_standard": "Parthenay-de-Bretagne",
            "slug_ville": "parthenay-de-bretagne",
            "code_postal": "35850",
            "population": 1793,
            "superficie_km2": "5.00",
            "latitude_centre": "48.1879997",
            "longitude_centre": "-1.8300000"
        },
        {
            "id": 3329,
            "code_insee": "35217",
            "nom_standard": "Le Pertre",
            "slug_ville": "le-pertre",
            "code_postal": "35370",
            "population": 1375,
            "superficie_km2": "44.00",
            "latitude_centre": "48.0340004",
            "longitude_centre": "-1.0560000"
        },
        {
            "id": 3330,
            "code_insee": "35219",
            "nom_standard": "Pipriac",
            "slug_ville": "pipriac",
            "code_postal": "35550",
            "population": 3870,
            "superficie_km2": "49.00",
            "latitude_centre": "47.8120003",
            "longitude_centre": "-1.9380000"
        },
        {
            "id": 3331,
            "code_insee": "35220",
            "nom_standard": "Piré-Chancé",
            "slug_ville": "pire-chance",
            "code_postal": "35150",
            "population": 3120,
            "superficie_km2": "37.00",
            "latitude_centre": "48.0110016",
            "longitude_centre": "-1.4280000"
        },
        {
            "id": 3332,
            "code_insee": "35221",
            "nom_standard": "Pléchâtel",
            "slug_ville": "plechatel",
            "code_postal": "35470",
            "population": 2763,
            "superficie_km2": "36.00",
            "latitude_centre": "47.8750000",
            "longitude_centre": "-1.7340000"
        },
        {
            "id": 3333,
            "code_insee": "35222",
            "nom_standard": "Pleine-Fougères",
            "slug_ville": "pleine-fougeres",
            "code_postal": "35610",
            "population": 1972,
            "superficie_km2": "33.00",
            "latitude_centre": "48.5309982",
            "longitude_centre": "-1.5740000"
        },
        {
            "id": 3334,
            "code_insee": "35223",
            "nom_standard": "Plélan-le-Grand",
            "slug_ville": "plelan-le-grand",
            "code_postal": "35380",
            "population": 4048,
            "superficie_km2": "50.00",
            "latitude_centre": "47.9970017",
            "longitude_centre": "-2.0799999"
        },
        {
            "id": 3335,
            "code_insee": "35224",
            "nom_standard": "Plerguer",
            "slug_ville": "plerguer",
            "code_postal": "35540",
            "population": 2846,
            "superficie_km2": "20.00",
            "latitude_centre": "48.5279999",
            "longitude_centre": "-1.8460000"
        },
        {
            "id": 3336,
            "code_insee": "35226",
            "nom_standard": "Pleugueneuc",
            "slug_ville": "pleugueneuc",
            "code_postal": "35720",
            "population": 2018,
            "superficie_km2": "25.00",
            "latitude_centre": "48.4039993",
            "longitude_centre": "-1.8860000"
        },
        {
            "id": 3337,
            "code_insee": "35227",
            "nom_standard": "Pleumeleuc",
            "slug_ville": "pleumeleuc",
            "code_postal": "35137",
            "population": 3517,
            "superficie_km2": "20.00",
            "latitude_centre": "48.1829987",
            "longitude_centre": "-1.8930000"
        },
        {
            "id": 3338,
            "code_insee": "35228",
            "nom_standard": "Pleurtuit",
            "slug_ville": "pleurtuit",
            "code_postal": "35730",
            "population": 6953,
            "superficie_km2": "29.00",
            "latitude_centre": "48.5830002",
            "longitude_centre": "-2.0599999"
        },
        {
            "id": 3339,
            "code_insee": "35229",
            "nom_standard": "Pocé-les-Bois",
            "slug_ville": "poce-les-bois",
            "code_postal": "35500",
            "population": 1322,
            "superficie_km2": "15.00",
            "latitude_centre": "48.1150017",
            "longitude_centre": "-1.2600000"
        },
        {
            "id": 3340,
            "code_insee": "35231",
            "nom_standard": "Poligné",
            "slug_ville": "poligne",
            "code_postal": "35320",
            "population": 1228,
            "superficie_km2": "10.00",
            "latitude_centre": "47.8989983",
            "longitude_centre": "-1.6849999"
        },
        {
            "id": 3341,
            "code_insee": "35233",
            "nom_standard": "Québriac",
            "slug_ville": "quebriac",
            "code_postal": "35190",
            "population": 1593,
            "superficie_km2": "21.00",
            "latitude_centre": "48.3559990",
            "longitude_centre": "-1.8130000"
        },
        {
            "id": 3342,
            "code_insee": "35234",
            "nom_standard": "Quédillac",
            "slug_ville": "quedillac",
            "code_postal": "35290",
            "population": 1245,
            "superficie_km2": "27.00",
            "latitude_centre": "48.2379990",
            "longitude_centre": "-2.1440001"
        },
        {
            "id": 3343,
            "code_insee": "35235",
            "nom_standard": "Rannée",
            "slug_ville": "rannee",
            "code_postal": "35130",
            "population": 1061,
            "superficie_km2": "53.00",
            "latitude_centre": "47.9010010",
            "longitude_centre": "-1.2260000"
        },
        {
            "id": 3344,
            "code_insee": "35236",
            "nom_standard": "Redon",
            "slug_ville": "redon",
            "code_postal": "35600",
            "population": 9312,
            "superficie_km2": "15.00",
            "latitude_centre": "47.6609993",
            "longitude_centre": "-2.0799999"
        },
        {
            "id": 3345,
            "code_insee": "35237",
            "nom_standard": "Renac",
            "slug_ville": "renac",
            "code_postal": "35660",
            "population": 1036,
            "superficie_km2": "26.00",
            "latitude_centre": "47.7280006",
            "longitude_centre": "-1.9660000"
        },
        {
            "id": 3346,
            "code_insee": "35238",
            "nom_standard": "Rennes",
            "slug_ville": "rennes",
            "code_postal": "35700",
            "population": 225081,
            "superficie_km2": "50.00",
            "latitude_centre": "48.1119995",
            "longitude_centre": "-1.6820000"
        },
        {
            "id": 3347,
            "code_insee": "35239",
            "nom_standard": "Retiers",
            "slug_ville": "retiers",
            "code_postal": "35240",
            "population": 4540,
            "superficie_km2": "42.00",
            "latitude_centre": "47.9059982",
            "longitude_centre": "-1.3440000"
        },
        {
            "id": 3348,
            "code_insee": "35240",
            "nom_standard": "Le Rheu",
            "slug_ville": "le-rheu",
            "code_postal": "35650",
            "population": 9535,
            "superficie_km2": "19.00",
            "latitude_centre": "48.0970001",
            "longitude_centre": "-1.7819999"
        },
        {
            "id": 3349,
            "code_insee": "35241",
            "nom_standard": "La Richardais",
            "slug_ville": "la-richardais",
            "code_postal": "35780",
            "population": 2534,
            "superficie_km2": "3.00",
            "latitude_centre": "48.6100006",
            "longitude_centre": "-2.0439999"
        },
        {
            "id": 3350,
            "code_insee": "35243",
            "nom_standard": "Romagné",
            "slug_ville": "romagne",
            "code_postal": "35133",
            "population": 2440,
            "superficie_km2": "27.00",
            "latitude_centre": "48.3440018",
            "longitude_centre": "-1.2620000"
        },
        {
            "id": 3351,
            "code_insee": "35245",
            "nom_standard": "Romillé",
            "slug_ville": "romille",
            "code_postal": "35850",
            "population": 4119,
            "superficie_km2": "29.00",
            "latitude_centre": "48.2220001",
            "longitude_centre": "-1.8789999"
        },
        {
            "id": 3352,
            "code_insee": "35246",
            "nom_standard": "Roz-Landrieux",
            "slug_ville": "roz-landrieux",
            "code_postal": "35120",
            "population": 1374,
            "superficie_km2": "18.00",
            "latitude_centre": "48.5460014",
            "longitude_centre": "-1.8170000"
        },
        {
            "id": 3353,
            "code_insee": "35247",
            "nom_standard": "Roz-sur-Couesnon",
            "slug_ville": "roz-sur-couesnon",
            "code_postal": "35610",
            "population": 1013,
            "superficie_km2": "26.00",
            "latitude_centre": "48.5960007",
            "longitude_centre": "-1.5930001"
        },
        {
            "id": 3354,
            "code_insee": "35249",
            "nom_standard": "Sainte-Anne-sur-Vilaine",
            "slug_ville": "sainte-anne-sur-vilaine",
            "code_postal": "35390",
            "population": 1037,
            "superficie_km2": "29.00",
            "latitude_centre": "47.7340012",
            "longitude_centre": "-1.8049999"
        },
        {
            "id": 3355,
            "code_insee": "35250",
            "nom_standard": "Saint-Armel",
            "slug_ville": "saint-armel",
            "code_postal": "35230",
            "population": 2271,
            "superficie_km2": "8.00",
            "latitude_centre": "48.0130005",
            "longitude_centre": "-1.5810000"
        },
        {
            "id": 3356,
            "code_insee": "35251",
            "nom_standard": "Saint-Aubin-d'Aubigné",
            "slug_ville": "saint-aubin-d-aubigne",
            "code_postal": "35250",
            "population": 4159,
            "superficie_km2": "23.00",
            "latitude_centre": "48.2620010",
            "longitude_centre": "-1.6000000"
        },
        {
            "id": 3357,
            "code_insee": "35253",
            "nom_standard": "Saint-Aubin-du-Cormier",
            "slug_ville": "saint-aubin-du-cormier",
            "code_postal": "35140",
            "population": 4098,
            "superficie_km2": "28.00",
            "latitude_centre": "48.2579994",
            "longitude_centre": "-1.4210000"
        },
        {
            "id": 3358,
            "code_insee": "35256",
            "nom_standard": "Saint-Briac-sur-Mer",
            "slug_ville": "saint-briac-sur-mer",
            "code_postal": "35800",
            "population": 2208,
            "superficie_km2": "8.00",
            "latitude_centre": "48.6160011",
            "longitude_centre": "-2.1240001"
        },
        {
            "id": 3359,
            "code_insee": "35257",
            "nom_standard": "Maen Roch",
            "slug_ville": "maen-roch",
            "code_postal": "35460",
            "population": 5097,
            "superficie_km2": "17.00",
            "latitude_centre": "48.4129982",
            "longitude_centre": "-1.3680000"
        },
        {
            "id": 3360,
            "code_insee": "35259",
            "nom_standard": "Saint-Broladre",
            "slug_ville": "saint-broladre",
            "code_postal": "35120",
            "population": 1152,
            "superficie_km2": "24.00",
            "latitude_centre": "48.5800018",
            "longitude_centre": "-1.6610000"
        },
        {
            "id": 3361,
            "code_insee": "35263",
            "nom_standard": "Saint-Coulomb",
            "slug_ville": "saint-coulomb",
            "code_postal": "35350",
            "population": 2920,
            "superficie_km2": "18.00",
            "latitude_centre": "48.6769981",
            "longitude_centre": "-1.9210000"
        },
        {
            "id": 3362,
            "code_insee": "35264",
            "nom_standard": "Saint-Didier",
            "slug_ville": "saint-didier",
            "code_postal": "35220",
            "population": 2035,
            "superficie_km2": "14.00",
            "latitude_centre": "48.0929985",
            "longitude_centre": "-1.3580000"
        },
        {
            "id": 3363,
            "code_insee": "35265",
            "nom_standard": "Saint-Domineuc",
            "slug_ville": "saint-domineuc",
            "code_postal": "35190",
            "population": 2553,
            "superficie_km2": "16.00",
            "latitude_centre": "48.3600006",
            "longitude_centre": "-1.8690000"
        },
        {
            "id": 3364,
            "code_insee": "35266",
            "nom_standard": "Saint-Erblon",
            "slug_ville": "saint-erblon",
            "code_postal": "35230",
            "population": 3466,
            "superficie_km2": "11.00",
            "latitude_centre": "48.0190010",
            "longitude_centre": "-1.6420000"
        },
        {
            "id": 3365,
            "code_insee": "35271",
            "nom_standard": "Saint-Georges-de-Reintembault",
            "slug_ville": "saint-georges-de-reintembault",
            "code_postal": "35420",
            "population": 1507,
            "superficie_km2": "32.00",
            "latitude_centre": "48.5130005",
            "longitude_centre": "-1.2350000"
        },
        {
            "id": 3366,
            "code_insee": "35273",
            "nom_standard": "Saint-Germain-en-Coglès",
            "slug_ville": "saint-germain-en-cogles",
            "code_postal": "35133",
            "population": 2086,
            "superficie_km2": "33.00",
            "latitude_centre": "48.3969994",
            "longitude_centre": "-1.2640001"
        },
        {
            "id": 3367,
            "code_insee": "35274",
            "nom_standard": "Saint-Germain-sur-Ille",
            "slug_ville": "saint-germain-sur-ille",
            "code_postal": "35250",
            "population": 1003,
            "superficie_km2": "4.00",
            "latitude_centre": "48.2509995",
            "longitude_centre": "-1.6530000"
        },
        {
            "id": 3368,
            "code_insee": "35275",
            "nom_standard": "Saint-Gilles",
            "slug_ville": "saint-gilles",
            "code_postal": "35590",
            "population": 5402,
            "superficie_km2": "21.00",
            "latitude_centre": "48.1520004",
            "longitude_centre": "-1.8540000"
        },
        {
            "id": 3369,
            "code_insee": "35278",
            "nom_standard": "Saint-Grégoire",
            "slug_ville": "saint-gregoire",
            "code_postal": "35760",
            "population": 9837,
            "superficie_km2": "18.00",
            "latitude_centre": "48.1590004",
            "longitude_centre": "-1.6860000"
        },
        {
            "id": 3370,
            "code_insee": "35279",
            "nom_standard": "Saint-Guinoux",
            "slug_ville": "saint-guinoux",
            "code_postal": "35430",
            "population": 1225,
            "superficie_km2": "6.00",
            "latitude_centre": "48.5789986",
            "longitude_centre": "-1.8880000"
        },
        {
            "id": 3371,
            "code_insee": "35280",
            "nom_standard": "Saint-Hilaire-des-Landes",
            "slug_ville": "saint-hilaire-des-landes",
            "code_postal": "35140",
            "population": 1032,
            "superficie_km2": "19.00",
            "latitude_centre": "48.3380013",
            "longitude_centre": "-1.3670000"
        },
        {
            "id": 3372,
            "code_insee": "35281",
            "nom_standard": "Saint-Jacques-de-la-Lande",
            "slug_ville": "saint-jacques-de-la-lande",
            "code_postal": "35136",
            "population": 13656,
            "superficie_km2": "12.00",
            "latitude_centre": "48.0760002",
            "longitude_centre": "-1.7240000"
        },
        {
            "id": 3373,
            "code_insee": "35282",
            "nom_standard": "Rives-du-Couesnon",
            "slug_ville": "rives-du-couesnon",
            "code_postal": "35140",
            "population": 2911,
            "superficie_km2": "19.00",
            "latitude_centre": "48.2770004",
            "longitude_centre": "-1.3680000"
        },
        {
            "id": 3374,
            "code_insee": "35283",
            "nom_standard": "Saint-Jean-sur-Vilaine",
            "slug_ville": "saint-jean-sur-vilaine",
            "code_postal": "35220",
            "population": 1370,
            "superficie_km2": "11.00",
            "latitude_centre": "48.1209984",
            "longitude_centre": "-1.3400000"
        },
        {
            "id": 3375,
            "code_insee": "35284",
            "nom_standard": "Saint-Jouan-des-Guérets",
            "slug_ville": "saint-jouan-des-guerets",
            "code_postal": "35430",
            "population": 2801,
            "superficie_km2": "9.00",
            "latitude_centre": "48.6040001",
            "longitude_centre": "-1.9650000"
        },
        {
            "id": 3376,
            "code_insee": "35285",
            "nom_standard": "Saint-Just",
            "slug_ville": "saint-just",
            "code_postal": "35550",
            "population": 1087,
            "superficie_km2": "28.00",
            "latitude_centre": "47.7639999",
            "longitude_centre": "-1.9690000"
        },
        {
            "id": 3377,
            "code_insee": "35287",
            "nom_standard": "Saint-Lunaire",
            "slug_ville": "saint-lunaire",
            "code_postal": "35800",
            "population": 2525,
            "superficie_km2": "10.00",
            "latitude_centre": "48.6199989",
            "longitude_centre": "-2.0969999"
        },
        {
            "id": 3378,
            "code_insee": "35288",
            "nom_standard": "Saint-Malo",
            "slug_ville": "saint-malo",
            "code_postal": "35400",
            "population": 47323,
            "superficie_km2": "37.00",
            "latitude_centre": "48.6399994",
            "longitude_centre": "-1.9809999"
        },
        {
            "id": 3379,
            "code_insee": "35289",
            "nom_standard": "Saint-Malo-de-Phily",
            "slug_ville": "saint-malo-de-phily",
            "code_postal": "35480",
            "population": 1069,
            "superficie_km2": "19.00",
            "latitude_centre": "47.8680000",
            "longitude_centre": "-1.8049999"
        },
        {
            "id": 3380,
            "code_insee": "35292",
            "nom_standard": "Saint-Marc-le-Blanc",
            "slug_ville": "saint-marc-le-blanc",
            "code_postal": "35460",
            "population": 1588,
            "superficie_km2": "18.00",
            "latitude_centre": "48.3750000",
            "longitude_centre": "-1.4050000"
        },
        {
            "id": 3381,
            "code_insee": "35294",
            "nom_standard": "Sainte-Marie",
            "slug_ville": "sainte-marie",
            "code_postal": "35600",
            "population": 2266,
            "superficie_km2": "25.00",
            "latitude_centre": "47.6940002",
            "longitude_centre": "-2.0130000"
        },
        {
            "id": 3382,
            "code_insee": "35296",
            "nom_standard": "Saint-Médard-sur-Ille",
            "slug_ville": "saint-medard-sur-ille",
            "code_postal": "35250",
            "population": 1324,
            "superficie_km2": "18.00",
            "latitude_centre": "48.2729988",
            "longitude_centre": "-1.6700000"
        },
        {
            "id": 3383,
            "code_insee": "35297",
            "nom_standard": "Saint-Méen-le-Grand",
            "slug_ville": "saint-meen-le-grand",
            "code_postal": "35290",
            "population": 4603,
            "superficie_km2": "19.00",
            "latitude_centre": "48.1930008",
            "longitude_centre": "-2.1949999"
        },
        {
            "id": 3384,
            "code_insee": "35299",
            "nom_standard": "Saint-Méloir-des-Ondes",
            "slug_ville": "saint-meloir-des-ondes",
            "code_postal": "35350",
            "population": 4591,
            "superficie_km2": "29.00",
            "latitude_centre": "48.6389999",
            "longitude_centre": "-1.9050000"
        },
        {
            "id": 3385,
            "code_insee": "35300",
            "nom_standard": "Saint-M'Hervé",
            "slug_ville": "saint-m-herve",
            "code_postal": "35500",
            "population": 1359,
            "superficie_km2": "31.00",
            "latitude_centre": "48.1720009",
            "longitude_centre": "-1.1109999"
        },
        {
            "id": 3386,
            "code_insee": "35302",
            "nom_standard": "Saint-Onen-la-Chapelle",
            "slug_ville": "saint-onen-la-chapelle",
            "code_postal": "35290",
            "population": 1116,
            "superficie_km2": "25.00",
            "latitude_centre": "48.1699982",
            "longitude_centre": "-2.1559999"
        },
        {
            "id": 3387,
            "code_insee": "35304",
            "nom_standard": "Saint-Ouen-des-Alleux",
            "slug_ville": "saint-ouen-des-alleux",
            "code_postal": "35140",
            "population": 1320,
            "superficie_km2": "15.00",
            "latitude_centre": "48.3269997",
            "longitude_centre": "-1.4280000"
        },
        {
            "id": 3388,
            "code_insee": "35306",
            "nom_standard": "Saint-Père-Marc-en-Poulet",
            "slug_ville": "saint-pere-marc-en-poulet",
            "code_postal": "35430",
            "population": 2346,
            "superficie_km2": "19.00",
            "latitude_centre": "48.5839996",
            "longitude_centre": "-1.9290000"
        },
        {
            "id": 3389,
            "code_insee": "35307",
            "nom_standard": "Saint-Pern",
            "slug_ville": "saint-pern",
            "code_postal": "35190",
            "population": 1039,
            "superficie_km2": "12.00",
            "latitude_centre": "48.2809982",
            "longitude_centre": "-1.9830000"
        },
        {
            "id": 3390,
            "code_insee": "35308",
            "nom_standard": "Mesnil-Roc'h",
            "slug_ville": "mesnil-roc-h",
            "code_postal": "35720",
            "population": 4422,
            "superficie_km2": "30.00",
            "latitude_centre": "48.4550018",
            "longitude_centre": "-1.8890001"
        },
        {
            "id": 3391,
            "code_insee": "35310",
            "nom_standard": "Saint-Sauveur-des-Landes",
            "slug_ville": "saint-sauveur-des-landes",
            "code_postal": "35133",
            "population": 1551,
            "superficie_km2": "19.00",
            "latitude_centre": "48.3470001",
            "longitude_centre": "-1.3140000"
        },
        {
            "id": 3392,
            "code_insee": "35312",
            "nom_standard": "Saint-Senoux",
            "slug_ville": "saint-senoux",
            "code_postal": "35580",
            "population": 1818,
            "superficie_km2": "18.00",
            "latitude_centre": "47.9099999",
            "longitude_centre": "-1.7900000"
        },
        {
            "id": 3393,
            "code_insee": "35315",
            "nom_standard": "Saint-Sulpice-la-Forêt",
            "slug_ville": "saint-sulpice-la-foret",
            "code_postal": "35250",
            "population": 1499,
            "superficie_km2": "7.00",
            "latitude_centre": "48.2120018",
            "longitude_centre": "-1.5770000"
        },
        {
            "id": 3394,
            "code_insee": "35319",
            "nom_standard": "Saint-Thurial",
            "slug_ville": "saint-thurial",
            "code_postal": "35310",
            "population": 2152,
            "superficie_km2": "18.00",
            "latitude_centre": "48.0340004",
            "longitude_centre": "-1.9400001"
        },
        {
            "id": 3395,
            "code_insee": "35322",
            "nom_standard": "Le Sel-de-Bretagne",
            "slug_ville": "le-sel-de-bretagne",
            "code_postal": "35320",
            "population": 1105,
            "superficie_km2": "9.00",
            "latitude_centre": "47.8979988",
            "longitude_centre": "-1.6059999"
        },
        {
            "id": 3396,
            "code_insee": "35326",
            "nom_standard": "Sens-de-Bretagne",
            "slug_ville": "sens-de-bretagne",
            "code_postal": "35490",
            "population": 2597,
            "superficie_km2": "31.00",
            "latitude_centre": "48.3370018",
            "longitude_centre": "-1.5540000"
        },
        {
            "id": 3397,
            "code_insee": "35327",
            "nom_standard": "Servon-sur-Vilaine",
            "slug_ville": "servon-sur-vilaine",
            "code_postal": "35530",
            "population": 3864,
            "superficie_km2": "15.00",
            "latitude_centre": "48.1209984",
            "longitude_centre": "-1.4579999"
        },
        {
            "id": 3398,
            "code_insee": "35328",
            "nom_standard": "Sixt-sur-Aff",
            "slug_ville": "sixt-sur-aff",
            "code_postal": "35550",
            "population": 2163,
            "superficie_km2": "43.00",
            "latitude_centre": "47.7750015",
            "longitude_centre": "-2.0490000"
        },
        {
            "id": 3399,
            "code_insee": "35330",
            "nom_standard": "Taillis",
            "slug_ville": "taillis",
            "code_postal": "35500",
            "population": 1022,
            "superficie_km2": "13.00",
            "latitude_centre": "48.1850014",
            "longitude_centre": "-1.2400000"
        },
        {
            "id": 3400,
            "code_insee": "35331",
            "nom_standard": "Talensac",
            "slug_ville": "talensac",
            "code_postal": "35160",
            "population": 2516,
            "superficie_km2": "22.00",
            "latitude_centre": "48.0909996",
            "longitude_centre": "-1.9260000"
        },
        {
            "id": 3401,
            "code_insee": "35332",
            "nom_standard": "Teillay",
            "slug_ville": "teillay",
            "code_postal": "35620",
            "population": 1089,
            "superficie_km2": "27.00",
            "latitude_centre": "47.8079987",
            "longitude_centre": "-1.5220000"
        },
        {
            "id": 3402,
            "code_insee": "35333",
            "nom_standard": "Le Theil-de-Bretagne",
            "slug_ville": "le-theil-de-bretagne",
            "code_postal": "35240",
            "population": 1710,
            "superficie_km2": "24.00",
            "latitude_centre": "47.9179993",
            "longitude_centre": "-1.4220001"
        },
        {
            "id": 3403,
            "code_insee": "35334",
            "nom_standard": "Thorigné-Fouillard",
            "slug_ville": "thorigne-fouillard",
            "code_postal": "35235",
            "population": 8582,
            "superficie_km2": "14.00",
            "latitude_centre": "48.1570015",
            "longitude_centre": "-1.5840000"
        },
        {
            "id": 3404,
            "code_insee": "35337",
            "nom_standard": "Tinténiac",
            "slug_ville": "tinteniac",
            "code_postal": "35190",
            "population": 3851,
            "superficie_km2": "23.00",
            "latitude_centre": "48.3230019",
            "longitude_centre": "-1.8300000"
        },
        {
            "id": 3405,
            "code_insee": "35338",
            "nom_standard": "Torcé",
            "slug_ville": "torce",
            "code_postal": "35370",
            "population": 1241,
            "superficie_km2": "14.00",
            "latitude_centre": "48.0610008",
            "longitude_centre": "-1.2720000"
        },
        {
            "id": 3406,
            "code_insee": "35340",
            "nom_standard": "Treffendel",
            "slug_ville": "treffendel",
            "code_postal": "35380",
            "population": 1321,
            "superficie_km2": "19.00",
            "latitude_centre": "48.0309982",
            "longitude_centre": "-2.0079999"
        },
        {
            "id": 3407,
            "code_insee": "35343",
            "nom_standard": "Tresbœuf",
            "slug_ville": "tresboeuf",
            "code_postal": "35320",
            "population": 1236,
            "superficie_km2": "26.00",
            "latitude_centre": "47.8810005",
            "longitude_centre": "-1.5530000"
        },
        {
            "id": 3408,
            "code_insee": "35347",
            "nom_standard": "Val-d'Izé",
            "slug_ville": "val-d-ize",
            "code_postal": "35450",
            "population": 2591,
            "superficie_km2": "46.00",
            "latitude_centre": "48.1899986",
            "longitude_centre": "-1.3049999"
        },
        {
            "id": 3409,
            "code_insee": "35351",
            "nom_standard": "Le Verger",
            "slug_ville": "le-verger",
            "code_postal": "35160",
            "population": 1419,
            "superficie_km2": "7.00",
            "latitude_centre": "48.0660019",
            "longitude_centre": "-1.9370000"
        },
        {
            "id": 3410,
            "code_insee": "35352",
            "nom_standard": "Vern-sur-Seiche",
            "slug_ville": "vern-sur-seiche",
            "code_postal": "35770",
            "population": 8233,
            "superficie_km2": "20.00",
            "latitude_centre": "48.0519981",
            "longitude_centre": "-1.6050000"
        },
        {
            "id": 3411,
            "code_insee": "35353",
            "nom_standard": "Vezin-le-Coquet",
            "slug_ville": "vezin-le-coquet",
            "code_postal": "35132",
            "population": 6337,
            "superficie_km2": "8.00",
            "latitude_centre": "48.1170006",
            "longitude_centre": "-1.7500000"
        },
        {
            "id": 3412,
            "code_insee": "35355",
            "nom_standard": "Vieux-Vy-sur-Couesnon",
            "slug_ville": "vieux-vy-sur-couesnon",
            "code_postal": "35490",
            "population": 1273,
            "superficie_km2": "22.00",
            "latitude_centre": "48.3339996",
            "longitude_centre": "-1.4990000"
        },
        {
            "id": 3413,
            "code_insee": "35356",
            "nom_standard": "Vignoc",
            "slug_ville": "vignoc",
            "code_postal": "35630",
            "population": 2202,
            "superficie_km2": "14.00",
            "latitude_centre": "48.2570000",
            "longitude_centre": "-1.7630000"
        },
        {
            "id": 3414,
            "code_insee": "35358",
            "nom_standard": "La Ville-ès-Nonais",
            "slug_ville": "la-ville-es-nonais",
            "code_postal": "35430",
            "population": 1219,
            "superficie_km2": "4.00",
            "latitude_centre": "48.5489998",
            "longitude_centre": "-1.9520000"
        },
        {
            "id": 3415,
            "code_insee": "35360",
            "nom_standard": "Vitré",
            "slug_ville": "vitre",
            "code_postal": "35500",
            "population": 18998,
            "superficie_km2": "39.00",
            "latitude_centre": "48.1139984",
            "longitude_centre": "-1.1940000"
        },
        {
            "id": 3416,
            "code_insee": "35361",
            "nom_standard": "Le Vivier-sur-Mer",
            "slug_ville": "le-vivier-sur-mer",
            "code_postal": "35960",
            "population": 1064,
            "superficie_km2": "2.00",
            "latitude_centre": "48.5979996",
            "longitude_centre": "-1.7800000"
        },
        {
            "id": 3417,
            "code_insee": "35362",
            "nom_standard": "Le Tronchet",
            "slug_ville": "le-tronchet",
            "code_postal": "35540",
            "population": 1204,
            "superficie_km2": "11.00",
            "latitude_centre": "48.4930000",
            "longitude_centre": "-1.8410000"
        },
        {
            "id": 3418,
            "code_insee": "35363",
            "nom_standard": "Pont-Péan",
            "slug_ville": "pont-pean",
            "code_postal": "35131",
            "population": 4335,
            "superficie_km2": "9.00",
            "latitude_centre": "48.0110016",
            "longitude_centre": "-1.6960000"
        }
    ]
}