{
    "departement": {
        "code": "44",
        "nom": "Loire-Atlantique",
        "slug": "loire-atlantique"
    },
    "region": {
        "id": 18,
        "code": "17",
        "nom": "Pays de la Loire",
        "slug": "pays-de-la-loire"
    },
    "voisins": [
        {
            "dep_code": "49",
            "dep_nom": "Maine-et-Loire",
            "dep_slug": "maine-et-loire"
        },
        {
            "dep_code": "53",
            "dep_nom": "Mayenne",
            "dep_slug": "mayenne"
        },
        {
            "dep_code": "72",
            "dep_nom": "Sarthe",
            "dep_slug": "sarthe"
        },
        {
            "dep_code": "85",
            "dep_nom": "Vendée",
            "dep_slug": "vendee"
        }
    ],
    "villes_count": 190,
    "villes": [
        {
            "id": 4266,
            "code_insee": "44001",
            "nom_standard": "Abbaretz",
            "slug_ville": "abbaretz",
            "code_postal": "44170",
            "population": 2043,
            "superficie_km2": "62.00",
            "latitude_centre": "47.5559998",
            "longitude_centre": "-1.4930000"
        },
        {
            "id": 4267,
            "code_insee": "44002",
            "nom_standard": "Aigrefeuille-sur-Maine",
            "slug_ville": "aigrefeuille-sur-maine",
            "code_postal": "44140",
            "population": 4068,
            "superficie_km2": "15.00",
            "latitude_centre": "47.0719986",
            "longitude_centre": "-1.4160000"
        },
        {
            "id": 4268,
            "code_insee": "44003",
            "nom_standard": "Ancenis-Saint-Géréon",
            "slug_ville": "ancenis-saint-gereon",
            "code_postal": "44150",
            "population": 11099,
            "superficie_km2": "20.00",
            "latitude_centre": "47.3829994",
            "longitude_centre": "-1.1820000"
        },
        {
            "id": 4269,
            "code_insee": "44005",
            "nom_standard": "Chaumes-en-Retz",
            "slug_ville": "chaumes-en-retz",
            "code_postal": "44320",
            "population": 7184,
            "superficie_km2": "40.00",
            "latitude_centre": "47.1590004",
            "longitude_centre": "-1.9540000"
        },
        {
            "id": 4270,
            "code_insee": "44006",
            "nom_standard": "Assérac",
            "slug_ville": "asserac",
            "code_postal": "44410",
            "population": 1880,
            "superficie_km2": "34.00",
            "latitude_centre": "47.4379997",
            "longitude_centre": "-2.4130001"
        },
        {
            "id": 4271,
            "code_insee": "44007",
            "nom_standard": "Avessac",
            "slug_ville": "avessac",
            "code_postal": "44460",
            "population": 2450,
            "superficie_km2": "76.00",
            "latitude_centre": "47.6349983",
            "longitude_centre": "-1.9700000"
        },
        {
            "id": 4272,
            "code_insee": "44009",
            "nom_standard": "Basse-Goulaine",
            "slug_ville": "basse-goulaine",
            "code_postal": "44115",
            "population": 9555,
            "superficie_km2": "14.00",
            "latitude_centre": "47.2120018",
            "longitude_centre": "-1.4620000"
        },
        {
            "id": 4273,
            "code_insee": "44010",
            "nom_standard": "Batz-sur-Mer",
            "slug_ville": "batz-sur-mer",
            "code_postal": "44740",
            "population": 2823,
            "superficie_km2": "13.00",
            "latitude_centre": "47.2840004",
            "longitude_centre": "-2.4740000"
        },
        {
            "id": 4274,
            "code_insee": "44012",
            "nom_standard": "La Bernerie-en-Retz",
            "slug_ville": "la-bernerie-en-retz",
            "code_postal": "44760",
            "population": 3364,
            "superficie_km2": "6.00",
            "latitude_centre": "47.0859985",
            "longitude_centre": "-2.0320001"
        },
        {
            "id": 4275,
            "code_insee": "44013",
            "nom_standard": "Besné",
            "slug_ville": "besne",
            "code_postal": "44160",
            "population": 3284,
            "superficie_km2": "18.00",
            "latitude_centre": "47.3800011",
            "longitude_centre": "-2.0739999"
        },
        {
            "id": 4276,
            "code_insee": "44014",
            "nom_standard": "Le Bignon",
            "slug_ville": "le-bignon",
            "code_postal": "44140",
            "population": 3957,
            "superficie_km2": "28.00",
            "latitude_centre": "47.0999985",
            "longitude_centre": "-1.5089999"
        },
        {
            "id": 4277,
            "code_insee": "44015",
            "nom_standard": "Blain",
            "slug_ville": "blain",
            "code_postal": "44130",
            "population": 10187,
            "superficie_km2": "102.00",
            "latitude_centre": "47.4630013",
            "longitude_centre": "-1.7680000"
        },
        {
            "id": 4278,
            "code_insee": "44016",
            "nom_standard": "La Boissière-du-Doré",
            "slug_ville": "la-boissiere-du-dore",
            "code_postal": "44430",
            "population": 1097,
            "superficie_km2": "9.00",
            "latitude_centre": "47.2350006",
            "longitude_centre": "-1.2040000"
        },
        {
            "id": 4279,
            "code_insee": "44018",
            "nom_standard": "Bouaye",
            "slug_ville": "bouaye",
            "code_postal": "44830",
            "population": 8144,
            "superficie_km2": "14.00",
            "latitude_centre": "47.1469994",
            "longitude_centre": "-1.6720001"
        },
        {
            "id": 4280,
            "code_insee": "44019",
            "nom_standard": "Bouée",
            "slug_ville": "bouee",
            "code_postal": "44260",
            "population": 1072,
            "superficie_km2": "25.00",
            "latitude_centre": "47.3050003",
            "longitude_centre": "-1.9130000"
        },
        {
            "id": 4281,
            "code_insee": "44020",
            "nom_standard": "Bouguenais",
            "slug_ville": "bouguenais",
            "code_postal": "44340",
            "population": 20410,
            "superficie_km2": "31.00",
            "latitude_centre": "47.1710014",
            "longitude_centre": "-1.6170000"
        },
        {
            "id": 4282,
            "code_insee": "44021",
            "nom_standard": "Villeneuve-en-Retz",
            "slug_ville": "villeneuve-en-retz",
            "code_postal": "44580",
            "population": 5003,
            "superficie_km2": "54.00",
            "latitude_centre": "47.0379982",
            "longitude_centre": "-1.9260000"
        },
        {
            "id": 4283,
            "code_insee": "44022",
            "nom_standard": "Boussay",
            "slug_ville": "boussay",
            "code_postal": "44190",
            "population": 2773,
            "superficie_km2": "26.00",
            "latitude_centre": "47.0540009",
            "longitude_centre": "-1.1630000"
        },
        {
            "id": 4284,
            "code_insee": "44023",
            "nom_standard": "Bouvron",
            "slug_ville": "bouvron",
            "code_postal": "44130",
            "population": 3069,
            "superficie_km2": "47.00",
            "latitude_centre": "47.4169998",
            "longitude_centre": "-1.8770000"
        },
        {
            "id": 4285,
            "code_insee": "44024",
            "nom_standard": "Brains",
            "slug_ville": "brains",
            "code_postal": "44830",
            "population": 2811,
            "superficie_km2": "15.00",
            "latitude_centre": "47.1699982",
            "longitude_centre": "-1.7260000"
        },
        {
            "id": 4286,
            "code_insee": "44025",
            "nom_standard": "Campbon",
            "slug_ville": "campbon",
            "code_postal": "44750",
            "population": 4005,
            "superficie_km2": "50.00",
            "latitude_centre": "47.4160004",
            "longitude_centre": "-1.9680001"
        },
        {
            "id": 4287,
            "code_insee": "44026",
            "nom_standard": "Carquefou",
            "slug_ville": "carquefou",
            "code_postal": "44470",
            "population": 20510,
            "superficie_km2": "43.00",
            "latitude_centre": "47.3019981",
            "longitude_centre": "-1.4730001"
        },
        {
            "id": 4288,
            "code_insee": "44027",
            "nom_standard": "Casson",
            "slug_ville": "casson",
            "code_postal": "44390",
            "population": 2540,
            "superficie_km2": "16.00",
            "latitude_centre": "47.3919983",
            "longitude_centre": "-1.5560000"
        },
        {
            "id": 4289,
            "code_insee": "44028",
            "nom_standard": "Le Cellier",
            "slug_ville": "le-cellier",
            "code_postal": "44850",
            "population": 3992,
            "superficie_km2": "36.00",
            "latitude_centre": "47.3380013",
            "longitude_centre": "-1.3600000"
        },
        {
            "id": 4290,
            "code_insee": "44029",
            "nom_standard": "Divatte-sur-Loire",
            "slug_ville": "divatte-sur-loire",
            "code_postal": "44450",
            "population": 7057,
            "superficie_km2": "23.00",
            "latitude_centre": "47.2809982",
            "longitude_centre": "-1.3500000"
        },
        {
            "id": 4291,
            "code_insee": "44030",
            "nom_standard": "La Chapelle-des-Marais",
            "slug_ville": "la-chapelle-des-marais",
            "code_postal": "44410",
            "population": 4386,
            "superficie_km2": "18.00",
            "latitude_centre": "47.4370003",
            "longitude_centre": "-2.2460001"
        },
        {
            "id": 4292,
            "code_insee": "44032",
            "nom_standard": "La Chapelle-Heulin",
            "slug_ville": "la-chapelle-heulin",
            "code_postal": "44330",
            "population": 3420,
            "superficie_km2": "14.00",
            "latitude_centre": "47.1720009",
            "longitude_centre": "-1.3500000"
        },
        {
            "id": 4293,
            "code_insee": "44033",
            "nom_standard": "La Chapelle-Launay",
            "slug_ville": "la-chapelle-launay",
            "code_postal": "44260",
            "population": 3221,
            "superficie_km2": "25.00",
            "latitude_centre": "47.3530006",
            "longitude_centre": "-1.9820000"
        },
        {
            "id": 4294,
            "code_insee": "44035",
            "nom_standard": "La Chapelle-sur-Erdre",
            "slug_ville": "la-chapelle-sur-erdre",
            "code_postal": "44240",
            "population": 20331,
            "superficie_km2": "33.00",
            "latitude_centre": "47.3040009",
            "longitude_centre": "-1.5610000"
        },
        {
            "id": 4295,
            "code_insee": "44036",
            "nom_standard": "Châteaubriant",
            "slug_ville": "chateaubriant",
            "code_postal": "44110",
            "population": 12189,
            "superficie_km2": "34.00",
            "latitude_centre": "47.7220001",
            "longitude_centre": "-1.3870000"
        },
        {
            "id": 4296,
            "code_insee": "44037",
            "nom_standard": "Château-Thébaud",
            "slug_ville": "chateau-thebaud",
            "code_postal": "44690",
            "population": 3147,
            "superficie_km2": "18.00",
            "latitude_centre": "47.1160011",
            "longitude_centre": "-1.4380000"
        },
        {
            "id": 4297,
            "code_insee": "44038",
            "nom_standard": "Chauvé",
            "slug_ville": "chauve",
            "code_postal": "44320",
            "population": 3000,
            "superficie_km2": "41.00",
            "latitude_centre": "47.1590004",
            "longitude_centre": "-2.0120001"
        },
        {
            "id": 4298,
            "code_insee": "44039",
            "nom_standard": "Cheix-en-Retz",
            "slug_ville": "cheix-en-retz",
            "code_postal": "44640",
            "population": 1162,
            "superficie_km2": "8.00",
            "latitude_centre": "47.1809998",
            "longitude_centre": "-1.7980000"
        },
        {
            "id": 4299,
            "code_insee": "44041",
            "nom_standard": "La Chevrolière",
            "slug_ville": "la-chevroliere",
            "code_postal": "44118",
            "population": 6144,
            "superficie_km2": "33.00",
            "latitude_centre": "47.0890007",
            "longitude_centre": "-1.5960000"
        },
        {
            "id": 4300,
            "code_insee": "44043",
            "nom_standard": "Clisson",
            "slug_ville": "clisson",
            "code_postal": "44190",
            "population": 7465,
            "superficie_km2": "11.00",
            "latitude_centre": "47.0979996",
            "longitude_centre": "-1.2700000"
        },
        {
            "id": 4301,
            "code_insee": "44044",
            "nom_standard": "Conquereuil",
            "slug_ville": "conquereuil",
            "code_postal": "44290",
            "population": 1077,
            "superficie_km2": "33.00",
            "latitude_centre": "47.6489983",
            "longitude_centre": "-1.7620000"
        },
        {
            "id": 4302,
            "code_insee": "44045",
            "nom_standard": "Cordemais",
            "slug_ville": "cordemais",
            "code_postal": "44360",
            "population": 3880,
            "superficie_km2": "37.00",
            "latitude_centre": "47.2970009",
            "longitude_centre": "-1.8360000"
        },
        {
            "id": 4303,
            "code_insee": "44046",
            "nom_standard": "Corsept",
            "slug_ville": "corsept",
            "code_postal": "44560",
            "population": 2636,
            "superficie_km2": "24.00",
            "latitude_centre": "47.2599983",
            "longitude_centre": "-2.0940001"
        },
        {
            "id": 4304,
            "code_insee": "44047",
            "nom_standard": "Couëron",
            "slug_ville": "coueron",
            "code_postal": "44220",
            "population": 23057,
            "superficie_km2": "49.00",
            "latitude_centre": "47.2309990",
            "longitude_centre": "-1.7290000"
        },
        {
            "id": 4305,
            "code_insee": "44048",
            "nom_standard": "Couffé",
            "slug_ville": "couffe",
            "code_postal": "44521",
            "population": 2535,
            "superficie_km2": "40.00",
            "latitude_centre": "47.3889999",
            "longitude_centre": "-1.2930000"
        },
        {
            "id": 4306,
            "code_insee": "44049",
            "nom_standard": "Le Croisic",
            "slug_ville": "le-croisic",
            "code_postal": "44490",
            "population": 4107,
            "superficie_km2": "5.00",
            "latitude_centre": "47.2919998",
            "longitude_centre": "-2.5230000"
        },
        {
            "id": 4307,
            "code_insee": "44050",
            "nom_standard": "Crossac",
            "slug_ville": "crossac",
            "code_postal": "44160",
            "population": 2997,
            "superficie_km2": "26.00",
            "latitude_centre": "47.4039993",
            "longitude_centre": "-2.1530001"
        },
        {
            "id": 4308,
            "code_insee": "44051",
            "nom_standard": "Derval",
            "slug_ville": "derval",
            "code_postal": "44590",
            "population": 3556,
            "superficie_km2": "64.00",
            "latitude_centre": "47.6580010",
            "longitude_centre": "-1.6780000"
        },
        {
            "id": 4309,
            "code_insee": "44052",
            "nom_standard": "Donges",
            "slug_ville": "donges",
            "code_postal": "44480",
            "population": 8113,
            "superficie_km2": "50.00",
            "latitude_centre": "47.3390007",
            "longitude_centre": "-2.0739999"
        },
        {
            "id": 4310,
            "code_insee": "44053",
            "nom_standard": "Drefféac",
            "slug_ville": "dreffeac",
            "code_postal": "44530",
            "population": 2288,
            "superficie_km2": "14.00",
            "latitude_centre": "47.4679985",
            "longitude_centre": "-2.0590000"
        },
        {
            "id": 4311,
            "code_insee": "44054",
            "nom_standard": "Erbray",
            "slug_ville": "erbray",
            "code_postal": "44110",
            "population": 3058,
            "superficie_km2": "58.00",
            "latitude_centre": "47.6689987",
            "longitude_centre": "-1.3220000"
        },
        {
            "id": 4312,
            "code_insee": "44055",
            "nom_standard": "La Baule-Escoublac",
            "slug_ville": "la-baule-escoublac",
            "code_postal": "44500",
            "population": 16468,
            "superficie_km2": "27.00",
            "latitude_centre": "47.2910004",
            "longitude_centre": "-2.3540001"
        },
        {
            "id": 4313,
            "code_insee": "44056",
            "nom_standard": "Fay-de-Bretagne",
            "slug_ville": "fay-de-bretagne",
            "code_postal": "44130",
            "population": 3750,
            "superficie_km2": "65.00",
            "latitude_centre": "47.3909988",
            "longitude_centre": "-1.7950000"
        },
        {
            "id": 4314,
            "code_insee": "44057",
            "nom_standard": "Fégréac",
            "slug_ville": "fegreac",
            "code_postal": "44460",
            "population": 2283,
            "superficie_km2": "44.00",
            "latitude_centre": "47.5810013",
            "longitude_centre": "-2.0250001"
        },
        {
            "id": 4315,
            "code_insee": "44061",
            "nom_standard": "Frossay",
            "slug_ville": "frossay",
            "code_postal": "44320",
            "population": 3248,
            "superficie_km2": "60.00",
            "latitude_centre": "47.2459984",
            "longitude_centre": "-1.9340000"
        },
        {
            "id": 4316,
            "code_insee": "44062",
            "nom_standard": "Le Gâvre",
            "slug_ville": "le-gavre",
            "code_postal": "44130",
            "population": 1861,
            "superficie_km2": "54.00",
            "latitude_centre": "47.5279999",
            "longitude_centre": "-1.7940000"
        },
        {
            "id": 4317,
            "code_insee": "44063",
            "nom_standard": "Gétigné",
            "slug_ville": "getigne",
            "code_postal": "44190",
            "population": 3770,
            "superficie_km2": "24.00",
            "latitude_centre": "47.0810013",
            "longitude_centre": "-1.2180001"
        },
        {
            "id": 4318,
            "code_insee": "44064",
            "nom_standard": "Gorges",
            "slug_ville": "gorges",
            "code_postal": "44190",
            "population": 4976,
            "superficie_km2": "16.00",
            "latitude_centre": "47.1040001",
            "longitude_centre": "-1.3110000"
        },
        {
            "id": 4319,
            "code_insee": "44066",
            "nom_standard": "Grandchamp-des-Fontaines",
            "slug_ville": "grandchamp-des-fontaines",
            "code_postal": "44119",
            "population": 6759,
            "superficie_km2": "34.00",
            "latitude_centre": "47.3610001",
            "longitude_centre": "-1.6180000"
        },
        {
            "id": 4320,
            "code_insee": "44067",
            "nom_standard": "Guémené-Penfao",
            "slug_ville": "guemene-penfao",
            "code_postal": "44290",
            "population": 5240,
            "superficie_km2": "106.00",
            "latitude_centre": "47.6279984",
            "longitude_centre": "-1.8310000"
        },
        {
            "id": 4321,
            "code_insee": "44068",
            "nom_standard": "Guenrouet",
            "slug_ville": "guenrouet",
            "code_postal": "44530",
            "population": 3480,
            "superficie_km2": "70.00",
            "latitude_centre": "47.5029984",
            "longitude_centre": "-1.9560000"
        },
        {
            "id": 4322,
            "code_insee": "44069",
            "nom_standard": "Guérande",
            "slug_ville": "guerande",
            "code_postal": "44350",
            "population": 16151,
            "superficie_km2": "82.00",
            "latitude_centre": "47.3310013",
            "longitude_centre": "-2.4170001"
        },
        {
            "id": 4323,
            "code_insee": "44070",
            "nom_standard": "La Haie-Fouassière",
            "slug_ville": "la-haie-fouassiere",
            "code_postal": "44690",
            "population": 4710,
            "superficie_km2": "12.00",
            "latitude_centre": "47.1609993",
            "longitude_centre": "-1.4000000"
        },
        {
            "id": 4324,
            "code_insee": "44071",
            "nom_standard": "Haute-Goulaine",
            "slug_ville": "haute-goulaine",
            "code_postal": "44115",
            "population": 5958,
            "superficie_km2": "21.00",
            "latitude_centre": "47.1959992",
            "longitude_centre": "-1.4100000"
        },
        {
            "id": 4325,
            "code_insee": "44072",
            "nom_standard": "Herbignac",
            "slug_ville": "herbignac",
            "code_postal": "44410",
            "population": 7133,
            "superficie_km2": "71.00",
            "latitude_centre": "47.4469986",
            "longitude_centre": "-2.3130000"
        },
        {
            "id": 4326,
            "code_insee": "44073",
            "nom_standard": "Héric",
            "slug_ville": "heric",
            "code_postal": "44810",
            "population": 6472,
            "superficie_km2": "75.00",
            "latitude_centre": "47.4210014",
            "longitude_centre": "-1.6370000"
        },
        {
            "id": 4327,
            "code_insee": "44074",
            "nom_standard": "Indre",
            "slug_ville": "indre",
            "code_postal": "44610",
            "population": 4130,
            "superficie_km2": "5.00",
            "latitude_centre": "47.1980019",
            "longitude_centre": "-1.6720001"
        },
        {
            "id": 4328,
            "code_insee": "44075",
            "nom_standard": "Issé",
            "slug_ville": "isse",
            "code_postal": "44520",
            "population": 1794,
            "superficie_km2": "39.00",
            "latitude_centre": "47.6170006",
            "longitude_centre": "-1.4560000"
        },
        {
            "id": 4329,
            "code_insee": "44076",
            "nom_standard": "Jans",
            "slug_ville": "jans",
            "code_postal": "44170",
            "population": 1399,
            "superficie_km2": "33.00",
            "latitude_centre": "47.6240006",
            "longitude_centre": "-1.6040000"
        },
        {
            "id": 4330,
            "code_insee": "44077",
            "nom_standard": "Joué-sur-Erdre",
            "slug_ville": "joue-sur-erdre",
            "code_postal": "44440",
            "population": 2693,
            "superficie_km2": "55.00",
            "latitude_centre": "47.5089989",
            "longitude_centre": "-1.4290000"
        },
        {
            "id": 4331,
            "code_insee": "44079",
            "nom_standard": "Le Landreau",
            "slug_ville": "le-landreau",
            "code_postal": "44430",
            "population": 3160,
            "superficie_km2": "24.00",
            "latitude_centre": "47.2080002",
            "longitude_centre": "-1.2980000"
        },
        {
            "id": 4332,
            "code_insee": "44081",
            "nom_standard": "Legé",
            "slug_ville": "lege",
            "code_postal": "44650",
            "population": 4701,
            "superficie_km2": "62.00",
            "latitude_centre": "46.9000015",
            "longitude_centre": "-1.5790000"
        },
        {
            "id": 4333,
            "code_insee": "44082",
            "nom_standard": "Ligné",
            "slug_ville": "ligne",
            "code_postal": "44850",
            "population": 5451,
            "superficie_km2": "46.00",
            "latitude_centre": "47.4010010",
            "longitude_centre": "-1.3810000"
        },
        {
            "id": 4334,
            "code_insee": "44083",
            "nom_standard": "La Limouzinière",
            "slug_ville": "la-limouziniere",
            "code_postal": "44310",
            "population": 2477,
            "superficie_km2": "29.00",
            "latitude_centre": "46.9869995",
            "longitude_centre": "-1.6420000"
        },
        {
            "id": 4335,
            "code_insee": "44084",
            "nom_standard": "Le Loroux-Bottereau",
            "slug_ville": "le-loroux-bottereau",
            "code_postal": "44430",
            "population": 8649,
            "superficie_km2": "45.00",
            "latitude_centre": "47.2330017",
            "longitude_centre": "-1.3320000"
        },
        {
            "id": 4336,
            "code_insee": "44086",
            "nom_standard": "Lusanger",
            "slug_ville": "lusanger",
            "code_postal": "44590",
            "population": 1055,
            "superficie_km2": "36.00",
            "latitude_centre": "47.6759987",
            "longitude_centre": "-1.5820000"
        },
        {
            "id": 4337,
            "code_insee": "44087",
            "nom_standard": "Machecoul-Saint-Même",
            "slug_ville": "machecoul-saint-meme",
            "code_postal": "44270",
            "population": 7642,
            "superficie_km2": "67.00",
            "latitude_centre": "46.9910011",
            "longitude_centre": "-1.8240000"
        },
        {
            "id": 4338,
            "code_insee": "44088",
            "nom_standard": "Maisdon-sur-Sèvre",
            "slug_ville": "maisdon-sur-sevre",
            "code_postal": "44690",
            "population": 3047,
            "superficie_km2": "17.00",
            "latitude_centre": "47.1160011",
            "longitude_centre": "-1.3890001"
        },
        {
            "id": 4339,
            "code_insee": "44089",
            "nom_standard": "Malville",
            "slug_ville": "malville",
            "code_postal": "44260",
            "population": 3627,
            "superficie_km2": "31.00",
            "latitude_centre": "47.3429985",
            "longitude_centre": "-1.8540000"
        },
        {
            "id": 4340,
            "code_insee": "44090",
            "nom_standard": "La Marne",
            "slug_ville": "la-marne",
            "code_postal": "44270",
            "population": 1592,
            "superficie_km2": "18.00",
            "latitude_centre": "46.9910011",
            "longitude_centre": "-1.7190000"
        },
        {
            "id": 4341,
            "code_insee": "44091",
            "nom_standard": "Marsac-sur-Don",
            "slug_ville": "marsac-sur-don",
            "code_postal": "44170",
            "population": 1526,
            "superficie_km2": "28.00",
            "latitude_centre": "47.5919991",
            "longitude_centre": "-1.6960000"
        },
        {
            "id": 4342,
            "code_insee": "44094",
            "nom_standard": "Mauves-sur-Loire",
            "slug_ville": "mauves-sur-loire",
            "code_postal": "44470",
            "population": 3312,
            "superficie_km2": "14.00",
            "latitude_centre": "47.3160019",
            "longitude_centre": "-1.4030000"
        },
        {
            "id": 4343,
            "code_insee": "44095",
            "nom_standard": "La Meilleraye-de-Bretagne",
            "slug_ville": "la-meilleraye-de-bretagne",
            "code_postal": "44520",
            "population": 1568,
            "superficie_km2": "28.00",
            "latitude_centre": "47.5639992",
            "longitude_centre": "-1.3940001"
        },
        {
            "id": 4344,
            "code_insee": "44096",
            "nom_standard": "Mésanger",
            "slug_ville": "mesanger",
            "code_postal": "44522",
            "population": 4704,
            "superficie_km2": "50.00",
            "latitude_centre": "47.4290009",
            "longitude_centre": "-1.2260000"
        },
        {
            "id": 4345,
            "code_insee": "44097",
            "nom_standard": "Mesquer",
            "slug_ville": "mesquer",
            "code_postal": "44420",
            "population": 2112,
            "superficie_km2": "17.00",
            "latitude_centre": "47.3959999",
            "longitude_centre": "-2.4710000"
        },
        {
            "id": 4346,
            "code_insee": "44098",
            "nom_standard": "Missillac",
            "slug_ville": "missillac",
            "code_postal": "44780",
            "population": 5529,
            "superficie_km2": "60.00",
            "latitude_centre": "47.4879990",
            "longitude_centre": "-2.1780000"
        },
        {
            "id": 4347,
            "code_insee": "44099",
            "nom_standard": "Moisdon-la-Rivière",
            "slug_ville": "moisdon-la-riviere",
            "code_postal": "44520",
            "population": 1962,
            "superficie_km2": "51.00",
            "latitude_centre": "47.6220017",
            "longitude_centre": "-1.3750000"
        },
        {
            "id": 4348,
            "code_insee": "44100",
            "nom_standard": "Monnières",
            "slug_ville": "monnieres",
            "code_postal": "44690",
            "population": 2329,
            "superficie_km2": "10.00",
            "latitude_centre": "47.1199989",
            "longitude_centre": "-1.3490000"
        },
        {
            "id": 4349,
            "code_insee": "44101",
            "nom_standard": "La Montagne",
            "slug_ville": "la-montagne",
            "code_postal": "44620",
            "population": 6488,
            "superficie_km2": "4.00",
            "latitude_centre": "47.1850014",
            "longitude_centre": "-1.6849999"
        },
        {
            "id": 4350,
            "code_insee": "44102",
            "nom_standard": "Montbert",
            "slug_ville": "montbert",
            "code_postal": "44140",
            "population": 3305,
            "superficie_km2": "29.00",
            "latitude_centre": "47.0680008",
            "longitude_centre": "-1.4700000"
        },
        {
            "id": 4351,
            "code_insee": "44103",
            "nom_standard": "Montoir-de-Bretagne",
            "slug_ville": "montoir-de-bretagne",
            "code_postal": "44550",
            "population": 7252,
            "superficie_km2": "30.00",
            "latitude_centre": "47.3230019",
            "longitude_centre": "-2.1470001"
        },
        {
            "id": 4352,
            "code_insee": "44106",
            "nom_standard": "Les Moutiers-en-Retz",
            "slug_ville": "les-moutiers-en-retz",
            "code_postal": "44760",
            "population": 1827,
            "superficie_km2": "10.00",
            "latitude_centre": "47.0620003",
            "longitude_centre": "-1.9900000"
        },
        {
            "id": 4353,
            "code_insee": "44107",
            "nom_standard": "Mouzeil",
            "slug_ville": "mouzeil",
            "code_postal": "44850",
            "population": 1973,
            "superficie_km2": "19.00",
            "latitude_centre": "47.4379997",
            "longitude_centre": "-1.3310000"
        },
        {
            "id": 4354,
            "code_insee": "44108",
            "nom_standard": "Mouzillon",
            "slug_ville": "mouzillon",
            "code_postal": "44330",
            "population": 2883,
            "superficie_km2": "16.00",
            "latitude_centre": "47.1290016",
            "longitude_centre": "-1.2740000"
        },
        {
            "id": 4355,
            "code_insee": "44109",
            "nom_standard": "Nantes",
            "slug_ville": "nantes",
            "code_postal": "44200",
            "population": 323204,
            "superficie_km2": "66.00",
            "latitude_centre": "47.2319984",
            "longitude_centre": "-1.5480000"
        },
        {
            "id": 4356,
            "code_insee": "44110",
            "nom_standard": "Nort-sur-Erdre",
            "slug_ville": "nort-sur-erdre",
            "code_postal": "44390",
            "population": 9327,
            "superficie_km2": "67.00",
            "latitude_centre": "47.4469986",
            "longitude_centre": "-1.5180000"
        },
        {
            "id": 4357,
            "code_insee": "44111",
            "nom_standard": "Notre-Dame-des-Landes",
            "slug_ville": "notre-dame-des-landes",
            "code_postal": "44130",
            "population": 2310,
            "superficie_km2": "38.00",
            "latitude_centre": "47.3750000",
            "longitude_centre": "-1.7160000"
        },
        {
            "id": 4358,
            "code_insee": "44113",
            "nom_standard": "Nozay",
            "slug_ville": "nozay",
            "code_postal": "44170",
            "population": 4228,
            "superficie_km2": "58.00",
            "latitude_centre": "47.5730019",
            "longitude_centre": "-1.6010000"
        },
        {
            "id": 4359,
            "code_insee": "44114",
            "nom_standard": "Orvault",
            "slug_ville": "orvault",
            "code_postal": "44700",
            "population": 27872,
            "superficie_km2": "28.00",
            "latitude_centre": "47.2739983",
            "longitude_centre": "-1.6230000"
        },
        {
            "id": 4360,
            "code_insee": "44115",
            "nom_standard": "Oudon",
            "slug_ville": "oudon",
            "code_postal": "44521",
            "population": 3925,
            "superficie_km2": "22.00",
            "latitude_centre": "47.3549995",
            "longitude_centre": "-1.2710000"
        },
        {
            "id": 4361,
            "code_insee": "44116",
            "nom_standard": "Paimbœuf",
            "slug_ville": "paimboeuf",
            "code_postal": "44560",
            "population": 3015,
            "superficie_km2": "2.00",
            "latitude_centre": "47.2859993",
            "longitude_centre": "-2.0280001"
        },
        {
            "id": 4362,
            "code_insee": "44117",
            "nom_standard": "Le Pallet",
            "slug_ville": "le-pallet",
            "code_postal": "44330",
            "population": 3335,
            "superficie_km2": "11.00",
            "latitude_centre": "47.1440010",
            "longitude_centre": "-1.3450000"
        },
        {
            "id": 4363,
            "code_insee": "44118",
            "nom_standard": "Pannecé",
            "slug_ville": "pannece",
            "code_postal": "44440",
            "population": 1439,
            "superficie_km2": "31.00",
            "latitude_centre": "47.4879990",
            "longitude_centre": "-1.2160000"
        },
        {
            "id": 4364,
            "code_insee": "44119",
            "nom_standard": "Paulx",
            "slug_ville": "paulx",
            "code_postal": "44270",
            "population": 2023,
            "superficie_km2": "36.00",
            "latitude_centre": "46.9580002",
            "longitude_centre": "-1.7780000"
        },
        {
            "id": 4365,
            "code_insee": "44120",
            "nom_standard": "Le Pellerin",
            "slug_ville": "le-pellerin",
            "code_postal": "44640",
            "population": 5358,
            "superficie_km2": "31.00",
            "latitude_centre": "47.2229996",
            "longitude_centre": "-1.8250000"
        },
        {
            "id": 4366,
            "code_insee": "44122",
            "nom_standard": "Petit-Mars",
            "slug_ville": "petit-mars",
            "code_postal": "44390",
            "population": 3841,
            "superficie_km2": "26.00",
            "latitude_centre": "47.4049988",
            "longitude_centre": "-1.4570000"
        },
        {
            "id": 4367,
            "code_insee": "44123",
            "nom_standard": "Pierric",
            "slug_ville": "pierric",
            "code_postal": "44290",
            "population": 1004,
            "superficie_km2": "28.00",
            "latitude_centre": "47.6889992",
            "longitude_centre": "-1.7750000"
        },
        {
            "id": 4368,
            "code_insee": "44125",
            "nom_standard": "Piriac-sur-Mer",
            "slug_ville": "piriac-sur-mer",
            "code_postal": "44420",
            "population": 2516,
            "superficie_km2": "12.00",
            "latitude_centre": "47.3779984",
            "longitude_centre": "-2.5170000"
        },
        {
            "id": 4369,
            "code_insee": "44126",
            "nom_standard": "La Plaine-sur-Mer",
            "slug_ville": "la-plaine-sur-mer",
            "code_postal": "44770",
            "population": 4478,
            "superficie_km2": "16.00",
            "latitude_centre": "47.1440010",
            "longitude_centre": "-2.1840000"
        },
        {
            "id": 4370,
            "code_insee": "44127",
            "nom_standard": "La Planche",
            "slug_ville": "la-planche",
            "code_postal": "44140",
            "population": 2799,
            "superficie_km2": "24.00",
            "latitude_centre": "47.0200005",
            "longitude_centre": "-1.4400001"
        },
        {
            "id": 4371,
            "code_insee": "44128",
            "nom_standard": "Plessé",
            "slug_ville": "plesse",
            "code_postal": "44630",
            "population": 5257,
            "superficie_km2": "105.00",
            "latitude_centre": "47.5559998",
            "longitude_centre": "-1.8900000"
        },
        {
            "id": 4372,
            "code_insee": "44129",
            "nom_standard": "Pontchâteau",
            "slug_ville": "pontchateau",
            "code_postal": "44160",
            "population": 11075,
            "superficie_km2": "56.00",
            "latitude_centre": "47.4339981",
            "longitude_centre": "-2.0960000"
        },
        {
            "id": 4373,
            "code_insee": "44130",
            "nom_standard": "Pont-Saint-Martin",
            "slug_ville": "pont-saint-martin",
            "code_postal": "44860",
            "population": 6780,
            "superficie_km2": "22.00",
            "latitude_centre": "47.1269989",
            "longitude_centre": "-1.5660000"
        },
        {
            "id": 4374,
            "code_insee": "44131",
            "nom_standard": "Pornic",
            "slug_ville": "pornic",
            "code_postal": "44210",
            "population": 17910,
            "superficie_km2": "95.00",
            "latitude_centre": "47.1220017",
            "longitude_centre": "-2.0520000"
        },
        {
            "id": 4375,
            "code_insee": "44132",
            "nom_standard": "Pornichet",
            "slug_ville": "pornichet",
            "code_postal": "44380",
            "population": 12121,
            "superficie_km2": "13.00",
            "latitude_centre": "47.2620010",
            "longitude_centre": "-2.3139999"
        },
        {
            "id": 4376,
            "code_insee": "44133",
            "nom_standard": "Port-Saint-Père",
            "slug_ville": "port-saint-pere",
            "code_postal": "44710",
            "population": 3013,
            "superficie_km2": "33.00",
            "latitude_centre": "47.1409988",
            "longitude_centre": "-1.7680000"
        },
        {
            "id": 4377,
            "code_insee": "44134",
            "nom_standard": "Pouillé-les-Côteaux",
            "slug_ville": "pouille-les-coteaux",
            "code_postal": "44522",
            "population": 1067,
            "superficie_km2": "12.00",
            "latitude_centre": "47.4679985",
            "longitude_centre": "-1.1750000"
        },
        {
            "id": 4378,
            "code_insee": "44135",
            "nom_standard": "Le Pouliguen",
            "slug_ville": "le-pouliguen",
            "code_postal": "44510",
            "population": 4005,
            "superficie_km2": "4.00",
            "latitude_centre": "47.2719994",
            "longitude_centre": "-2.4319999"
        },
        {
            "id": 4379,
            "code_insee": "44136",
            "nom_standard": "Préfailles",
            "slug_ville": "prefailles",
            "code_postal": "44770",
            "population": 1223,
            "superficie_km2": "5.00",
            "latitude_centre": "47.1320000",
            "longitude_centre": "-2.2140000"
        },
        {
            "id": 4380,
            "code_insee": "44137",
            "nom_standard": "Prinquiau",
            "slug_ville": "prinquiau",
            "code_postal": "44260",
            "population": 3522,
            "superficie_km2": "23.00",
            "latitude_centre": "47.3740006",
            "longitude_centre": "-2.0190001"
        },
        {
            "id": 4381,
            "code_insee": "44138",
            "nom_standard": "Puceul",
            "slug_ville": "puceul",
            "code_postal": "44390",
            "population": 1136,
            "superficie_km2": "20.00",
            "latitude_centre": "47.5190010",
            "longitude_centre": "-1.6200000"
        },
        {
            "id": 4382,
            "code_insee": "44139",
            "nom_standard": "Quilly",
            "slug_ville": "quilly",
            "code_postal": "44750",
            "population": 1488,
            "superficie_km2": "18.00",
            "latitude_centre": "47.4620018",
            "longitude_centre": "-1.9410000"
        },
        {
            "id": 4383,
            "code_insee": "44140",
            "nom_standard": "La Regrippière",
            "slug_ville": "la-regrippiere",
            "code_postal": "44330",
            "population": 1506,
            "superficie_km2": "18.00",
            "latitude_centre": "47.1850014",
            "longitude_centre": "-1.1940000"
        },
        {
            "id": 4384,
            "code_insee": "44141",
            "nom_standard": "La Remaudière",
            "slug_ville": "la-remaudiere",
            "code_postal": "44430",
            "population": 1282,
            "superficie_km2": "13.00",
            "latitude_centre": "47.2260017",
            "longitude_centre": "-1.2320000"
        },
        {
            "id": 4385,
            "code_insee": "44142",
            "nom_standard": "Remouillé",
            "slug_ville": "remouille",
            "code_postal": "44140",
            "population": 1941,
            "superficie_km2": "22.00",
            "latitude_centre": "47.0390015",
            "longitude_centre": "-1.3880000"
        },
        {
            "id": 4386,
            "code_insee": "44143",
            "nom_standard": "Rezé",
            "slug_ville": "reze",
            "code_postal": "44400",
            "population": 42998,
            "superficie_km2": "16.00",
            "latitude_centre": "47.1759987",
            "longitude_centre": "-1.5500000"
        },
        {
            "id": 4387,
            "code_insee": "44144",
            "nom_standard": "Riaillé",
            "slug_ville": "riaille",
            "code_postal": "44440",
            "population": 2358,
            "superficie_km2": "51.00",
            "latitude_centre": "47.5209999",
            "longitude_centre": "-1.3120000"
        },
        {
            "id": 4388,
            "code_insee": "44145",
            "nom_standard": "Rouans",
            "slug_ville": "rouans",
            "code_postal": "44640",
            "population": 3203,
            "superficie_km2": "38.00",
            "latitude_centre": "47.1759987",
            "longitude_centre": "-1.8430001"
        },
        {
            "id": 4389,
            "code_insee": "44146",
            "nom_standard": "Rougé",
            "slug_ville": "rouge",
            "code_postal": "44660",
            "population": 2146,
            "superficie_km2": "57.00",
            "latitude_centre": "47.7700005",
            "longitude_centre": "-1.4340000"
        },
        {
            "id": 4390,
            "code_insee": "44149",
            "nom_standard": "Saffré",
            "slug_ville": "saffre",
            "code_postal": "44390",
            "population": 4036,
            "superficie_km2": "59.00",
            "latitude_centre": "47.4910011",
            "longitude_centre": "-1.5790000"
        },
        {
            "id": 4391,
            "code_insee": "44150",
            "nom_standard": "Saint-Aignan-Grandlieu",
            "slug_ville": "saint-aignan-grandlieu",
            "code_postal": "44860",
            "population": 3986,
            "superficie_km2": "18.00",
            "latitude_centre": "47.1329994",
            "longitude_centre": "-1.6230000"
        },
        {
            "id": 4392,
            "code_insee": "44151",
            "nom_standard": "Saint-André-des-Eaux",
            "slug_ville": "saint-andre-des-eaux",
            "code_postal": "44117",
            "population": 6881,
            "superficie_km2": "25.00",
            "latitude_centre": "47.3230019",
            "longitude_centre": "-2.3130000"
        },
        {
            "id": 4393,
            "code_insee": "44152",
            "nom_standard": "Sainte-Anne-sur-Brivet",
            "slug_ville": "sainte-anne-sur-brivet",
            "code_postal": "44160",
            "population": 2996,
            "superficie_km2": "26.00",
            "latitude_centre": "47.4519997",
            "longitude_centre": "-2.0190001"
        },
        {
            "id": 4394,
            "code_insee": "44153",
            "nom_standard": "Saint-Aubin-des-Châteaux",
            "slug_ville": "saint-aubin-des-chateaux",
            "code_postal": "44110",
            "population": 1740,
            "superficie_km2": "48.00",
            "latitude_centre": "47.7060013",
            "longitude_centre": "-1.4790000"
        },
        {
            "id": 4395,
            "code_insee": "44154",
            "nom_standard": "Saint-Brevin-les-Pins",
            "slug_ville": "saint-brevin-les-pins",
            "code_postal": "44250",
            "population": 14411,
            "superficie_km2": "21.00",
            "latitude_centre": "47.2379990",
            "longitude_centre": "-2.1520000"
        },
        {
            "id": 4396,
            "code_insee": "44155",
            "nom_standard": "Saint-Colomban",
            "slug_ville": "saint-colomban",
            "code_postal": "44310",
            "population": 3485,
            "superficie_km2": "36.00",
            "latitude_centre": "47.0250015",
            "longitude_centre": "-1.5590000"
        },
        {
            "id": 4397,
            "code_insee": "44156",
            "nom_standard": "Corcoué-sur-Logne",
            "slug_ville": "corcoue-sur-logne",
            "code_postal": "44650",
            "population": 3152,
            "superficie_km2": "51.00",
            "latitude_centre": "46.9529991",
            "longitude_centre": "-1.6010000"
        },
        {
            "id": 4398,
            "code_insee": "44157",
            "nom_standard": "Saint-Étienne-de-Mer-Morte",
            "slug_ville": "saint-etienne-de-mer-morte",
            "code_postal": "44270",
            "population": 1742,
            "superficie_km2": "27.00",
            "latitude_centre": "46.9449997",
            "longitude_centre": "-1.7180001"
        },
        {
            "id": 4399,
            "code_insee": "44158",
            "nom_standard": "Saint-Étienne-de-Montluc",
            "slug_ville": "saint-etienne-de-montluc",
            "code_postal": "44360",
            "population": 7658,
            "superficie_km2": "57.00",
            "latitude_centre": "47.2649994",
            "longitude_centre": "-1.7840000"
        },
        {
            "id": 4400,
            "code_insee": "44159",
            "nom_standard": "Saint-Fiacre-sur-Maine",
            "slug_ville": "saint-fiacre-sur-maine",
            "code_postal": "44690",
            "population": 1241,
            "superficie_km2": "6.00",
            "latitude_centre": "47.1430016",
            "longitude_centre": "-1.4160000"
        },
        {
            "id": 4401,
            "code_insee": "44161",
            "nom_standard": "Saint-Gildas-des-Bois",
            "slug_ville": "saint-gildas-des-bois",
            "code_postal": "44530",
            "population": 3780,
            "superficie_km2": "34.00",
            "latitude_centre": "47.5089989",
            "longitude_centre": "-2.0599999"
        },
        {
            "id": 4402,
            "code_insee": "44162",
            "nom_standard": "Saint-Herblain",
            "slug_ville": "saint-herblain",
            "code_postal": "44800",
            "population": 49537,
            "superficie_km2": "30.00",
            "latitude_centre": "47.2239990",
            "longitude_centre": "-1.6339999"
        },
        {
            "id": 4403,
            "code_insee": "44163",
            "nom_standard": "Vair-sur-Loire",
            "slug_ville": "vair-sur-loire",
            "code_postal": "44150",
            "population": 4828,
            "superficie_km2": "37.00",
            "latitude_centre": "47.4059982",
            "longitude_centre": "-1.1150000"
        },
        {
            "id": 4404,
            "code_insee": "44164",
            "nom_standard": "Saint-Hilaire-de-Chaléons",
            "slug_ville": "saint-hilaire-de-chaleons",
            "code_postal": "44680",
            "population": 2353,
            "superficie_km2": "35.00",
            "latitude_centre": "47.0960007",
            "longitude_centre": "-1.8800000"
        },
        {
            "id": 4405,
            "code_insee": "44165",
            "nom_standard": "Saint-Hilaire-de-Clisson",
            "slug_ville": "saint-hilaire-de-clisson",
            "code_postal": "44190",
            "population": 2378,
            "superficie_km2": "19.00",
            "latitude_centre": "47.0600014",
            "longitude_centre": "-1.3170000"
        },
        {
            "id": 4406,
            "code_insee": "44166",
            "nom_standard": "Saint-Jean-de-Boiseau",
            "slug_ville": "saint-jean-de-boiseau",
            "code_postal": "44640",
            "population": 5982,
            "superficie_km2": "12.00",
            "latitude_centre": "47.1940002",
            "longitude_centre": "-1.7200000"
        },
        {
            "id": 4407,
            "code_insee": "44168",
            "nom_standard": "Saint-Joachim",
            "slug_ville": "saint-joachim",
            "code_postal": "44720",
            "population": 4139,
            "superficie_km2": "86.00",
            "latitude_centre": "47.3720017",
            "longitude_centre": "-2.2430000"
        },
        {
            "id": 4408,
            "code_insee": "44169",
            "nom_standard": "Saint-Julien-de-Concelles",
            "slug_ville": "saint-julien-de-concelles",
            "code_postal": "44450",
            "population": 7653,
            "superficie_km2": "33.00",
            "latitude_centre": "47.2459984",
            "longitude_centre": "-1.4060000"
        },
        {
            "id": 4409,
            "code_insee": "44171",
            "nom_standard": "Saint-Léger-les-Vignes",
            "slug_ville": "saint-leger-les-vignes",
            "code_postal": "44710",
            "population": 2056,
            "superficie_km2": "7.00",
            "latitude_centre": "47.1430016",
            "longitude_centre": "-1.7140000"
        },
        {
            "id": 4410,
            "code_insee": "44172",
            "nom_standard": "Sainte-Luce-sur-Loire",
            "slug_ville": "sainte-luce-sur-loire",
            "code_postal": "44980",
            "population": 15527,
            "superficie_km2": "11.00",
            "latitude_centre": "47.2540016",
            "longitude_centre": "-1.4730001"
        },
        {
            "id": 4411,
            "code_insee": "44173",
            "nom_standard": "Saint-Lumine-de-Clisson",
            "slug_ville": "saint-lumine-de-clisson",
            "code_postal": "44190",
            "population": 2141,
            "superficie_km2": "18.00",
            "latitude_centre": "47.0800018",
            "longitude_centre": "-1.3630000"
        },
        {
            "id": 4412,
            "code_insee": "44174",
            "nom_standard": "Saint-Lumine-de-Coutais",
            "slug_ville": "saint-lumine-de-coutais",
            "code_postal": "44310",
            "population": 2357,
            "superficie_km2": "18.00",
            "latitude_centre": "47.0519981",
            "longitude_centre": "-1.7240000"
        },
        {
            "id": 4413,
            "code_insee": "44175",
            "nom_standard": "Saint-Lyphard",
            "slug_ville": "saint-lyphard",
            "code_postal": "44410",
            "population": 5104,
            "superficie_km2": "24.00",
            "latitude_centre": "47.3779984",
            "longitude_centre": "-2.3350000"
        },
        {
            "id": 4414,
            "code_insee": "44176",
            "nom_standard": "Saint-Malo-de-Guersac",
            "slug_ville": "saint-malo-de-guersac",
            "code_postal": "44550",
            "population": 3188,
            "superficie_km2": "15.00",
            "latitude_centre": "47.3559990",
            "longitude_centre": "-2.1719999"
        },
        {
            "id": 4415,
            "code_insee": "44178",
            "nom_standard": "Saint-Mars-de-Coutais",
            "slug_ville": "saint-mars-de-coutais",
            "code_postal": "44680",
            "population": 2645,
            "superficie_km2": "35.00",
            "latitude_centre": "47.0800018",
            "longitude_centre": "-1.7520000"
        },
        {
            "id": 4416,
            "code_insee": "44179",
            "nom_standard": "Saint-Mars-du-Désert",
            "slug_ville": "saint-mars-du-desert",
            "code_postal": "44850",
            "population": 5299,
            "superficie_km2": "30.00",
            "latitude_centre": "47.3569984",
            "longitude_centre": "-1.4450001"
        },
        {
            "id": 4417,
            "code_insee": "44180",
            "nom_standard": "Vallons-de-l'Erdre",
            "slug_ville": "vallons-de-l-erdre",
            "code_postal": "44540",
            "population": 6559,
            "superficie_km2": "20.00",
            "latitude_centre": "47.5309982",
            "longitude_centre": "-1.1940000"
        },
        {
            "id": 4418,
            "code_insee": "44182",
            "nom_standard": "Saint-Michel-Chef-Chef",
            "slug_ville": "saint-michel-chef-chef",
            "code_postal": "44730",
            "population": 5324,
            "superficie_km2": "25.00",
            "latitude_centre": "47.1759987",
            "longitude_centre": "-2.1270001"
        },
        {
            "id": 4419,
            "code_insee": "44183",
            "nom_standard": "Saint-Molf",
            "slug_ville": "saint-molf",
            "code_postal": "44350",
            "population": 2848,
            "superficie_km2": "23.00",
            "latitude_centre": "47.3880005",
            "longitude_centre": "-2.4150000"
        },
        {
            "id": 4420,
            "code_insee": "44184",
            "nom_standard": "Saint-Nazaire",
            "slug_ville": "saint-nazaire",
            "code_postal": "44600",
            "population": 72057,
            "superficie_km2": "48.00",
            "latitude_centre": "47.2799988",
            "longitude_centre": "-2.2539999"
        },
        {
            "id": 4421,
            "code_insee": "44185",
            "nom_standard": "Saint-Nicolas-de-Redon",
            "slug_ville": "saint-nicolas-de-redon",
            "code_postal": "44460",
            "population": 3279,
            "superficie_km2": "22.00",
            "latitude_centre": "47.6360016",
            "longitude_centre": "-2.0569999"
        },
        {
            "id": 4422,
            "code_insee": "44186",
            "nom_standard": "Sainte-Pazanne",
            "slug_ville": "sainte-pazanne",
            "code_postal": "44680",
            "population": 7218,
            "superficie_km2": "42.00",
            "latitude_centre": "47.0839996",
            "longitude_centre": "-1.8180000"
        },
        {
            "id": 4423,
            "code_insee": "44187",
            "nom_standard": "Saint-Père-en-Retz",
            "slug_ville": "saint-pere-en-retz",
            "code_postal": "44320",
            "population": 4620,
            "superficie_km2": "64.00",
            "latitude_centre": "47.2249985",
            "longitude_centre": "-2.0660000"
        },
        {
            "id": 4424,
            "code_insee": "44188",
            "nom_standard": "Saint-Philbert-de-Grand-Lieu",
            "slug_ville": "saint-philbert-de-grand-lieu",
            "code_postal": "44310",
            "population": 9388,
            "superficie_km2": "98.00",
            "latitude_centre": "47.0600014",
            "longitude_centre": "-1.6569999"
        },
        {
            "id": 4425,
            "code_insee": "44189",
            "nom_standard": "Sainte-Reine-de-Bretagne",
            "slug_ville": "sainte-reine-de-bretagne",
            "code_postal": "44160",
            "population": 2414,
            "superficie_km2": "20.00",
            "latitude_centre": "47.4440002",
            "longitude_centre": "-2.1810000"
        },
        {
            "id": 4426,
            "code_insee": "44190",
            "nom_standard": "Saint-Sébastien-sur-Loire",
            "slug_ville": "saint-sebastien-sur-loire",
            "code_postal": "44230",
            "population": 28283,
            "superficie_km2": "12.00",
            "latitude_centre": "47.2029991",
            "longitude_centre": "-1.4990000"
        },
        {
            "id": 4427,
            "code_insee": "44192",
            "nom_standard": "Saint-Viaud",
            "slug_ville": "saint-viaud",
            "code_postal": "44320",
            "population": 2764,
            "superficie_km2": "32.00",
            "latitude_centre": "47.2480011",
            "longitude_centre": "-1.9930000"
        },
        {
            "id": 4428,
            "code_insee": "44193",
            "nom_standard": "Saint-Vincent-des-Landes",
            "slug_ville": "saint-vincent-des-landes",
            "code_postal": "44590",
            "population": 1529,
            "superficie_km2": "34.00",
            "latitude_centre": "47.6559982",
            "longitude_centre": "-1.5050000"
        },
        {
            "id": 4429,
            "code_insee": "44194",
            "nom_standard": "Sautron",
            "slug_ville": "sautron",
            "code_postal": "44880",
            "population": 8512,
            "superficie_km2": "18.00",
            "latitude_centre": "47.2729988",
            "longitude_centre": "-1.6799999"
        },
        {
            "id": 4430,
            "code_insee": "44195",
            "nom_standard": "Savenay",
            "slug_ville": "savenay",
            "code_postal": "44260",
            "population": 9350,
            "superficie_km2": "26.00",
            "latitude_centre": "47.3569984",
            "longitude_centre": "-1.9180000"
        },
        {
            "id": 4431,
            "code_insee": "44196",
            "nom_standard": "Sévérac",
            "slug_ville": "severac",
            "code_postal": "44530",
            "population": 1673,
            "superficie_km2": "22.00",
            "latitude_centre": "47.5540009",
            "longitude_centre": "-2.0669999"
        },
        {
            "id": 4432,
            "code_insee": "44197",
            "nom_standard": "Sion-les-Mines",
            "slug_ville": "sion-les-mines",
            "code_postal": "44590",
            "population": 1647,
            "superficie_km2": "55.00",
            "latitude_centre": "47.7290001",
            "longitude_centre": "-1.5810000"
        },
        {
            "id": 4433,
            "code_insee": "44198",
            "nom_standard": "Les Sorinières",
            "slug_ville": "les-sorinieres",
            "code_postal": "44840",
            "population": 9031,
            "superficie_km2": "13.00",
            "latitude_centre": "47.1419983",
            "longitude_centre": "-1.5200000"
        },
        {
            "id": 4434,
            "code_insee": "44199",
            "nom_standard": "Soudan",
            "slug_ville": "soudan",
            "code_postal": "44110",
            "population": 1981,
            "superficie_km2": "54.00",
            "latitude_centre": "47.7260017",
            "longitude_centre": "-1.2900000"
        },
        {
            "id": 4435,
            "code_insee": "44201",
            "nom_standard": "Sucé-sur-Erdre",
            "slug_ville": "suce-sur-erdre",
            "code_postal": "44240",
            "population": 7366,
            "superficie_km2": "41.00",
            "latitude_centre": "47.3540001",
            "longitude_centre": "-1.5200000"
        },
        {
            "id": 4436,
            "code_insee": "44202",
            "nom_standard": "Teillé",
            "slug_ville": "teille",
            "code_postal": "44440",
            "population": 1812,
            "superficie_km2": "29.00",
            "latitude_centre": "47.4640007",
            "longitude_centre": "-1.2869999"
        },
        {
            "id": 4437,
            "code_insee": "44203",
            "nom_standard": "Le Temple-de-Bretagne",
            "slug_ville": "le-temple-de-bretagne",
            "code_postal": "44360",
            "population": 2036,
            "superficie_km2": "2.00",
            "latitude_centre": "47.3279991",
            "longitude_centre": "-1.7900000"
        },
        {
            "id": 4438,
            "code_insee": "44204",
            "nom_standard": "Thouaré-sur-Loire",
            "slug_ville": "thouare-sur-loire",
            "code_postal": "44470",
            "population": 10783,
            "superficie_km2": "13.00",
            "latitude_centre": "47.2760010",
            "longitude_centre": "-1.4320000"
        },
        {
            "id": 4439,
            "code_insee": "44205",
            "nom_standard": "Les Touches",
            "slug_ville": "les-touches",
            "code_postal": "44390",
            "population": 2577,
            "superficie_km2": "35.00",
            "latitude_centre": "47.4519997",
            "longitude_centre": "-1.4280000"
        },
        {
            "id": 4440,
            "code_insee": "44206",
            "nom_standard": "Touvois",
            "slug_ville": "touvois",
            "code_postal": "44650",
            "population": 1913,
            "superficie_km2": "37.00",
            "latitude_centre": "46.9059982",
            "longitude_centre": "-1.6799999"
        },
        {
            "id": 4441,
            "code_insee": "44207",
            "nom_standard": "Trans-sur-Erdre",
            "slug_ville": "trans-sur-erdre",
            "code_postal": "44440",
            "population": 1114,
            "superficie_km2": "23.00",
            "latitude_centre": "47.4790001",
            "longitude_centre": "-1.3640000"
        },
        {
            "id": 4442,
            "code_insee": "44209",
            "nom_standard": "Treillières",
            "slug_ville": "treillieres",
            "code_postal": "44119",
            "population": 10230,
            "superficie_km2": "29.00",
            "latitude_centre": "47.3180008",
            "longitude_centre": "-1.6260000"
        },
        {
            "id": 4443,
            "code_insee": "44210",
            "nom_standard": "Trignac",
            "slug_ville": "trignac",
            "code_postal": "44570",
            "population": 8106,
            "superficie_km2": "14.00",
            "latitude_centre": "47.3120003",
            "longitude_centre": "-2.2070000"
        },
        {
            "id": 4444,
            "code_insee": "44211",
            "nom_standard": "La Turballe",
            "slug_ville": "la-turballe",
            "code_postal": "44420",
            "population": 4864,
            "superficie_km2": "18.00",
            "latitude_centre": "47.3510017",
            "longitude_centre": "-2.4879999"
        },
        {
            "id": 4445,
            "code_insee": "44212",
            "nom_standard": "Vallet",
            "slug_ville": "vallet",
            "code_postal": "44330",
            "population": 9468,
            "superficie_km2": "58.00",
            "latitude_centre": "47.1720009",
            "longitude_centre": "-1.2620000"
        },
        {
            "id": 4446,
            "code_insee": "44213",
            "nom_standard": "Loireauxence",
            "slug_ville": "loireauxence",
            "code_postal": "44370",
            "population": 7517,
            "superficie_km2": "45.00",
            "latitude_centre": "47.4020004",
            "longitude_centre": "-1.0240000"
        },
        {
            "id": 4447,
            "code_insee": "44214",
            "nom_standard": "Vay",
            "slug_ville": "vay",
            "code_postal": "44170",
            "population": 2052,
            "superficie_km2": "36.00",
            "latitude_centre": "47.5449982",
            "longitude_centre": "-1.7079999"
        },
        {
            "id": 4448,
            "code_insee": "44215",
            "nom_standard": "Vertou",
            "slug_ville": "vertou",
            "code_postal": "44120",
            "population": 26002,
            "superficie_km2": "38.00",
            "latitude_centre": "47.1599999",
            "longitude_centre": "-1.4700000"
        },
        {
            "id": 4449,
            "code_insee": "44216",
            "nom_standard": "Vieillevigne",
            "slug_ville": "vieillevigne",
            "code_postal": "44116",
            "population": 4070,
            "superficie_km2": "52.00",
            "latitude_centre": "46.9710007",
            "longitude_centre": "-1.4190000"
        },
        {
            "id": 4450,
            "code_insee": "44217",
            "nom_standard": "Vigneux-de-Bretagne",
            "slug_ville": "vigneux-de-bretagne",
            "code_postal": "44360",
            "population": 6480,
            "superficie_km2": "53.00",
            "latitude_centre": "47.3199997",
            "longitude_centre": "-1.7200000"
        },
        {
            "id": 4451,
            "code_insee": "44220",
            "nom_standard": "Vue",
            "slug_ville": "vue",
            "code_postal": "44640",
            "population": 1673,
            "superficie_km2": "20.00",
            "latitude_centre": "47.1940002",
            "longitude_centre": "-1.9010000"
        },
        {
            "id": 4452,
            "code_insee": "44221",
            "nom_standard": "La Chevallerais",
            "slug_ville": "la-chevallerais",
            "code_postal": "44810",
            "population": 1549,
            "superficie_km2": "11.00",
            "latitude_centre": "47.4770012",
            "longitude_centre": "-1.6650000"
        },
        {
            "id": 4453,
            "code_insee": "44222",
            "nom_standard": "La Roche-Blanche",
            "slug_ville": "la-roche-blanche",
            "code_postal": "44522",
            "population": 1245,
            "superficie_km2": "15.00",
            "latitude_centre": "47.4379997",
            "longitude_centre": "-1.1440001"
        },
        {
            "id": 4454,
            "code_insee": "44223",
            "nom_standard": "Geneston",
            "slug_ville": "geneston",
            "code_postal": "44140",
            "population": 3697,
            "superficie_km2": "8.00",
            "latitude_centre": "47.0600014",
            "longitude_centre": "-1.5260000"
        },
        {
            "id": 4455,
            "code_insee": "44224",
            "nom_standard": "La Grigonnais",
            "slug_ville": "la-grigonnais",
            "code_postal": "44170",
            "population": 1761,
            "superficie_km2": "21.00",
            "latitude_centre": "47.5180016",
            "longitude_centre": "-1.6799999"
        }
    ]
}