{
    "departement": {
        "code": "49",
        "nom": "Maine-et-Loire",
        "slug": "maine-et-loire"
    },
    "region": {
        "id": 18,
        "code": "17",
        "nom": "Pays de la Loire",
        "slug": "pays-de-la-loire"
    },
    "voisins": [
        {
            "dep_code": "44",
            "dep_nom": "Loire-Atlantique",
            "dep_slug": "loire-atlantique"
        },
        {
            "dep_code": "53",
            "dep_nom": "Mayenne",
            "dep_slug": "mayenne"
        },
        {
            "dep_code": "72",
            "dep_nom": "Sarthe",
            "dep_slug": "sarthe"
        },
        {
            "dep_code": "85",
            "dep_nom": "Vendée",
            "dep_slug": "vendee"
        }
    ],
    "villes_count": 119,
    "villes": [
        {
            "id": 4700,
            "code_insee": "49002",
            "nom_standard": "Allonnes",
            "slug_ville": "allonnes",
            "code_postal": "49650",
            "population": 2933,
            "superficie_km2": "36.00",
            "latitude_centre": "47.3040009",
            "longitude_centre": "0.0110000"
        },
        {
            "id": 4701,
            "code_insee": "49003",
            "nom_standard": "Tuffalun",
            "slug_ville": "tuffalun",
            "code_postal": "49700",
            "population": 1743,
            "superficie_km2": "20.00",
            "latitude_centre": "47.2570000",
            "longitude_centre": "-0.3370000"
        },
        {
            "id": 4702,
            "code_insee": "49007",
            "nom_standard": "Angers",
            "slug_ville": "angers",
            "code_postal": "49000",
            "population": 157175,
            "superficie_km2": "44.00",
            "latitude_centre": "47.4770012",
            "longitude_centre": "-0.5560000"
        },
        {
            "id": 4703,
            "code_insee": "49015",
            "nom_standard": "Avrillé",
            "slug_ville": "avrille",
            "code_postal": "49240",
            "population": 14938,
            "superficie_km2": "16.00",
            "latitude_centre": "47.5060005",
            "longitude_centre": "-0.6010000"
        },
        {
            "id": 4704,
            "code_insee": "49018",
            "nom_standard": "Baugé-en-Anjou",
            "slug_ville": "bauge-en-anjou",
            "code_postal": "49150",
            "population": 11757,
            "superficie_km2": "9.00",
            "latitude_centre": "47.5470009",
            "longitude_centre": "-0.1090000"
        },
        {
            "id": 4705,
            "code_insee": "49020",
            "nom_standard": "Beaucouzé",
            "slug_ville": "beaucouze",
            "code_postal": "49070",
            "population": 5557,
            "superficie_km2": "18.00",
            "latitude_centre": "47.4739990",
            "longitude_centre": "-0.6340000"
        },
        {
            "id": 4706,
            "code_insee": "49021",
            "nom_standard": "Beaufort-en-Anjou",
            "slug_ville": "beaufort-en-anjou",
            "code_postal": "49250",
            "population": 6994,
            "superficie_km2": "36.00",
            "latitude_centre": "47.4360008",
            "longitude_centre": "-0.2070000"
        },
        {
            "id": 4707,
            "code_insee": "49022",
            "nom_standard": "Beaulieu-sur-Layon",
            "slug_ville": "beaulieu-sur-layon",
            "code_postal": "49750",
            "population": 1353,
            "superficie_km2": "13.00",
            "latitude_centre": "47.3190002",
            "longitude_centre": "-0.6000000"
        },
        {
            "id": 4708,
            "code_insee": "49023",
            "nom_standard": "Beaupréau-en-Mauges",
            "slug_ville": "beaupreau-en-mauges",
            "code_postal": "49600",
            "population": 23639,
            "superficie_km2": "36.00",
            "latitude_centre": "47.2130013",
            "longitude_centre": "-0.9840000"
        },
        {
            "id": 4709,
            "code_insee": "49026",
            "nom_standard": "Bécon-les-Granits",
            "slug_ville": "becon-les-granits",
            "code_postal": "49370",
            "population": 2782,
            "superficie_km2": "47.00",
            "latitude_centre": "47.5000000",
            "longitude_centre": "-0.7990000"
        },
        {
            "id": 4710,
            "code_insee": "49027",
            "nom_standard": "Bégrolles-en-Mauges",
            "slug_ville": "begrolles-en-mauges",
            "code_postal": "49122",
            "population": 2120,
            "superficie_km2": "15.00",
            "latitude_centre": "47.1329994",
            "longitude_centre": "-0.9320000"
        },
        {
            "id": 4711,
            "code_insee": "49029",
            "nom_standard": "Blaison-Saint-Sulpice",
            "slug_ville": "blaison-saint-sulpice",
            "code_postal": "49320",
            "population": 1302,
            "superficie_km2": "21.00",
            "latitude_centre": "47.3909988",
            "longitude_centre": "-0.3800000"
        },
        {
            "id": 4712,
            "code_insee": "49035",
            "nom_standard": "Bouchemaine",
            "slug_ville": "bouchemaine",
            "code_postal": "49080",
            "population": 6690,
            "superficie_km2": "21.00",
            "latitude_centre": "47.4309998",
            "longitude_centre": "-0.6270000"
        },
        {
            "id": 4713,
            "code_insee": "49041",
            "nom_standard": "Brain-sur-Allonnes",
            "slug_ville": "brain-sur-allonnes",
            "code_postal": "49650",
            "population": 2057,
            "superficie_km2": "34.00",
            "latitude_centre": "47.3059998",
            "longitude_centre": "0.0710000"
        },
        {
            "id": 4714,
            "code_insee": "49048",
            "nom_standard": "Briollay",
            "slug_ville": "briollay",
            "code_postal": "49125",
            "population": 3151,
            "superficie_km2": "14.00",
            "latitude_centre": "47.5760002",
            "longitude_centre": "-0.4980000"
        },
        {
            "id": 4715,
            "code_insee": "49050",
            "nom_standard": "Brissac Loire Aubance",
            "slug_ville": "brissac-loire-aubance",
            "code_postal": "49320",
            "population": 10895,
            "superficie_km2": "10.00",
            "latitude_centre": "47.3419991",
            "longitude_centre": "-0.4410000"
        },
        {
            "id": 4716,
            "code_insee": "49054",
            "nom_standard": "Candé",
            "slug_ville": "cande",
            "code_postal": "49440",
            "population": 2818,
            "superficie_km2": "5.00",
            "latitude_centre": "47.5579987",
            "longitude_centre": "-1.0350000"
        },
        {
            "id": 4717,
            "code_insee": "49055",
            "nom_standard": "Cantenay-Épinard",
            "slug_ville": "cantenay-epinard",
            "code_postal": "49460",
            "population": 2380,
            "superficie_km2": "17.00",
            "latitude_centre": "47.5379982",
            "longitude_centre": "-0.5660000"
        },
        {
            "id": 4718,
            "code_insee": "49060",
            "nom_standard": "Bellevigne-les-Châteaux",
            "slug_ville": "bellevigne-les-chateaux",
            "code_postal": "49400",
            "population": 3463,
            "superficie_km2": "7.00",
            "latitude_centre": "47.2070007",
            "longitude_centre": "-0.0710000"
        },
        {
            "id": 4719,
            "code_insee": "49063",
            "nom_standard": "Chalonnes-sur-Loire",
            "slug_ville": "chalonnes-sur-loire",
            "code_postal": "49290",
            "population": 6519,
            "superficie_km2": "39.00",
            "latitude_centre": "47.3499985",
            "longitude_centre": "-0.7730000"
        },
        {
            "id": 4720,
            "code_insee": "49068",
            "nom_standard": "Champtocé-sur-Loire",
            "slug_ville": "champtoce-sur-loire",
            "code_postal": "49123",
            "population": 1846,
            "superficie_km2": "37.00",
            "latitude_centre": "47.4300003",
            "longitude_centre": "-0.8750000"
        },
        {
            "id": 4721,
            "code_insee": "49069",
            "nom_standard": "Orée d'Anjou",
            "slug_ville": "oree-d-anjou",
            "code_postal": "49270",
            "population": 16709,
            "superficie_km2": "16.00",
            "latitude_centre": "47.3219986",
            "longitude_centre": "-1.2600000"
        },
        {
            "id": 4722,
            "code_insee": "49080",
            "nom_standard": "Les Hauts-d'Anjou",
            "slug_ville": "les-hauts-d-anjou",
            "code_postal": "49330",
            "population": 8727,
            "superficie_km2": "15.00",
            "latitude_centre": "47.6839981",
            "longitude_centre": "-0.4960000"
        },
        {
            "id": 4723,
            "code_insee": "49086",
            "nom_standard": "Terranjou",
            "slug_ville": "terranjou",
            "code_postal": "49380",
            "population": 3918,
            "superficie_km2": "16.00",
            "latitude_centre": "47.2739983",
            "longitude_centre": "-0.4400000"
        },
        {
            "id": 4724,
            "code_insee": "49089",
            "nom_standard": "Chazé-sur-Argos",
            "slug_ville": "chaze-sur-argos",
            "code_postal": "49500",
            "population": 1049,
            "superficie_km2": "32.00",
            "latitude_centre": "47.6150017",
            "longitude_centre": "-0.8980000"
        },
        {
            "id": 4725,
            "code_insee": "49090",
            "nom_standard": "Cheffes",
            "slug_ville": "cheffes",
            "code_postal": "49125",
            "population": 1015,
            "superficie_km2": "18.00",
            "latitude_centre": "47.6250000",
            "longitude_centre": "-0.5200000"
        },
        {
            "id": 4726,
            "code_insee": "49092",
            "nom_standard": "Chemillé-en-Anjou",
            "slug_ville": "chemille-en-anjou",
            "code_postal": "49120",
            "population": 21386,
            "superficie_km2": "49.00",
            "latitude_centre": "47.2270012",
            "longitude_centre": "-0.7300000"
        },
        {
            "id": 4727,
            "code_insee": "49099",
            "nom_standard": "Cholet",
            "slug_ville": "cholet",
            "code_postal": "49300",
            "population": 53936,
            "superficie_km2": "87.00",
            "latitude_centre": "47.0449982",
            "longitude_centre": "-0.8780000"
        },
        {
            "id": 4728,
            "code_insee": "49109",
            "nom_standard": "Coron",
            "slug_ville": "coron",
            "code_postal": "49690",
            "population": 1547,
            "superficie_km2": "32.00",
            "latitude_centre": "47.1199989",
            "longitude_centre": "-0.6360000"
        },
        {
            "id": 4729,
            "code_insee": "49110",
            "nom_standard": "Corzé",
            "slug_ville": "corze",
            "code_postal": "49140",
            "population": 1954,
            "superficie_km2": "31.00",
            "latitude_centre": "47.5419998",
            "longitude_centre": "-0.3690000"
        },
        {
            "id": 4730,
            "code_insee": "49120",
            "nom_standard": "Denée",
            "slug_ville": "denee",
            "code_postal": "49190",
            "population": 1427,
            "superficie_km2": "16.00",
            "latitude_centre": "47.3779984",
            "longitude_centre": "-0.6100000"
        },
        {
            "id": 4731,
            "code_insee": "49123",
            "nom_standard": "Distré",
            "slug_ville": "distre",
            "code_postal": "49400",
            "population": 1781,
            "superficie_km2": "15.00",
            "latitude_centre": "47.2229996",
            "longitude_centre": "-0.1240000"
        },
        {
            "id": 4732,
            "code_insee": "49125",
            "nom_standard": "Doué-en-Anjou",
            "slug_ville": "doue-en-anjou",
            "code_postal": "49700",
            "population": 11228,
            "superficie_km2": "36.00",
            "latitude_centre": "47.1920013",
            "longitude_centre": "-0.2780000"
        },
        {
            "id": 4733,
            "code_insee": "49127",
            "nom_standard": "Durtal",
            "slug_ville": "durtal",
            "code_postal": "49430",
            "population": 3351,
            "superficie_km2": "61.00",
            "latitude_centre": "47.6780014",
            "longitude_centre": "-0.2550000"
        },
        {
            "id": 4734,
            "code_insee": "49129",
            "nom_standard": "Écouflant",
            "slug_ville": "ecouflant",
            "code_postal": "49000",
            "population": 4475,
            "superficie_km2": "18.00",
            "latitude_centre": "47.5289993",
            "longitude_centre": "-0.5180000"
        },
        {
            "id": 4735,
            "code_insee": "49132",
            "nom_standard": "Étriché",
            "slug_ville": "etriche",
            "code_postal": "49330",
            "population": 1541,
            "superficie_km2": "20.00",
            "latitude_centre": "47.6599999",
            "longitude_centre": "-0.4520000"
        },
        {
            "id": 4736,
            "code_insee": "49135",
            "nom_standard": "Feneu",
            "slug_ville": "feneu",
            "code_postal": "49460",
            "population": 2202,
            "superficie_km2": "26.00",
            "latitude_centre": "47.5839996",
            "longitude_centre": "-0.6010000"
        },
        {
            "id": 4737,
            "code_insee": "49138",
            "nom_standard": "Les Bois d'Anjou",
            "slug_ville": "les-bois-d-anjou",
            "code_postal": "49250",
            "population": 2543,
            "superficie_km2": "22.00",
            "latitude_centre": "47.4830017",
            "longitude_centre": "-0.1740000"
        },
        {
            "id": 4738,
            "code_insee": "49140",
            "nom_standard": "Fontevraud-l'Abbaye",
            "slug_ville": "fontevraud-l-abbaye",
            "code_postal": "49590",
            "population": 1500,
            "superficie_km2": "15.00",
            "latitude_centre": "47.1839981",
            "longitude_centre": "0.0340000"
        },
        {
            "id": 4739,
            "code_insee": "49155",
            "nom_standard": "Grez-Neuville",
            "slug_ville": "grez-neuville",
            "code_postal": "49220",
            "population": 1427,
            "superficie_km2": "28.00",
            "latitude_centre": "47.5950012",
            "longitude_centre": "-0.6960000"
        },
        {
            "id": 4740,
            "code_insee": "49160",
            "nom_standard": "Ingrandes-le-Fresne-sur-Loire",
            "slug_ville": "ingrandes-le-fresne-sur-loire",
            "code_postal": "49123",
            "population": 2680,
            "superficie_km2": "7.00",
            "latitude_centre": "47.4160004",
            "longitude_centre": "-0.9200000"
        },
        {
            "id": 4741,
            "code_insee": "49163",
            "nom_standard": "Jarzé Villages",
            "slug_ville": "jarze-villages",
            "code_postal": "49140",
            "population": 2785,
            "superficie_km2": "33.00",
            "latitude_centre": "47.5579987",
            "longitude_centre": "-0.2400000"
        },
        {
            "id": 4742,
            "code_insee": "49167",
            "nom_standard": "Les Garennes sur Loire",
            "slug_ville": "les-garennes-sur-loire",
            "code_postal": "49320",
            "population": 4631,
            "superficie_km2": "13.00",
            "latitude_centre": "47.4000015",
            "longitude_centre": "-0.4850000"
        },
        {
            "id": 4743,
            "code_insee": "49174",
            "nom_standard": "Huillé-Lézigné",
            "slug_ville": "huille-lezigne",
            "code_postal": "49430",
            "population": 1311,
            "superficie_km2": "9.00",
            "latitude_centre": "47.6370010",
            "longitude_centre": "-0.2930000"
        },
        {
            "id": 4744,
            "code_insee": "49176",
            "nom_standard": "Le Lion-d'Angers",
            "slug_ville": "le-lion-d-angers",
            "code_postal": "49220",
            "population": 5254,
            "superficie_km2": "42.00",
            "latitude_centre": "47.6310005",
            "longitude_centre": "-0.7500000"
        },
        {
            "id": 4745,
            "code_insee": "49180",
            "nom_standard": "Longué-Jumelles",
            "slug_ville": "longue-jumelles",
            "code_postal": "49160",
            "population": 6671,
            "superficie_km2": "97.00",
            "latitude_centre": "47.3979988",
            "longitude_centre": "-0.1080000"
        },
        {
            "id": 4746,
            "code_insee": "49183",
            "nom_standard": "Val d'Erdre-Auxence",
            "slug_ville": "val-d-erdre-auxence",
            "code_postal": "49370",
            "population": 4946,
            "superficie_km2": "66.00",
            "latitude_centre": "47.5190010",
            "longitude_centre": "-0.9010000"
        },
        {
            "id": 4747,
            "code_insee": "49192",
            "nom_standard": "Maulévrier",
            "slug_ville": "maulevrier",
            "code_postal": "49360",
            "population": 3208,
            "superficie_km2": "34.00",
            "latitude_centre": "47.0190010",
            "longitude_centre": "-0.7680000"
        },
        {
            "id": 4748,
            "code_insee": "49193",
            "nom_standard": "Le May-sur-Èvre",
            "slug_ville": "le-may-sur-evre",
            "code_postal": "49122",
            "population": 3839,
            "superficie_km2": "32.00",
            "latitude_centre": "47.1329994",
            "longitude_centre": "-0.8750000"
        },
        {
            "id": 4749,
            "code_insee": "49194",
            "nom_standard": "Mazé-Milon",
            "slug_ville": "maze-milon",
            "code_postal": "49140",
            "population": 5815,
            "superficie_km2": "33.00",
            "latitude_centre": "47.4599991",
            "longitude_centre": "-0.2840000"
        },
        {
            "id": 4750,
            "code_insee": "49195",
            "nom_standard": "Mazières-en-Mauges",
            "slug_ville": "mazieres-en-mauges",
            "code_postal": "49280",
            "population": 1274,
            "superficie_km2": "9.00",
            "latitude_centre": "47.0600014",
            "longitude_centre": "-0.7960000"
        },
        {
            "id": 4751,
            "code_insee": "49200",
            "nom_standard": "Longuenée-en-Anjou",
            "slug_ville": "longuenee-en-anjou",
            "code_postal": "49770",
            "population": 6334,
            "superficie_km2": "10.00",
            "latitude_centre": "47.5610008",
            "longitude_centre": "-0.6840000"
        },
        {
            "id": 4752,
            "code_insee": "49201",
            "nom_standard": "La Ménitré",
            "slug_ville": "la-menitre",
            "code_postal": "49250",
            "population": 2036,
            "superficie_km2": "18.00",
            "latitude_centre": "47.4070015",
            "longitude_centre": "-0.2570000"
        },
        {
            "id": 4753,
            "code_insee": "49205",
            "nom_standard": "Miré",
            "slug_ville": "mire",
            "code_postal": "49330",
            "population": 1024,
            "superficie_km2": "18.00",
            "latitude_centre": "47.7620010",
            "longitude_centre": "-0.4950000"
        },
        {
            "id": 4754,
            "code_insee": "49211",
            "nom_standard": "Montilliers",
            "slug_ville": "montilliers",
            "code_postal": "49310",
            "population": 1224,
            "superficie_km2": "26.00",
            "latitude_centre": "47.1870003",
            "longitude_centre": "-0.5160000"
        },
        {
            "id": 4755,
            "code_insee": "49214",
            "nom_standard": "Montreuil-Juigné",
            "slug_ville": "montreuil-juigne",
            "code_postal": "49460",
            "population": 7842,
            "superficie_km2": "14.00",
            "latitude_centre": "47.5410004",
            "longitude_centre": "-0.6160000"
        },
        {
            "id": 4756,
            "code_insee": "49215",
            "nom_standard": "Montreuil-Bellay",
            "slug_ville": "montreuil-bellay",
            "code_postal": "49260",
            "population": 3710,
            "superficie_km2": "49.00",
            "latitude_centre": "47.1290016",
            "longitude_centre": "-0.1250000"
        },
        {
            "id": 4757,
            "code_insee": "49218",
            "nom_standard": "Montrevault-sur-Èvre",
            "slug_ville": "montrevault-sur-evre",
            "code_postal": "49110",
            "population": 15755,
            "superficie_km2": "3.00",
            "latitude_centre": "47.2550011",
            "longitude_centre": "-1.0520000"
        },
        {
            "id": 4758,
            "code_insee": "49220",
            "nom_standard": "Morannes sur Sarthe-Daumeray",
            "slug_ville": "morannes-sur-sarthe-daumeray",
            "code_postal": "49640",
            "population": 3682,
            "superficie_km2": "41.00",
            "latitude_centre": "47.7260017",
            "longitude_centre": "-0.4030000"
        },
        {
            "id": 4759,
            "code_insee": "49222",
            "nom_standard": "Mozé-sur-Louet",
            "slug_ville": "moze-sur-louet",
            "code_postal": "49610",
            "population": 2040,
            "superficie_km2": "26.00",
            "latitude_centre": "47.3590012",
            "longitude_centre": "-0.5690000"
        },
        {
            "id": 4760,
            "code_insee": "49223",
            "nom_standard": "Mûrs-Erigné",
            "slug_ville": "murs-erigne",
            "code_postal": "49610",
            "population": 5935,
            "superficie_km2": "17.00",
            "latitude_centre": "47.3950005",
            "longitude_centre": "-0.5540000"
        },
        {
            "id": 4761,
            "code_insee": "49228",
            "nom_standard": "Noyant-Villages",
            "slug_ville": "noyant-villages",
            "code_postal": "49490",
            "population": 5501,
            "superficie_km2": "27.00",
            "latitude_centre": "47.5070000",
            "longitude_centre": "0.1100000"
        },
        {
            "id": 4762,
            "code_insee": "49231",
            "nom_standard": "Nuaillé",
            "slug_ville": "nuaille",
            "code_postal": "49340",
            "population": 1448,
            "superficie_km2": "14.00",
            "latitude_centre": "47.0859985",
            "longitude_centre": "-0.7770000"
        },
        {
            "id": 4763,
            "code_insee": "49240",
            "nom_standard": "La Plaine",
            "slug_ville": "la-plaine",
            "code_postal": "49360",
            "population": 1013,
            "superficie_km2": "22.00",
            "latitude_centre": "47.0670013",
            "longitude_centre": "-0.6290000"
        },
        {
            "id": 4764,
            "code_insee": "49241",
            "nom_standard": "Le Plessis-Grammoire",
            "slug_ville": "le-plessis-grammoire",
            "code_postal": "49124",
            "population": 2622,
            "superficie_km2": "9.00",
            "latitude_centre": "47.4920006",
            "longitude_centre": "-0.4360000"
        },
        {
            "id": 4765,
            "code_insee": "49244",
            "nom_standard": "Mauges-sur-Loire",
            "slug_ville": "mauges-sur-loire",
            "code_postal": "49410",
            "population": 18331,
            "superficie_km2": "40.00",
            "latitude_centre": "47.3429985",
            "longitude_centre": "-0.8690000"
        },
        {
            "id": 4766,
            "code_insee": "49246",
            "nom_standard": "Les Ponts-de-Cé",
            "slug_ville": "les-ponts-de-ce",
            "code_postal": "49130",
            "population": 12725,
            "superficie_km2": "19.00",
            "latitude_centre": "47.4269981",
            "longitude_centre": "-0.5130000"
        },
        {
            "id": 4767,
            "code_insee": "49247",
            "nom_standard": "La Possonnière",
            "slug_ville": "la-possonniere",
            "code_postal": "49170",
            "population": 2456,
            "superficie_km2": "19.00",
            "latitude_centre": "47.3810005",
            "longitude_centre": "-0.7090000"
        },
        {
            "id": 4768,
            "code_insee": "49248",
            "nom_standard": "Ombrée d'Anjou",
            "slug_ville": "ombree-d-anjou",
            "code_postal": "49420",
            "population": 8859,
            "superficie_km2": "50.00",
            "latitude_centre": "47.7630005",
            "longitude_centre": "-1.1930000"
        },
        {
            "id": 4769,
            "code_insee": "49253",
            "nom_standard": "Le Puy-Notre-Dame",
            "slug_ville": "le-puy-notre-dame",
            "code_postal": "49260",
            "population": 1121,
            "superficie_km2": "16.00",
            "latitude_centre": "47.1139984",
            "longitude_centre": "-0.2290000"
        },
        {
            "id": 4770,
            "code_insee": "49257",
            "nom_standard": "Les Rairies",
            "slug_ville": "les-rairies",
            "code_postal": "49430",
            "population": 1038,
            "superficie_km2": "8.00",
            "latitude_centre": "47.6520004",
            "longitude_centre": "-0.2170000"
        },
        {
            "id": 4771,
            "code_insee": "49259",
            "nom_standard": "Rochefort-sur-Loire",
            "slug_ville": "rochefort-sur-loire",
            "code_postal": "49190",
            "population": 2308,
            "superficie_km2": "28.00",
            "latitude_centre": "47.3510017",
            "longitude_centre": "-0.6500000"
        },
        {
            "id": 4772,
            "code_insee": "49260",
            "nom_standard": "La Romagne",
            "slug_ville": "la-romagne",
            "code_postal": "49740",
            "population": 1998,
            "superficie_km2": "16.00",
            "latitude_centre": "47.0540009",
            "longitude_centre": "-1.0100000"
        },
        {
            "id": 4773,
            "code_insee": "49261",
            "nom_standard": "Gennes-Val-de-Loire",
            "slug_ville": "gennes-val-de-loire",
            "code_postal": "49350",
            "population": 8464,
            "superficie_km2": "26.00",
            "latitude_centre": "47.3740006",
            "longitude_centre": "-0.2230000"
        },
        {
            "id": 4774,
            "code_insee": "49266",
            "nom_standard": "Saint-Augustin-des-Bois",
            "slug_ville": "saint-augustin-des-bois",
            "code_postal": "49170",
            "population": 1270,
            "superficie_km2": "27.00",
            "latitude_centre": "47.4539986",
            "longitude_centre": "-0.8000000"
        },
        {
            "id": 4775,
            "code_insee": "49267",
            "nom_standard": "Saint-Barthélemy-d'Anjou",
            "slug_ville": "saint-barthelemy-d-anjou",
            "code_postal": "49124",
            "population": 9460,
            "superficie_km2": "15.00",
            "latitude_centre": "47.4739990",
            "longitude_centre": "-0.4860000"
        },
        {
            "id": 4776,
            "code_insee": "49269",
            "nom_standard": "Saint-Christophe-du-Bois",
            "slug_ville": "saint-christophe-du-bois",
            "code_postal": "49280",
            "population": 2858,
            "superficie_km2": "22.00",
            "latitude_centre": "47.0289993",
            "longitude_centre": "-0.9660000"
        },
        {
            "id": 4777,
            "code_insee": "49271",
            "nom_standard": "Saint-Clément-de-la-Place",
            "slug_ville": "saint-clement-de-la-place",
            "code_postal": "49370",
            "population": 2109,
            "superficie_km2": "33.00",
            "latitude_centre": "47.5260010",
            "longitude_centre": "-0.7340000"
        },
        {
            "id": 4778,
            "code_insee": "49272",
            "nom_standard": "Saint-Clément-des-Levées",
            "slug_ville": "saint-clement-des-levees",
            "code_postal": "49350",
            "population": 1112,
            "superficie_km2": "10.00",
            "latitude_centre": "47.3440018",
            "longitude_centre": "-0.1820000"
        },
        {
            "id": 4779,
            "code_insee": "49278",
            "nom_standard": "Sainte-Gemmes-sur-Loire",
            "slug_ville": "sainte-gemmes-sur-loire",
            "code_postal": "49130",
            "population": 3552,
            "superficie_km2": "15.00",
            "latitude_centre": "47.4280014",
            "longitude_centre": "-0.5760000"
        },
        {
            "id": 4780,
            "code_insee": "49283",
            "nom_standard": "Saint-Georges-sur-Loire",
            "slug_ville": "saint-georges-sur-loire",
            "code_postal": "49170",
            "population": 3718,
            "superficie_km2": "34.00",
            "latitude_centre": "47.4020004",
            "longitude_centre": "-0.7560000"
        },
        {
            "id": 4781,
            "code_insee": "49284",
            "nom_standard": "Saint-Germain-des-Prés",
            "slug_ville": "saint-germain-des-pres",
            "code_postal": "49170",
            "population": 1405,
            "superficie_km2": "20.00",
            "latitude_centre": "47.4099999",
            "longitude_centre": "-0.8120000"
        },
        {
            "id": 4782,
            "code_insee": "49292",
            "nom_standard": "Val-du-Layon",
            "slug_ville": "val-du-layon",
            "code_postal": "49750",
            "population": 3464,
            "superficie_km2": "15.00",
            "latitude_centre": "47.2999992",
            "longitude_centre": "-0.6400000"
        },
        {
            "id": 4783,
            "code_insee": "49294",
            "nom_standard": "Saint-Lambert-la-Potherie",
            "slug_ville": "saint-lambert-la-potherie",
            "code_postal": "49070",
            "population": 2949,
            "superficie_km2": "14.00",
            "latitude_centre": "47.4860001",
            "longitude_centre": "-0.6910000"
        },
        {
            "id": 4784,
            "code_insee": "49298",
            "nom_standard": "Saint-Léger-de-Linières",
            "slug_ville": "saint-leger-de-linieres",
            "code_postal": "49070",
            "population": 3804,
            "superficie_km2": "16.00",
            "latitude_centre": "47.4620018",
            "longitude_centre": "-0.7280000"
        },
        {
            "id": 4785,
            "code_insee": "49299",
            "nom_standard": "Saint-Léger-sous-Cholet",
            "slug_ville": "saint-leger-sous-cholet",
            "code_postal": "49280",
            "population": 3072,
            "superficie_km2": "10.00",
            "latitude_centre": "47.1020012",
            "longitude_centre": "-0.9040000"
        },
        {
            "id": 4786,
            "code_insee": "49301",
            "nom_standard": "Sèvremoine",
            "slug_ville": "sevremoine",
            "code_postal": "49450",
            "population": 25806,
            "superficie_km2": "28.00",
            "latitude_centre": "47.1259995",
            "longitude_centre": "-0.9980000"
        },
        {
            "id": 4787,
            "code_insee": "49306",
            "nom_standard": "Saint-Martin-du-Fouilloux",
            "slug_ville": "saint-martin-du-fouilloux",
            "code_postal": "49170",
            "population": 1681,
            "superficie_km2": "15.00",
            "latitude_centre": "47.4370003",
            "longitude_centre": "-0.7090000"
        },
        {
            "id": 4788,
            "code_insee": "49307",
            "nom_standard": "Loire-Authion",
            "slug_ville": "loire-authion",
            "code_postal": "49250",
            "population": 16416,
            "superficie_km2": "20.00",
            "latitude_centre": "47.4220009",
            "longitude_centre": "-0.3200000"
        },
        {
            "id": 4789,
            "code_insee": "49308",
            "nom_standard": "Saint-Melaine-sur-Aubance",
            "slug_ville": "saint-melaine-sur-aubance",
            "code_postal": "49610",
            "population": 2201,
            "superficie_km2": "5.00",
            "latitude_centre": "47.3820000",
            "longitude_centre": "-0.5020000"
        },
        {
            "id": 4790,
            "code_insee": "49311",
            "nom_standard": "Saint-Philbert-du-Peuple",
            "slug_ville": "saint-philbert-du-peuple",
            "code_postal": "49160",
            "population": 1331,
            "superficie_km2": "17.00",
            "latitude_centre": "47.3909988",
            "longitude_centre": "-0.0440000"
        },
        {
            "id": 4791,
            "code_insee": "49323",
            "nom_standard": "Verrières-en-Anjou",
            "slug_ville": "verrieres-en-anjou",
            "code_postal": "49480",
            "population": 7775,
            "superficie_km2": "22.00",
            "latitude_centre": "47.5120010",
            "longitude_centre": "-0.4760000"
        },
        {
            "id": 4792,
            "code_insee": "49328",
            "nom_standard": "Saumur",
            "slug_ville": "saumur",
            "code_postal": "49400",
            "population": 26215,
            "superficie_km2": "66.00",
            "latitude_centre": "47.2669983",
            "longitude_centre": "-0.0830000"
        },
        {
            "id": 4793,
            "code_insee": "49329",
            "nom_standard": "Savennières",
            "slug_ville": "savennieres",
            "code_postal": "49170",
            "population": 1349,
            "superficie_km2": "21.00",
            "latitude_centre": "47.4059982",
            "longitude_centre": "-0.6670000"
        },
        {
            "id": 4794,
            "code_insee": "49330",
            "nom_standard": "Sceaux-d'Anjou",
            "slug_ville": "sceaux-d-anjou",
            "code_postal": "49330",
            "population": 1166,
            "superficie_km2": "17.00",
            "latitude_centre": "47.6310005",
            "longitude_centre": "-0.6100000"
        },
        {
            "id": 4795,
            "code_insee": "49331",
            "nom_standard": "Segré-en-Anjou Bleu",
            "slug_ville": "segre-en-anjou-bleu",
            "code_postal": "49500",
            "population": 17699,
            "superficie_km2": "16.00",
            "latitude_centre": "47.7019997",
            "longitude_centre": "-0.8630000"
        },
        {
            "id": 4796,
            "code_insee": "49332",
            "nom_standard": "La Séguinière",
            "slug_ville": "la-seguiniere",
            "code_postal": "49280",
            "population": 4212,
            "superficie_km2": "31.00",
            "latitude_centre": "47.0800018",
            "longitude_centre": "-0.9580000"
        },
        {
            "id": 4797,
            "code_insee": "49333",
            "nom_standard": "Seiches-sur-le-Loir",
            "slug_ville": "seiches-sur-le-loir",
            "code_postal": "49140",
            "population": 2866,
            "superficie_km2": "29.00",
            "latitude_centre": "47.6040001",
            "longitude_centre": "-0.3590000"
        },
        {
            "id": 4798,
            "code_insee": "49338",
            "nom_standard": "Soulaines-sur-Aubance",
            "slug_ville": "soulaines-sur-aubance",
            "code_postal": "49610",
            "population": 1371,
            "superficie_km2": "13.00",
            "latitude_centre": "47.3590012",
            "longitude_centre": "-0.5200000"
        },
        {
            "id": 4799,
            "code_insee": "49339",
            "nom_standard": "Soulaire-et-Bourg",
            "slug_ville": "soulaire-et-bourg",
            "code_postal": "49460",
            "population": 1489,
            "superficie_km2": "18.00",
            "latitude_centre": "47.5800018",
            "longitude_centre": "-0.5430000"
        },
        {
            "id": 4800,
            "code_insee": "49343",
            "nom_standard": "La Tessoualle",
            "slug_ville": "la-tessoualle",
            "code_postal": "49280",
            "population": 3189,
            "superficie_km2": "21.00",
            "latitude_centre": "47.0079994",
            "longitude_centre": "-0.8370000"
        },
        {
            "id": 4801,
            "code_insee": "49344",
            "nom_standard": "Thorigné-d'Anjou",
            "slug_ville": "thorigne-d-anjou",
            "code_postal": "49220",
            "population": 1252,
            "superficie_km2": "17.00",
            "latitude_centre": "47.6349983",
            "longitude_centre": "-0.6640000"
        },
        {
            "id": 4802,
            "code_insee": "49345",
            "nom_standard": "Bellevigne-en-Layon",
            "slug_ville": "bellevigne-en-layon",
            "code_postal": "49380",
            "population": 5826,
            "superficie_km2": "19.00",
            "latitude_centre": "47.2589989",
            "longitude_centre": "-0.5180000"
        },
        {
            "id": 4803,
            "code_insee": "49347",
            "nom_standard": "Tiercé",
            "slug_ville": "tierce",
            "code_postal": "49125",
            "population": 4487,
            "superficie_km2": "34.00",
            "latitude_centre": "47.6250000",
            "longitude_centre": "-0.4430000"
        },
        {
            "id": 4804,
            "code_insee": "49352",
            "nom_standard": "Toutlemonde",
            "slug_ville": "toutlemonde",
            "code_postal": "49360",
            "population": 1320,
            "superficie_km2": "13.00",
            "latitude_centre": "47.0569992",
            "longitude_centre": "-0.7580000"
        },
        {
            "id": 4805,
            "code_insee": "49353",
            "nom_standard": "Trélazé",
            "slug_ville": "trelaze",
            "code_postal": "49800",
            "population": 15358,
            "superficie_km2": "12.00",
            "latitude_centre": "47.4510002",
            "longitude_centre": "-0.4740000"
        },
        {
            "id": 4806,
            "code_insee": "49355",
            "nom_standard": "Trémentines",
            "slug_ville": "trementines",
            "code_postal": "49340",
            "population": 3081,
            "superficie_km2": "35.00",
            "latitude_centre": "47.1230011",
            "longitude_centre": "-0.8020000"
        },
        {
            "id": 4807,
            "code_insee": "49361",
            "nom_standard": "Varennes-sur-Loire",
            "slug_ville": "varennes-sur-loire",
            "code_postal": "49730",
            "population": 1892,
            "superficie_km2": "23.00",
            "latitude_centre": "47.2480011",
            "longitude_centre": "0.0420000"
        },
        {
            "id": 4808,
            "code_insee": "49362",
            "nom_standard": "Varrains",
            "slug_ville": "varrains",
            "code_postal": "49400",
            "population": 1261,
            "superficie_km2": "3.00",
            "latitude_centre": "47.2280006",
            "longitude_centre": "-0.0660000"
        },
        {
            "id": 4809,
            "code_insee": "49364",
            "nom_standard": "Vaudelnay",
            "slug_ville": "vaudelnay",
            "code_postal": "49260",
            "population": 1122,
            "superficie_km2": "26.00",
            "latitude_centre": "47.1409988",
            "longitude_centre": "-0.2130000"
        },
        {
            "id": 4810,
            "code_insee": "49367",
            "nom_standard": "Erdre-en-Anjou",
            "slug_ville": "erdre-en-anjou",
            "code_postal": "49220",
            "population": 5780,
            "superficie_km2": "37.00",
            "latitude_centre": "47.5880013",
            "longitude_centre": "-0.8500000"
        },
        {
            "id": 4811,
            "code_insee": "49368",
            "nom_standard": "Vernantes",
            "slug_ville": "vernantes",
            "code_postal": "49390",
            "population": 1986,
            "superficie_km2": "42.00",
            "latitude_centre": "47.3940010",
            "longitude_centre": "0.0290000"
        },
        {
            "id": 4812,
            "code_insee": "49369",
            "nom_standard": "Vernoil-le-Fourrier",
            "slug_ville": "vernoil-le-fourrier",
            "code_postal": "49390",
            "population": 1283,
            "superficie_km2": "33.00",
            "latitude_centre": "47.3959999",
            "longitude_centre": "0.0970000"
        },
        {
            "id": 4813,
            "code_insee": "49371",
            "nom_standard": "Vezins",
            "slug_ville": "vezins",
            "code_postal": "49340",
            "population": 1741,
            "superficie_km2": "18.00",
            "latitude_centre": "47.1150017",
            "longitude_centre": "-0.7210000"
        },
        {
            "id": 4814,
            "code_insee": "49373",
            "nom_standard": "Lys-Haut-Layon",
            "slug_ville": "lys-haut-layon",
            "code_postal": "49310",
            "population": 7724,
            "superficie_km2": "60.00",
            "latitude_centre": "47.1370010",
            "longitude_centre": "-0.5600000"
        },
        {
            "id": 4815,
            "code_insee": "49374",
            "nom_standard": "Villebernier",
            "slug_ville": "villebernier",
            "code_postal": "49400",
            "population": 1446,
            "superficie_km2": "10.00",
            "latitude_centre": "47.2620010",
            "longitude_centre": "-0.0210000"
        },
        {
            "id": 4816,
            "code_insee": "49377",
            "nom_standard": "Rives-du-Loir-en-Anjou",
            "slug_ville": "rives-du-loir-en-anjou",
            "code_postal": "49140",
            "population": 5641,
            "superficie_km2": "29.00",
            "latitude_centre": "47.5489998",
            "longitude_centre": "-0.4470000"
        },
        {
            "id": 4817,
            "code_insee": "49378",
            "nom_standard": "Vivy",
            "slug_ville": "vivy",
            "code_postal": "49680",
            "population": 2551,
            "superficie_km2": "23.00",
            "latitude_centre": "47.3230019",
            "longitude_centre": "-0.0670000"
        },
        {
            "id": 4818,
            "code_insee": "49381",
            "nom_standard": "Yzernay",
            "slug_ville": "yzernay",
            "code_postal": "49360",
            "population": 1822,
            "superficie_km2": "41.00",
            "latitude_centre": "47.0340004",
            "longitude_centre": "-0.6970000"
        }
    ]
}