{
    "departement": {
        "code": "66",
        "nom": "Pyrénées-Orientales",
        "slug": "pyrenees-orientales"
    },
    "region": {
        "id": 17,
        "code": "16",
        "nom": "Occitanie",
        "slug": "occitanie"
    },
    "voisins": [
        {
            "dep_code": "09",
            "dep_nom": "Ariège",
            "dep_slug": "ariege"
        },
        {
            "dep_code": "11",
            "dep_nom": "Aude",
            "dep_slug": "aude"
        },
        {
            "dep_code": "12",
            "dep_nom": "Aveyron",
            "dep_slug": "aveyron"
        },
        {
            "dep_code": "30",
            "dep_nom": "Gard",
            "dep_slug": "gard"
        }
    ],
    "villes_count": 88,
    "villes": [
        {
            "id": 6754,
            "code_insee": "66002",
            "nom_standard": "Alénya",
            "slug_ville": "alenya",
            "code_postal": "66200",
            "population": 3619,
            "superficie_km2": "6.00",
            "latitude_centre": "42.6409988",
            "longitude_centre": "2.9820001"
        },
        {
            "id": 6755,
            "code_insee": "66003",
            "nom_standard": "Amélie-les-Bains-Palalda",
            "slug_ville": "amelie-les-bains-palalda",
            "code_postal": "66110",
            "population": 3565,
            "superficie_km2": "29.00",
            "latitude_centre": "42.4440002",
            "longitude_centre": "2.6830001"
        },
        {
            "id": 6756,
            "code_insee": "66008",
            "nom_standard": "Argelès-sur-Mer",
            "slug_ville": "argeles-sur-mer",
            "code_postal": "66700",
            "population": 10792,
            "superficie_km2": "59.00",
            "latitude_centre": "42.5349999",
            "longitude_centre": "3.0239999"
        },
        {
            "id": 6757,
            "code_insee": "66009",
            "nom_standard": "Arles-sur-Tech",
            "slug_ville": "arles-sur-tech",
            "code_postal": "66150",
            "population": 2794,
            "superficie_km2": "29.00",
            "latitude_centre": "42.4500008",
            "longitude_centre": "2.6259999"
        },
        {
            "id": 6758,
            "code_insee": "66011",
            "nom_standard": "Bages",
            "slug_ville": "bages",
            "code_postal": "66670",
            "population": 4482,
            "superficie_km2": "12.00",
            "latitude_centre": "42.6069984",
            "longitude_centre": "2.8889999"
        },
        {
            "id": 6759,
            "code_insee": "66012",
            "nom_standard": "Baho",
            "slug_ville": "baho",
            "code_postal": "66540",
            "population": 3327,
            "superficie_km2": "8.00",
            "latitude_centre": "42.7060013",
            "longitude_centre": "2.8210001"
        },
        {
            "id": 6760,
            "code_insee": "66014",
            "nom_standard": "Baixas",
            "slug_ville": "baixas",
            "code_postal": "66390",
            "population": 2727,
            "superficie_km2": "19.00",
            "latitude_centre": "42.7449989",
            "longitude_centre": "2.8060000"
        },
        {
            "id": 6761,
            "code_insee": "66015",
            "nom_standard": "Banyuls-dels-Aspres",
            "slug_ville": "banyuls-dels-aspres",
            "code_postal": "66300",
            "population": 1310,
            "superficie_km2": "11.00",
            "latitude_centre": "42.5649986",
            "longitude_centre": "2.8659999"
        },
        {
            "id": 6762,
            "code_insee": "66016",
            "nom_standard": "Banyuls-sur-Mer",
            "slug_ville": "banyuls-sur-mer",
            "code_postal": "66650",
            "population": 4671,
            "superficie_km2": "43.00",
            "latitude_centre": "42.4620018",
            "longitude_centre": "3.0999999"
        },
        {
            "id": 6763,
            "code_insee": "66017",
            "nom_standard": "Le Barcarès",
            "slug_ville": "le-barcares",
            "code_postal": "66420",
            "population": 6049,
            "superficie_km2": "15.00",
            "latitude_centre": "42.8129997",
            "longitude_centre": "3.0280001"
        },
        {
            "id": 6764,
            "code_insee": "66021",
            "nom_standard": "Bompas",
            "slug_ville": "bompas",
            "code_postal": "66430",
            "population": 7619,
            "superficie_km2": "6.00",
            "latitude_centre": "42.7290001",
            "longitude_centre": "2.9419999"
        },
        {
            "id": 6765,
            "code_insee": "66024",
            "nom_standard": "Le Boulou",
            "slug_ville": "le-boulou",
            "code_postal": "66160",
            "population": 5321,
            "superficie_km2": "15.00",
            "latitude_centre": "42.5260010",
            "longitude_centre": "2.8320000"
        },
        {
            "id": 6766,
            "code_insee": "66025",
            "nom_standard": "Bourg-Madame",
            "slug_ville": "bourg-madame",
            "code_postal": "66760",
            "population": 1204,
            "superficie_km2": "8.00",
            "latitude_centre": "42.4379997",
            "longitude_centre": "1.9610000"
        },
        {
            "id": 6767,
            "code_insee": "66026",
            "nom_standard": "Brouilla",
            "slug_ville": "brouilla",
            "code_postal": "66620",
            "population": 1581,
            "superficie_km2": "8.00",
            "latitude_centre": "42.5750008",
            "longitude_centre": "2.8950000"
        },
        {
            "id": 6768,
            "code_insee": "66028",
            "nom_standard": "Cabestany",
            "slug_ville": "cabestany",
            "code_postal": "66330",
            "population": 10338,
            "superficie_km2": "11.00",
            "latitude_centre": "42.6790009",
            "longitude_centre": "2.9460001"
        },
        {
            "id": 6769,
            "code_insee": "66037",
            "nom_standard": "Canet-en-Roussillon",
            "slug_ville": "canet-en-roussillon",
            "code_postal": "66140",
            "population": 12598,
            "superficie_km2": "30.00",
            "latitude_centre": "42.6839981",
            "longitude_centre": "3.0120001"
        },
        {
            "id": 6770,
            "code_insee": "66038",
            "nom_standard": "Canohès",
            "slug_ville": "canohes",
            "code_postal": "66680",
            "population": 6534,
            "superficie_km2": "9.00",
            "latitude_centre": "42.6520004",
            "longitude_centre": "2.8350000"
        },
        {
            "id": 6771,
            "code_insee": "66048",
            "nom_standard": "Cerbère",
            "slug_ville": "cerbere",
            "code_postal": "66290",
            "population": 1257,
            "superficie_km2": "8.00",
            "latitude_centre": "42.4440002",
            "longitude_centre": "3.1480000"
        },
        {
            "id": 6772,
            "code_insee": "66049",
            "nom_standard": "Céret",
            "slug_ville": "ceret",
            "code_postal": "66400",
            "population": 7648,
            "superficie_km2": "38.00",
            "latitude_centre": "42.4739990",
            "longitude_centre": "2.7530000"
        },
        {
            "id": 6773,
            "code_insee": "66050",
            "nom_standard": "Claira",
            "slug_ville": "claira",
            "code_postal": "66530",
            "population": 4681,
            "superficie_km2": "19.00",
            "latitude_centre": "42.7639999",
            "longitude_centre": "2.9449999"
        },
        {
            "id": 6774,
            "code_insee": "66053",
            "nom_standard": "Collioure",
            "slug_ville": "collioure",
            "code_postal": "66190",
            "population": 2517,
            "superficie_km2": "12.00",
            "latitude_centre": "42.5130005",
            "longitude_centre": "3.0720000"
        },
        {
            "id": 6775,
            "code_insee": "66056",
            "nom_standard": "Corbère-les-Cabanes",
            "slug_ville": "corbere-les-cabanes",
            "code_postal": "66130",
            "population": 1098,
            "superficie_km2": "4.00",
            "latitude_centre": "42.6599999",
            "longitude_centre": "2.6819999"
        },
        {
            "id": 6776,
            "code_insee": "66058",
            "nom_standard": "Corneilla-la-Rivière",
            "slug_ville": "corneilla-la-riviere",
            "code_postal": "66550",
            "population": 2022,
            "superficie_km2": "13.00",
            "latitude_centre": "42.7099991",
            "longitude_centre": "2.7260001"
        },
        {
            "id": 6777,
            "code_insee": "66059",
            "nom_standard": "Corneilla-del-Vercol",
            "slug_ville": "corneilla-del-vercol",
            "code_postal": "66200",
            "population": 2561,
            "superficie_km2": "5.00",
            "latitude_centre": "42.6230011",
            "longitude_centre": "2.9510000"
        },
        {
            "id": 6778,
            "code_insee": "66065",
            "nom_standard": "Elne",
            "slug_ville": "elne",
            "code_postal": "66200",
            "population": 9428,
            "superficie_km2": "22.00",
            "latitude_centre": "42.6010017",
            "longitude_centre": "2.9710000"
        },
        {
            "id": 6779,
            "code_insee": "66069",
            "nom_standard": "Espira-de-l'Agly",
            "slug_ville": "espira-de-l-agly",
            "code_postal": "66600",
            "population": 3532,
            "superficie_km2": "27.00",
            "latitude_centre": "42.7960014",
            "longitude_centre": "2.8220000"
        },
        {
            "id": 6780,
            "code_insee": "66071",
            "nom_standard": "Estagel",
            "slug_ville": "estagel",
            "code_postal": "66310",
            "population": 2087,
            "superficie_km2": "21.00",
            "latitude_centre": "42.7680016",
            "longitude_centre": "2.7079999"
        },
        {
            "id": 6781,
            "code_insee": "66084",
            "nom_standard": "Fourques",
            "slug_ville": "fourques",
            "code_postal": "66300",
            "population": 1316,
            "superficie_km2": "10.00",
            "latitude_centre": "42.5849991",
            "longitude_centre": "2.7770000"
        },
        {
            "id": 6782,
            "code_insee": "66088",
            "nom_standard": "Ille-sur-Têt",
            "slug_ville": "ille-sur-tet",
            "code_postal": "66130",
            "population": 5538,
            "superficie_km2": "32.00",
            "latitude_centre": "42.6769981",
            "longitude_centre": "2.6159999"
        },
        {
            "id": 6783,
            "code_insee": "66093",
            "nom_standard": "Laroque-des-Albères",
            "slug_ville": "laroque-des-alberes",
            "code_postal": "66740",
            "population": 2219,
            "superficie_km2": "21.00",
            "latitude_centre": "42.5120010",
            "longitude_centre": "2.9330001"
        },
        {
            "id": 6784,
            "code_insee": "66094",
            "nom_standard": "Latour-Bas-Elne",
            "slug_ville": "latour-bas-elne",
            "code_postal": "66200",
            "population": 3221,
            "superficie_km2": "3.00",
            "latitude_centre": "42.6040001",
            "longitude_centre": "3.0050001"
        },
        {
            "id": 6785,
            "code_insee": "66096",
            "nom_standard": "Latour-de-France",
            "slug_ville": "latour-de-france",
            "code_postal": "66720",
            "population": 1043,
            "superficie_km2": "14.00",
            "latitude_centre": "42.7700005",
            "longitude_centre": "2.6520000"
        },
        {
            "id": 6786,
            "code_insee": "66101",
            "nom_standard": "Llupia",
            "slug_ville": "llupia",
            "code_postal": "66300",
            "population": 2140,
            "superficie_km2": "7.00",
            "latitude_centre": "42.6259995",
            "longitude_centre": "2.7830000"
        },
        {
            "id": 6787,
            "code_insee": "66106",
            "nom_standard": "Maureillas-las-Illas",
            "slug_ville": "maureillas-las-illas",
            "code_postal": "66480",
            "population": 2762,
            "superficie_km2": "43.00",
            "latitude_centre": "42.4599991",
            "longitude_centre": "2.8010001"
        },
        {
            "id": 6788,
            "code_insee": "66108",
            "nom_standard": "Millas",
            "slug_ville": "millas",
            "code_postal": "66170",
            "population": 4294,
            "superficie_km2": "19.00",
            "latitude_centre": "42.6990013",
            "longitude_centre": "2.6900001"
        },
        {
            "id": 6789,
            "code_insee": "66114",
            "nom_standard": "Montescot",
            "slug_ville": "montescot",
            "code_postal": "66200",
            "population": 1612,
            "superficie_km2": "6.00",
            "latitude_centre": "42.6160011",
            "longitude_centre": "2.9219999"
        },
        {
            "id": 6790,
            "code_insee": "66115",
            "nom_standard": "Montesquieu-des-Albères",
            "slug_ville": "montesquieu-des-alberes",
            "code_postal": "66740",
            "population": 1273,
            "superficie_km2": "17.00",
            "latitude_centre": "42.5180016",
            "longitude_centre": "2.8740001"
        },
        {
            "id": 6791,
            "code_insee": "66121",
            "nom_standard": "Néfiach",
            "slug_ville": "nefiach",
            "code_postal": "66170",
            "population": 1343,
            "superficie_km2": "9.00",
            "latitude_centre": "42.6959992",
            "longitude_centre": "2.6580000"
        },
        {
            "id": 6792,
            "code_insee": "66124",
            "nom_standard": "Font-Romeu-Odeillo-Via",
            "slug_ville": "font-romeu-odeillo-via",
            "code_postal": "66120",
            "population": 1780,
            "superficie_km2": "30.00",
            "latitude_centre": "42.5130005",
            "longitude_centre": "2.0270000"
        },
        {
            "id": 6793,
            "code_insee": "66127",
            "nom_standard": "Opoul-Périllos",
            "slug_ville": "opoul-perillos",
            "code_postal": "66600",
            "population": 1202,
            "superficie_km2": "49.00",
            "latitude_centre": "42.8800011",
            "longitude_centre": "2.8580000"
        },
        {
            "id": 6794,
            "code_insee": "66129",
            "nom_standard": "Ortaffa",
            "slug_ville": "ortaffa",
            "code_postal": "66560",
            "population": 1798,
            "superficie_km2": "8.00",
            "latitude_centre": "42.5839996",
            "longitude_centre": "2.9210000"
        },
        {
            "id": 6795,
            "code_insee": "66130",
            "nom_standard": "Osséja",
            "slug_ville": "osseja",
            "code_postal": "66340",
            "population": 1372,
            "superficie_km2": "17.00",
            "latitude_centre": "42.3950005",
            "longitude_centre": "1.9980000"
        },
        {
            "id": 6796,
            "code_insee": "66133",
            "nom_standard": "Palau-del-Vidre",
            "slug_ville": "palau-del-vidre",
            "code_postal": "66690",
            "population": 3135,
            "superficie_km2": "10.00",
            "latitude_centre": "42.5690002",
            "longitude_centre": "2.9579999"
        },
        {
            "id": 6797,
            "code_insee": "66134",
            "nom_standard": "Passa",
            "slug_ville": "passa",
            "code_postal": "66300",
            "population": 1039,
            "superficie_km2": "13.00",
            "latitude_centre": "42.5649986",
            "longitude_centre": "2.8050001"
        },
        {
            "id": 6798,
            "code_insee": "66136",
            "nom_standard": "Perpignan",
            "slug_ville": "perpignan",
            "code_postal": "66000",
            "population": 119656,
            "superficie_km2": "68.00",
            "latitude_centre": "42.6969986",
            "longitude_centre": "2.8989999"
        },
        {
            "id": 6799,
            "code_insee": "66138",
            "nom_standard": "Peyrestortes",
            "slug_ville": "peyrestortes",
            "code_postal": "66600",
            "population": 1690,
            "superficie_km2": "8.00",
            "latitude_centre": "42.7480011",
            "longitude_centre": "2.8460000"
        },
        {
            "id": 6800,
            "code_insee": "66140",
            "nom_standard": "Pézilla-la-Rivière",
            "slug_ville": "pezilla-la-riviere",
            "code_postal": "66370",
            "population": 3942,
            "superficie_km2": "16.00",
            "latitude_centre": "42.7050018",
            "longitude_centre": "2.7639999"
        },
        {
            "id": 6801,
            "code_insee": "66141",
            "nom_standard": "Pia",
            "slug_ville": "pia",
            "code_postal": "66380",
            "population": 10733,
            "superficie_km2": "13.00",
            "latitude_centre": "42.7490006",
            "longitude_centre": "2.9150000"
        },
        {
            "id": 6802,
            "code_insee": "66144",
            "nom_standard": "Pollestres",
            "slug_ville": "pollestres",
            "code_postal": "66450",
            "population": 5402,
            "superficie_km2": "8.00",
            "latitude_centre": "42.6380005",
            "longitude_centre": "2.8729999"
        },
        {
            "id": 6803,
            "code_insee": "66145",
            "nom_standard": "Ponteilla",
            "slug_ville": "ponteilla",
            "code_postal": "66300",
            "population": 2922,
            "superficie_km2": "14.00",
            "latitude_centre": "42.6329994",
            "longitude_centre": "2.8260000"
        },
        {
            "id": 6804,
            "code_insee": "66148",
            "nom_standard": "Port-Vendres",
            "slug_ville": "port-vendres",
            "code_postal": "66660",
            "population": 3969,
            "superficie_km2": "15.00",
            "latitude_centre": "42.5029984",
            "longitude_centre": "3.1050000"
        },
        {
            "id": 6805,
            "code_insee": "66149",
            "nom_standard": "Prades",
            "slug_ville": "prades",
            "code_postal": "66500",
            "population": 6124,
            "superficie_km2": "11.00",
            "latitude_centre": "42.6139984",
            "longitude_centre": "2.4310000"
        },
        {
            "id": 6806,
            "code_insee": "66150",
            "nom_standard": "Prats-de-Mollo-la-Preste",
            "slug_ville": "prats-de-mollo-la-preste",
            "code_postal": "66230",
            "population": 1134,
            "superficie_km2": "119.00",
            "latitude_centre": "42.4199982",
            "longitude_centre": "2.4410000"
        },
        {
            "id": 6807,
            "code_insee": "66160",
            "nom_standard": "Reynès",
            "slug_ville": "reynes",
            "code_postal": "66400",
            "population": 1244,
            "superficie_km2": "28.00",
            "latitude_centre": "42.4760017",
            "longitude_centre": "2.7060001"
        },
        {
            "id": 6808,
            "code_insee": "66161",
            "nom_standard": "Ria-Sirach",
            "slug_ville": "ria-sirach",
            "code_postal": "66500",
            "population": 1324,
            "superficie_km2": "13.00",
            "latitude_centre": "42.6129990",
            "longitude_centre": "2.3889999"
        },
        {
            "id": 6809,
            "code_insee": "66164",
            "nom_standard": "Rivesaltes",
            "slug_ville": "rivesaltes",
            "code_postal": "66600",
            "population": 9099,
            "superficie_km2": "29.00",
            "latitude_centre": "42.7789993",
            "longitude_centre": "2.8770001"
        },
        {
            "id": 6810,
            "code_insee": "66167",
            "nom_standard": "Saillagouse",
            "slug_ville": "saillagouse",
            "code_postal": "66800",
            "population": 1173,
            "superficie_km2": "11.00",
            "latitude_centre": "42.4589996",
            "longitude_centre": "2.0400000"
        },
        {
            "id": 6811,
            "code_insee": "66168",
            "nom_standard": "Saint-André",
            "slug_ville": "saint-andre",
            "code_postal": "66690",
            "population": 3400,
            "superficie_km2": "10.00",
            "latitude_centre": "42.5519981",
            "longitude_centre": "2.9800000"
        },
        {
            "id": 6812,
            "code_insee": "66171",
            "nom_standard": "Saint-Cyprien",
            "slug_ville": "saint-cyprien",
            "code_postal": "66750",
            "population": 11398,
            "superficie_km2": "16.00",
            "latitude_centre": "42.6220017",
            "longitude_centre": "3.0160000"
        },
        {
            "id": 6813,
            "code_insee": "66172",
            "nom_standard": "Saint-Estève",
            "slug_ville": "saint-esteve",
            "code_postal": "66240",
            "population": 11550,
            "superficie_km2": "12.00",
            "latitude_centre": "42.7150002",
            "longitude_centre": "2.8460000"
        },
        {
            "id": 6814,
            "code_insee": "66173",
            "nom_standard": "Saint-Féliu-d'Amont",
            "slug_ville": "saint-feliu-d-amont",
            "code_postal": "66170",
            "population": 1231,
            "superficie_km2": "6.00",
            "latitude_centre": "42.6759987",
            "longitude_centre": "2.7179999"
        },
        {
            "id": 6815,
            "code_insee": "66174",
            "nom_standard": "Saint-Féliu-d'Avall",
            "slug_ville": "saint-feliu-d-avall",
            "code_postal": "66170",
            "population": 2918,
            "superficie_km2": "11.00",
            "latitude_centre": "42.6730003",
            "longitude_centre": "2.7479999"
        },
        {
            "id": 6816,
            "code_insee": "66175",
            "nom_standard": "Saint-Génis-des-Fontaines",
            "slug_ville": "saint-genis-des-fontaines",
            "code_postal": "66740",
            "population": 2911,
            "superficie_km2": "10.00",
            "latitude_centre": "42.5499992",
            "longitude_centre": "2.9200001"
        },
        {
            "id": 6817,
            "code_insee": "66176",
            "nom_standard": "Saint-Hippolyte",
            "slug_ville": "saint-hippolyte",
            "code_postal": "66510",
            "population": 3227,
            "superficie_km2": "26.00",
            "latitude_centre": "42.8069992",
            "longitude_centre": "2.9740000"
        },
        {
            "id": 6818,
            "code_insee": "66177",
            "nom_standard": "Saint-Jean-Lasseille",
            "slug_ville": "saint-jean-lasseille",
            "code_postal": "66300",
            "population": 1570,
            "superficie_km2": "3.00",
            "latitude_centre": "42.5859985",
            "longitude_centre": "2.8650000"
        },
        {
            "id": 6819,
            "code_insee": "66178",
            "nom_standard": "Saint-Jean-Pla-de-Corts",
            "slug_ville": "saint-jean-pla-de-corts",
            "code_postal": "66490",
            "population": 2258,
            "superficie_km2": "11.00",
            "latitude_centre": "42.5159988",
            "longitude_centre": "2.7939999"
        },
        {
            "id": 6820,
            "code_insee": "66179",
            "nom_standard": "Saint-Laurent-de-Cerdans",
            "slug_ville": "saint-laurent-de-cerdans",
            "code_postal": "66260",
            "population": 1027,
            "superficie_km2": "45.00",
            "latitude_centre": "42.3969994",
            "longitude_centre": "2.6210001"
        },
        {
            "id": 6821,
            "code_insee": "66180",
            "nom_standard": "Saint-Laurent-de-la-Salanque",
            "slug_ville": "saint-laurent-de-la-salanque",
            "code_postal": "66250",
            "population": 10010,
            "superficie_km2": "17.00",
            "latitude_centre": "42.7939987",
            "longitude_centre": "3.0020001"
        },
        {
            "id": 6822,
            "code_insee": "66182",
            "nom_standard": "Sainte-Marie-la-Mer",
            "slug_ville": "sainte-marie-la-mer",
            "code_postal": "66470",
            "population": 4784,
            "superficie_km2": "10.00",
            "latitude_centre": "42.7260017",
            "longitude_centre": "3.0170000"
        },
        {
            "id": 6823,
            "code_insee": "66186",
            "nom_standard": "Saint-Nazaire",
            "slug_ville": "saint-nazaire",
            "code_postal": "66570",
            "population": 2785,
            "superficie_km2": "10.00",
            "latitude_centre": "42.6619988",
            "longitude_centre": "2.9870000"
        },
        {
            "id": 6824,
            "code_insee": "66187",
            "nom_standard": "Saint-Paul-de-Fenouillet",
            "slug_ville": "saint-paul-de-fenouillet",
            "code_postal": "66220",
            "population": 1757,
            "superficie_km2": "44.00",
            "latitude_centre": "42.8209992",
            "longitude_centre": "2.5070000"
        },
        {
            "id": 6825,
            "code_insee": "66189",
            "nom_standard": "Saleilles",
            "slug_ville": "saleilles",
            "code_postal": "66280",
            "population": 5671,
            "superficie_km2": "6.00",
            "latitude_centre": "42.6570015",
            "longitude_centre": "2.9489999"
        },
        {
            "id": 6826,
            "code_insee": "66190",
            "nom_standard": "Salses-le-Château",
            "slug_ville": "salses-le-chateau",
            "code_postal": "66600",
            "population": 3752,
            "superficie_km2": "83.00",
            "latitude_centre": "42.8370018",
            "longitude_centre": "2.9159999"
        },
        {
            "id": 6827,
            "code_insee": "66195",
            "nom_standard": "Le Soler",
            "slug_ville": "le-soler",
            "code_postal": "66270",
            "population": 7846,
            "superficie_km2": "10.00",
            "latitude_centre": "42.6780014",
            "longitude_centre": "2.7960000"
        },
        {
            "id": 6828,
            "code_insee": "66196",
            "nom_standard": "Sorède",
            "slug_ville": "sorede",
            "code_postal": "66690",
            "population": 3448,
            "superficie_km2": "35.00",
            "latitude_centre": "42.5000000",
            "longitude_centre": "2.9800000"
        },
        {
            "id": 6829,
            "code_insee": "66208",
            "nom_standard": "Théza",
            "slug_ville": "theza",
            "code_postal": "66200",
            "population": 2171,
            "superficie_km2": "5.00",
            "latitude_centre": "42.6399994",
            "longitude_centre": "2.9460001"
        },
        {
            "id": 6830,
            "code_insee": "66210",
            "nom_standard": "Thuir",
            "slug_ville": "thuir",
            "code_postal": "66300",
            "population": 8173,
            "superficie_km2": "20.00",
            "latitude_centre": "42.6430016",
            "longitude_centre": "2.7590001"
        },
        {
            "id": 6831,
            "code_insee": "66212",
            "nom_standard": "Torreilles",
            "slug_ville": "torreilles",
            "code_postal": "66440",
            "population": 3821,
            "superficie_km2": "18.00",
            "latitude_centre": "42.7529984",
            "longitude_centre": "3.0090001"
        },
        {
            "id": 6832,
            "code_insee": "66213",
            "nom_standard": "Toulouges",
            "slug_ville": "toulouges",
            "code_postal": "66350",
            "population": 7334,
            "superficie_km2": "8.00",
            "latitude_centre": "42.6699982",
            "longitude_centre": "2.8239999"
        },
        {
            "id": 6833,
            "code_insee": "66214",
            "nom_standard": "Tresserre",
            "slug_ville": "tresserre",
            "code_postal": "66300",
            "population": 1155,
            "superficie_km2": "11.00",
            "latitude_centre": "42.5559998",
            "longitude_centre": "2.8380001"
        },
        {
            "id": 6834,
            "code_insee": "66217",
            "nom_standard": "Trouillas",
            "slug_ville": "trouillas",
            "code_postal": "66300",
            "population": 2257,
            "superficie_km2": "17.00",
            "latitude_centre": "42.6059990",
            "longitude_centre": "2.8199999"
        },
        {
            "id": 6835,
            "code_insee": "66222",
            "nom_standard": "Vernet-les-Bains",
            "slug_ville": "vernet-les-bains",
            "code_postal": "66820",
            "population": 1445,
            "superficie_km2": "17.00",
            "latitude_centre": "42.5379982",
            "longitude_centre": "2.4159999"
        },
        {
            "id": 6836,
            "code_insee": "66224",
            "nom_standard": "Villelongue-de-la-Salanque",
            "slug_ville": "villelongue-de-la-salanque",
            "code_postal": "66410",
            "population": 3301,
            "superficie_km2": "7.00",
            "latitude_centre": "42.7260017",
            "longitude_centre": "2.9779999"
        },
        {
            "id": 6837,
            "code_insee": "66225",
            "nom_standard": "Villelongue-dels-Monts",
            "slug_ville": "villelongue-dels-monts",
            "code_postal": "66740",
            "population": 1858,
            "superficie_km2": "12.00",
            "latitude_centre": "42.5239983",
            "longitude_centre": "2.9000001"
        },
        {
            "id": 6838,
            "code_insee": "66226",
            "nom_standard": "Villemolaque",
            "slug_ville": "villemolaque",
            "code_postal": "66300",
            "population": 1323,
            "superficie_km2": "6.00",
            "latitude_centre": "42.5929985",
            "longitude_centre": "2.8480001"
        },
        {
            "id": 6839,
            "code_insee": "66227",
            "nom_standard": "Villeneuve-de-la-Raho",
            "slug_ville": "villeneuve-de-la-raho",
            "code_postal": "66180",
            "population": 4270,
            "superficie_km2": "12.00",
            "latitude_centre": "42.6399994",
            "longitude_centre": "2.9100001"
        },
        {
            "id": 6840,
            "code_insee": "66228",
            "nom_standard": "Villeneuve-la-Rivière",
            "slug_ville": "villeneuve-la-riviere",
            "code_postal": "66610",
            "population": 1366,
            "superficie_km2": "4.00",
            "latitude_centre": "42.7050018",
            "longitude_centre": "2.7990000"
        },
        {
            "id": 6841,
            "code_insee": "66230",
            "nom_standard": "Vinça",
            "slug_ville": "vinca",
            "code_postal": "66320",
            "population": 2156,
            "superficie_km2": "8.00",
            "latitude_centre": "42.6430016",
            "longitude_centre": "2.5230000"
        }
    ]
}