{
    "departement": {
        "code": "79",
        "nom": "Deux-Sèvres",
        "slug": "deux-sevres"
    },
    "region": {
        "id": 16,
        "code": "15",
        "nom": "Nouvelle-Aquitaine",
        "slug": "nouvelle-aquitaine"
    },
    "voisins": [
        {
            "dep_code": "16",
            "dep_nom": "Charente",
            "dep_slug": "charente"
        },
        {
            "dep_code": "17",
            "dep_nom": "Charente-Maritime",
            "dep_slug": "charente-maritime"
        },
        {
            "dep_code": "19",
            "dep_nom": "Corrèze",
            "dep_slug": "correze"
        },
        {
            "dep_code": "23",
            "dep_nom": "Creuse",
            "dep_slug": "creuse"
        }
    ],
    "villes_count": 86,
    "villes": [
        {
            "id": 8460,
            "code_insee": "79001",
            "nom_standard": "L'Absie",
            "slug_ville": "l-absie",
            "code_postal": "79240",
            "population": 1073,
            "superficie_km2": "13.00",
            "latitude_centre": "46.6479988",
            "longitude_centre": "-0.5590000"
        },
        {
            "id": 8461,
            "code_insee": "79003",
            "nom_standard": "Aiffres",
            "slug_ville": "aiffres",
            "code_postal": "79230",
            "population": 5377,
            "superficie_km2": "26.00",
            "latitude_centre": "46.2820015",
            "longitude_centre": "-0.4140000"
        },
        {
            "id": 8462,
            "code_insee": "79005",
            "nom_standard": "Airvault",
            "slug_ville": "airvault",
            "code_postal": "79600",
            "population": 3287,
            "superficie_km2": "49.00",
            "latitude_centre": "46.8330002",
            "longitude_centre": "-0.1360000"
        },
        {
            "id": 8463,
            "code_insee": "79012",
            "nom_standard": "Ardin",
            "slug_ville": "ardin",
            "code_postal": "79160",
            "population": 1240,
            "superficie_km2": "30.00",
            "latitude_centre": "46.4819984",
            "longitude_centre": "-0.5550000"
        },
        {
            "id": 8464,
            "code_insee": "79013",
            "nom_standard": "Argentonnay",
            "slug_ville": "argentonnay",
            "code_postal": "79150",
            "population": 3213,
            "superficie_km2": "29.00",
            "latitude_centre": "46.9780006",
            "longitude_centre": "-0.4690000"
        },
        {
            "id": 8465,
            "code_insee": "79014",
            "nom_standard": "Loretz-d'Argenton",
            "slug_ville": "loretz-d-argenton",
            "code_postal": "79290",
            "population": 2599,
            "superficie_km2": "26.00",
            "latitude_centre": "47.0530014",
            "longitude_centre": "-0.2520000"
        },
        {
            "id": 8466,
            "code_insee": "79024",
            "nom_standard": "Azay-le-Brûlé",
            "slug_ville": "azay-le-brule",
            "code_postal": "79400",
            "population": 1977,
            "superficie_km2": "22.00",
            "latitude_centre": "46.4039993",
            "longitude_centre": "-0.2680000"
        },
        {
            "id": 8467,
            "code_insee": "79025",
            "nom_standard": "Azay-sur-Thouet",
            "slug_ville": "azay-sur-thouet",
            "code_postal": "79130",
            "population": 1112,
            "superficie_km2": "20.00",
            "latitude_centre": "46.6189995",
            "longitude_centre": "-0.3570000"
        },
        {
            "id": 8468,
            "code_insee": "79031",
            "nom_standard": "Beauvoir-sur-Niort",
            "slug_ville": "beauvoir-sur-niort",
            "code_postal": "79360",
            "population": 1775,
            "superficie_km2": "24.00",
            "latitude_centre": "46.1809998",
            "longitude_centre": "-0.4730000"
        },
        {
            "id": 8469,
            "code_insee": "79034",
            "nom_standard": "Bessines",
            "slug_ville": "bessines",
            "code_postal": "79000",
            "population": 1828,
            "superficie_km2": "11.00",
            "latitude_centre": "46.2919998",
            "longitude_centre": "-0.5140000"
        },
        {
            "id": 8470,
            "code_insee": "79038",
            "nom_standard": "Boismé",
            "slug_ville": "boisme",
            "code_postal": "79300",
            "population": 1181,
            "superficie_km2": "35.00",
            "latitude_centre": "46.7820015",
            "longitude_centre": "-0.4330000"
        },
        {
            "id": 8471,
            "code_insee": "79048",
            "nom_standard": "La Crèche",
            "slug_ville": "la-creche",
            "code_postal": "79260",
            "population": 5732,
            "superficie_km2": "35.00",
            "latitude_centre": "46.3660011",
            "longitude_centre": "-0.3090000"
        },
        {
            "id": 8472,
            "code_insee": "79049",
            "nom_standard": "Bressuire",
            "slug_ville": "bressuire",
            "code_postal": "79300",
            "population": 19906,
            "superficie_km2": "182.00",
            "latitude_centre": "46.8549995",
            "longitude_centre": "-0.4790000"
        },
        {
            "id": 8473,
            "code_insee": "79057",
            "nom_standard": "Brioux-sur-Boutonne",
            "slug_ville": "brioux-sur-boutonne",
            "code_postal": "79170",
            "population": 1439,
            "superficie_km2": "16.00",
            "latitude_centre": "46.1419983",
            "longitude_centre": "-0.2190000"
        },
        {
            "id": 8474,
            "code_insee": "79061",
            "nom_standard": "Celles-sur-Belle",
            "slug_ville": "celles-sur-belle",
            "code_postal": "79370",
            "population": 3858,
            "superficie_km2": "38.00",
            "latitude_centre": "46.2400017",
            "longitude_centre": "-0.2180000"
        },
        {
            "id": 8475,
            "code_insee": "79062",
            "nom_standard": "Cerizay",
            "slug_ville": "cerizay",
            "code_postal": "79140",
            "population": 4797,
            "superficie_km2": "19.00",
            "latitude_centre": "46.8219986",
            "longitude_centre": "-0.6720000"
        },
        {
            "id": 8476,
            "code_insee": "79063",
            "nom_standard": "Val en Vignes",
            "slug_ville": "val-en-vignes",
            "code_postal": "79290",
            "population": 2027,
            "superficie_km2": "37.00",
            "latitude_centre": "47.0600014",
            "longitude_centre": "-0.3640000"
        },
        {
            "id": 8477,
            "code_insee": "79066",
            "nom_standard": "Champdeniers",
            "slug_ville": "champdeniers",
            "code_postal": "79220",
            "population": 1774,
            "superficie_km2": "22.00",
            "latitude_centre": "46.4799995",
            "longitude_centre": "-0.3820000"
        },
        {
            "id": 8478,
            "code_insee": "79076",
            "nom_standard": "La Chapelle-Saint-Laurent",
            "slug_ville": "la-chapelle-saint-laurent",
            "code_postal": "79430",
            "population": 2071,
            "superficie_km2": "29.00",
            "latitude_centre": "46.7319984",
            "longitude_centre": "-0.4660000"
        },
        {
            "id": 8479,
            "code_insee": "79079",
            "nom_standard": "Mauléon",
            "slug_ville": "mauleon",
            "code_postal": "79700",
            "population": 8597,
            "superficie_km2": "122.00",
            "latitude_centre": "46.9469986",
            "longitude_centre": "-0.7470000"
        },
        {
            "id": 8480,
            "code_insee": "79080",
            "nom_standard": "Châtillon-sur-Thouet",
            "slug_ville": "chatillon-sur-thouet",
            "code_postal": "79200",
            "population": 2671,
            "superficie_km2": "16.00",
            "latitude_centre": "46.6720009",
            "longitude_centre": "-0.2600000"
        },
        {
            "id": 8481,
            "code_insee": "79081",
            "nom_standard": "Chauray",
            "slug_ville": "chauray",
            "code_postal": "79180",
            "population": 7151,
            "superficie_km2": "15.00",
            "latitude_centre": "46.3520012",
            "longitude_centre": "-0.3800000"
        },
        {
            "id": 8482,
            "code_insee": "79083",
            "nom_standard": "Chef-Boutonne",
            "slug_ville": "chef-boutonne",
            "code_postal": "79110",
            "population": 2390,
            "superficie_km2": "20.00",
            "latitude_centre": "46.1150017",
            "longitude_centre": "-0.0810000"
        },
        {
            "id": 8483,
            "code_insee": "79086",
            "nom_standard": "Cherveux",
            "slug_ville": "cherveux",
            "code_postal": "79410",
            "population": 1898,
            "superficie_km2": "22.00",
            "latitude_centre": "46.4210014",
            "longitude_centre": "-0.3530000"
        },
        {
            "id": 8484,
            "code_insee": "79088",
            "nom_standard": "Chiché",
            "slug_ville": "chiche",
            "code_postal": "79350",
            "population": 1682,
            "superficie_km2": "47.00",
            "latitude_centre": "46.7960014",
            "longitude_centre": "-0.3520000"
        },
        {
            "id": 8485,
            "code_insee": "79096",
            "nom_standard": "Combrand",
            "slug_ville": "combrand",
            "code_postal": "79140",
            "population": 1167,
            "superficie_km2": "25.00",
            "latitude_centre": "46.8639984",
            "longitude_centre": "-0.6960000"
        },
        {
            "id": 8486,
            "code_insee": "79100",
            "nom_standard": "Coulon",
            "slug_ville": "coulon",
            "code_postal": "79510",
            "population": 2271,
            "superficie_km2": "30.00",
            "latitude_centre": "46.3370018",
            "longitude_centre": "-0.5840000"
        },
        {
            "id": 8487,
            "code_insee": "79101",
            "nom_standard": "Coulonges-sur-l'Autize",
            "slug_ville": "coulonges-sur-l-autize",
            "code_postal": "79160",
            "population": 2345,
            "superficie_km2": "19.00",
            "latitude_centre": "46.4830017",
            "longitude_centre": "-0.6000000"
        },
        {
            "id": 8488,
            "code_insee": "79103",
            "nom_standard": "Courlay",
            "slug_ville": "courlay",
            "code_postal": "79440",
            "population": 2409,
            "superficie_km2": "29.00",
            "latitude_centre": "46.7820015",
            "longitude_centre": "-0.5780000"
        },
        {
            "id": 8489,
            "code_insee": "79109",
            "nom_standard": "Échiré",
            "slug_ville": "echire",
            "code_postal": "79410",
            "population": 3517,
            "superficie_km2": "31.00",
            "latitude_centre": "46.3950005",
            "longitude_centre": "-0.4270000"
        },
        {
            "id": 8490,
            "code_insee": "79114",
            "nom_standard": "Exireuil",
            "slug_ville": "exireuil",
            "code_postal": "79400",
            "population": 1567,
            "superficie_km2": "21.00",
            "latitude_centre": "46.4539986",
            "longitude_centre": "-0.1770000"
        },
        {
            "id": 8491,
            "code_insee": "79116",
            "nom_standard": "Faye-l'Abbesse",
            "slug_ville": "faye-l-abbesse",
            "code_postal": "79350",
            "population": 1117,
            "superficie_km2": "23.00",
            "latitude_centre": "46.8339996",
            "longitude_centre": "-0.3440000"
        },
        {
            "id": 8492,
            "code_insee": "79123",
            "nom_standard": "La Forêt-sur-Sèvre",
            "slug_ville": "la-foret-sur-sevre",
            "code_postal": "79380",
            "population": 2265,
            "superficie_km2": "56.00",
            "latitude_centre": "46.7589989",
            "longitude_centre": "-0.6480000"
        },
        {
            "id": 8493,
            "code_insee": "79125",
            "nom_standard": "Fors",
            "slug_ville": "fors",
            "code_postal": "79230",
            "population": 1844,
            "superficie_km2": "19.00",
            "latitude_centre": "46.2410011",
            "longitude_centre": "-0.4140000"
        },
        {
            "id": 8494,
            "code_insee": "79129",
            "nom_standard": "Fressines",
            "slug_ville": "fressines",
            "code_postal": "79370",
            "population": 1756,
            "superficie_km2": "10.00",
            "latitude_centre": "46.3250008",
            "longitude_centre": "-0.3000000"
        },
        {
            "id": 8495,
            "code_insee": "79130",
            "nom_standard": "Frontenay-Rohan-Rohan",
            "slug_ville": "frontenay-rohan-rohan",
            "code_postal": "79270",
            "population": 2946,
            "superficie_km2": "34.00",
            "latitude_centre": "46.2560005",
            "longitude_centre": "-0.5400000"
        },
        {
            "id": 8496,
            "code_insee": "79133",
            "nom_standard": "Germond-Rouvre",
            "slug_ville": "germond-rouvre",
            "code_postal": "79220",
            "population": 1193,
            "superficie_km2": "18.00",
            "latitude_centre": "46.4510002",
            "longitude_centre": "-0.4180000"
        },
        {
            "id": 8497,
            "code_insee": "79148",
            "nom_standard": "Lezay",
            "slug_ville": "lezay",
            "code_postal": "79120",
            "population": 2003,
            "superficie_km2": "45.00",
            "latitude_centre": "46.2659988",
            "longitude_centre": "-0.0200000"
        },
        {
            "id": 8498,
            "code_insee": "79157",
            "nom_standard": "Louzy",
            "slug_ville": "louzy",
            "code_postal": "79100",
            "population": 1294,
            "superficie_km2": "19.00",
            "latitude_centre": "47.0180016",
            "longitude_centre": "-0.1810000"
        },
        {
            "id": 8499,
            "code_insee": "79162",
            "nom_standard": "Magné",
            "slug_ville": "magne",
            "code_postal": "79460",
            "population": 2687,
            "superficie_km2": "15.00",
            "latitude_centre": "46.3100014",
            "longitude_centre": "-0.5580000"
        },
        {
            "id": 8500,
            "code_insee": "79170",
            "nom_standard": "Mauzé-sur-le-Mignon",
            "slug_ville": "mauze-sur-le-mignon",
            "code_postal": "79210",
            "population": 2893,
            "superficie_km2": "24.00",
            "latitude_centre": "46.1920013",
            "longitude_centre": "-0.6440000"
        },
        {
            "id": 8501,
            "code_insee": "79172",
            "nom_standard": "Mazières-en-Gâtine",
            "slug_ville": "mazieres-en-gatine",
            "code_postal": "79310",
            "population": 1030,
            "superficie_km2": "19.00",
            "latitude_centre": "46.5209999",
            "longitude_centre": "-0.3240000"
        },
        {
            "id": 8502,
            "code_insee": "79174",
            "nom_standard": "Melle",
            "slug_ville": "melle",
            "code_postal": "79500",
            "population": 5904,
            "superficie_km2": "10.00",
            "latitude_centre": "46.2309990",
            "longitude_centre": "-0.1480000"
        },
        {
            "id": 8503,
            "code_insee": "79179",
            "nom_standard": "Moncoutant-sur-Sèvre",
            "slug_ville": "moncoutant-sur-sevre",
            "code_postal": "79320",
            "population": 5085,
            "superficie_km2": "27.00",
            "latitude_centre": "46.7360001",
            "longitude_centre": "-0.5790000"
        },
        {
            "id": 8504,
            "code_insee": "79184",
            "nom_standard": "La Mothe-Saint-Héray",
            "slug_ville": "la-mothe-saint-heray",
            "code_postal": "79800",
            "population": 1665,
            "superficie_km2": "15.00",
            "latitude_centre": "46.3520012",
            "longitude_centre": "-0.1190000"
        },
        {
            "id": 8505,
            "code_insee": "79185",
            "nom_standard": "Aigondigné",
            "slug_ville": "aigondigne",
            "code_postal": "79370",
            "population": 4660,
            "superficie_km2": "21.00",
            "latitude_centre": "46.2910004",
            "longitude_centre": "-0.2960000"
        },
        {
            "id": 8506,
            "code_insee": "79189",
            "nom_standard": "Nanteuil",
            "slug_ville": "nanteuil",
            "code_postal": "79400",
            "population": 1705,
            "superficie_km2": "21.00",
            "latitude_centre": "46.4230003",
            "longitude_centre": "-0.1540000"
        },
        {
            "id": 8507,
            "code_insee": "79191",
            "nom_standard": "Niort",
            "slug_ville": "niort",
            "code_postal": "79000",
            "population": 59309,
            "superficie_km2": "68.00",
            "latitude_centre": "46.3279991",
            "longitude_centre": "-0.4650000"
        },
        {
            "id": 8508,
            "code_insee": "79195",
            "nom_standard": "Nueil-les-Aubiers",
            "slug_ville": "nueil-les-aubiers",
            "code_postal": "79250",
            "population": 5566,
            "superficie_km2": "101.00",
            "latitude_centre": "46.9399986",
            "longitude_centre": "-0.5960000"
        },
        {
            "id": 8509,
            "code_insee": "79196",
            "nom_standard": "Plaine-et-Vallées",
            "slug_ville": "plaine-et-vallees",
            "code_postal": "79100",
            "population": 2351,
            "superficie_km2": "37.00",
            "latitude_centre": "46.9370003",
            "longitude_centre": "-0.0840000"
        },
        {
            "id": 8510,
            "code_insee": "79201",
            "nom_standard": "Pamproux",
            "slug_ville": "pamproux",
            "code_postal": "79800",
            "population": 1677,
            "superficie_km2": "36.00",
            "latitude_centre": "46.4119988",
            "longitude_centre": "-0.0430000"
        },
        {
            "id": 8511,
            "code_insee": "79202",
            "nom_standard": "Parthenay",
            "slug_ville": "parthenay",
            "code_postal": "79200",
            "population": 10058,
            "superficie_km2": "11.00",
            "latitude_centre": "46.6450005",
            "longitude_centre": "-0.2330000"
        },
        {
            "id": 8512,
            "code_insee": "79208",
            "nom_standard": "La Peyratte",
            "slug_ville": "la-peyratte",
            "code_postal": "79200",
            "population": 1114,
            "superficie_km2": "48.00",
            "latitude_centre": "46.6650009",
            "longitude_centre": "-0.1590000"
        },
        {
            "id": 8513,
            "code_insee": "79210",
            "nom_standard": "Le Pin",
            "slug_ville": "le-pin",
            "code_postal": "79140",
            "population": 1041,
            "superficie_km2": "19.00",
            "latitude_centre": "46.8790016",
            "longitude_centre": "-0.6520000"
        },
        {
            "id": 8514,
            "code_insee": "79213",
            "nom_standard": "Pompaire",
            "slug_ville": "pompaire",
            "code_postal": "79200",
            "population": 2032,
            "superficie_km2": "13.00",
            "latitude_centre": "46.6160011",
            "longitude_centre": "-0.2400000"
        },
        {
            "id": 8515,
            "code_insee": "79216",
            "nom_standard": "Prahecq",
            "slug_ville": "prahecq",
            "code_postal": "79230",
            "population": 2246,
            "superficie_km2": "25.00",
            "latitude_centre": "46.2680016",
            "longitude_centre": "-0.3450000"
        },
        {
            "id": 8516,
            "code_insee": "79235",
            "nom_standard": "Saint-Amand-sur-Sèvre",
            "slug_ville": "saint-amand-sur-sevre",
            "code_postal": "79700",
            "population": 1415,
            "superficie_km2": "33.00",
            "latitude_centre": "46.8800011",
            "longitude_centre": "-0.7820000"
        },
        {
            "id": 8517,
            "code_insee": "79239",
            "nom_standard": "Saint-Aubin-le-Cloud",
            "slug_ville": "saint-aubin-le-cloud",
            "code_postal": "79450",
            "population": 1677,
            "superficie_km2": "42.00",
            "latitude_centre": "46.6570015",
            "longitude_centre": "-0.3430000"
        },
        {
            "id": 8518,
            "code_insee": "79242",
            "nom_standard": "Voulmentin",
            "slug_ville": "voulmentin",
            "code_postal": "79150",
            "population": 1124,
            "superficie_km2": "14.00",
            "latitude_centre": "46.9609985",
            "longitude_centre": "-0.5150000"
        },
        {
            "id": 8519,
            "code_insee": "79249",
            "nom_standard": "Saint-Gelais",
            "slug_ville": "saint-gelais",
            "code_postal": "79410",
            "population": 2183,
            "superficie_km2": "17.00",
            "latitude_centre": "46.3779984",
            "longitude_centre": "-0.3890000"
        },
        {
            "id": 8520,
            "code_insee": "79257",
            "nom_standard": "Saint-Hilaire-la-Palud",
            "slug_ville": "saint-hilaire-la-palud",
            "code_postal": "79210",
            "population": 1523,
            "superficie_km2": "34.00",
            "latitude_centre": "46.2620010",
            "longitude_centre": "-0.7150000"
        },
        {
            "id": 8521,
            "code_insee": "79259",
            "nom_standard": "Saint-Jean-de-Thouars",
            "slug_ville": "saint-jean-de-thouars",
            "code_postal": "79100",
            "population": 1339,
            "superficie_km2": "5.00",
            "latitude_centre": "46.9550018",
            "longitude_centre": "-0.2190000"
        },
        {
            "id": 8522,
            "code_insee": "79265",
            "nom_standard": "Saint-Léger-de-Montbrun",
            "slug_ville": "saint-leger-de-montbrun",
            "code_postal": "79100",
            "population": 1257,
            "superficie_km2": "31.00",
            "latitude_centre": "46.9889984",
            "longitude_centre": "-0.1310000"
        },
        {
            "id": 8523,
            "code_insee": "79268",
            "nom_standard": "Saint-Loup-Lamairé",
            "slug_ville": "saint-loup-lamaire",
            "code_postal": "79600",
            "population": 1011,
            "superficie_km2": "22.00",
            "latitude_centre": "46.7700005",
            "longitude_centre": "-0.1570000"
        },
        {
            "id": 8524,
            "code_insee": "79270",
            "nom_standard": "Saint-Maixent-l'École",
            "slug_ville": "saint-maixent-l-ecole",
            "code_postal": "79400",
            "population": 7254,
            "superficie_km2": "5.00",
            "latitude_centre": "46.4129982",
            "longitude_centre": "-0.2100000"
        },
        {
            "id": 8525,
            "code_insee": "79276",
            "nom_standard": "Saint-Martin-de-Saint-Maixent",
            "slug_ville": "saint-martin-de-saint-maixent",
            "code_postal": "79400",
            "population": 1068,
            "superficie_km2": "13.00",
            "latitude_centre": "46.3889999",
            "longitude_centre": "-0.2040000"
        },
        {
            "id": 8526,
            "code_insee": "79277",
            "nom_standard": "Saint-Martin-de-Sanzay",
            "slug_ville": "saint-martin-de-sanzay",
            "code_postal": "79290",
            "population": 1053,
            "superficie_km2": "24.00",
            "latitude_centre": "47.0750008",
            "longitude_centre": "-0.1950000"
        },
        {
            "id": 8527,
            "code_insee": "79281",
            "nom_standard": "Saint-Maxire",
            "slug_ville": "saint-maxire",
            "code_postal": "79410",
            "population": 1314,
            "superficie_km2": "14.00",
            "latitude_centre": "46.3989983",
            "longitude_centre": "-0.4800000"
        },
        {
            "id": 8528,
            "code_insee": "79283",
            "nom_standard": "Sainte-Néomaye",
            "slug_ville": "sainte-neomaye",
            "code_postal": "79260",
            "population": 1334,
            "superficie_km2": "11.00",
            "latitude_centre": "46.3619995",
            "longitude_centre": "-0.2640000"
        },
        {
            "id": 8529,
            "code_insee": "79285",
            "nom_standard": "Saint-Pardoux-Soutiers",
            "slug_ville": "saint-pardoux-soutiers",
            "code_postal": "79310",
            "population": 1867,
            "superficie_km2": "35.00",
            "latitude_centre": "46.5769997",
            "longitude_centre": "-0.3170000"
        },
        {
            "id": 8530,
            "code_insee": "79289",
            "nom_standard": "Saint-Pierre-des-Échaubrognes",
            "slug_ville": "saint-pierre-des-echaubrognes",
            "code_postal": "79700",
            "population": 1412,
            "superficie_km2": "29.00",
            "latitude_centre": "46.9799995",
            "longitude_centre": "-0.7520000"
        },
        {
            "id": 8531,
            "code_insee": "79293",
            "nom_standard": "Saint-Rémy",
            "slug_ville": "saint-remy",
            "code_postal": "79410",
            "population": 1102,
            "superficie_km2": "14.00",
            "latitude_centre": "46.3709984",
            "longitude_centre": "-0.5230000"
        },
        {
            "id": 8532,
            "code_insee": "79298",
            "nom_standard": "Saint-Symphorien",
            "slug_ville": "saint-symphorien",
            "code_postal": "79270",
            "population": 1990,
            "superficie_km2": "19.00",
            "latitude_centre": "46.2669983",
            "longitude_centre": "-0.4790000"
        },
        {
            "id": 8533,
            "code_insee": "79299",
            "nom_standard": "Saint-Varent",
            "slug_ville": "saint-varent",
            "code_postal": "79330",
            "population": 2400,
            "superficie_km2": "35.00",
            "latitude_centre": "46.8930016",
            "longitude_centre": "-0.2230000"
        },
        {
            "id": 8534,
            "code_insee": "79300",
            "nom_standard": "Sainte-Verge",
            "slug_ville": "sainte-verge",
            "code_postal": "79100",
            "population": 1394,
            "superficie_km2": "13.00",
            "latitude_centre": "47.0130005",
            "longitude_centre": "-0.2280000"
        },
        {
            "id": 8535,
            "code_insee": "79302",
            "nom_standard": "Saivres",
            "slug_ville": "saivres",
            "code_postal": "79400",
            "population": 1343,
            "superficie_km2": "21.00",
            "latitude_centre": "46.4370003",
            "longitude_centre": "-0.2330000"
        },
        {
            "id": 8536,
            "code_insee": "79307",
            "nom_standard": "Sauzé-Vaussais",
            "slug_ville": "sauze-vaussais",
            "code_postal": "79190",
            "population": 1495,
            "superficie_km2": "19.00",
            "latitude_centre": "46.1220017",
            "longitude_centre": "0.1110000"
        },
        {
            "id": 8537,
            "code_insee": "79311",
            "nom_standard": "Secondigny",
            "slug_ville": "secondigny",
            "code_postal": "79130",
            "population": 1791,
            "superficie_km2": "38.00",
            "latitude_centre": "46.6119995",
            "longitude_centre": "-0.4420000"
        },
        {
            "id": 8538,
            "code_insee": "79322",
            "nom_standard": "Le Tallud",
            "slug_ville": "le-tallud",
            "code_postal": "79200",
            "population": 1980,
            "superficie_km2": "19.00",
            "latitude_centre": "46.6269989",
            "longitude_centre": "-0.2910000"
        },
        {
            "id": 8539,
            "code_insee": "79326",
            "nom_standard": "Thénezay",
            "slug_ville": "thenezay",
            "code_postal": "79390",
            "population": 1404,
            "superficie_km2": "48.00",
            "latitude_centre": "46.7130013",
            "longitude_centre": "-0.0410000"
        },
        {
            "id": 8540,
            "code_insee": "79329",
            "nom_standard": "Thouars",
            "slug_ville": "thouars",
            "code_postal": "79100",
            "population": 14000,
            "superficie_km2": "12.00",
            "latitude_centre": "46.9830017",
            "longitude_centre": "-0.2000000"
        },
        {
            "id": 8541,
            "code_insee": "79334",
            "nom_standard": "Val-du-Mignon",
            "slug_ville": "val-du-mignon",
            "code_postal": "79210",
            "population": 1082,
            "superficie_km2": "16.00",
            "latitude_centre": "46.1699982",
            "longitude_centre": "-0.5870000"
        },
        {
            "id": 8542,
            "code_insee": "79339",
            "nom_standard": "Vasles",
            "slug_ville": "vasles",
            "code_postal": "79340",
            "population": 1666,
            "superficie_km2": "89.00",
            "latitude_centre": "46.5740013",
            "longitude_centre": "-0.0490000"
        },
        {
            "id": 8543,
            "code_insee": "79347",
            "nom_standard": "Viennay",
            "slug_ville": "viennay",
            "code_postal": "79200",
            "population": 1092,
            "superficie_km2": "16.00",
            "latitude_centre": "46.6959992",
            "longitude_centre": "-0.2480000"
        },
        {
            "id": 8544,
            "code_insee": "79351",
            "nom_standard": "Villiers-en-Plaine",
            "slug_ville": "villiers-en-plaine",
            "code_postal": "79160",
            "population": 1793,
            "superficie_km2": "28.00",
            "latitude_centre": "46.4150009",
            "longitude_centre": "-0.5370000"
        },
        {
            "id": 8545,
            "code_insee": "79355",
            "nom_standard": "Vouillé",
            "slug_ville": "vouille",
            "code_postal": "79230",
            "population": 3431,
            "superficie_km2": "22.00",
            "latitude_centre": "46.3160019",
            "longitude_centre": "-0.3560000"
        }
    ]
}