{
    "departement": {
        "code": "84",
        "nom": "Vaucluse",
        "slug": "vaucluse"
    },
    "region": {
        "id": 19,
        "code": "18",
        "nom": "Provence-Alpes-Côte d'Azur",
        "slug": "provence-alpes-cote-d-azur"
    },
    "voisins": [
        {
            "dep_code": "04",
            "dep_nom": "Alpes-de-Haute-Provence",
            "dep_slug": "alpes-de-haute-provence"
        },
        {
            "dep_code": "05",
            "dep_nom": "Hautes-Alpes",
            "dep_slug": "hautes-alpes"
        },
        {
            "dep_code": "06",
            "dep_nom": "Alpes-Maritimes",
            "dep_slug": "alpes-maritimes"
        },
        {
            "dep_code": "13",
            "dep_nom": "Bouches-du-Rhône",
            "dep_slug": "bouches-du-rhone"
        }
    ],
    "villes_count": 85,
    "villes": [
        {
            "id": 8894,
            "code_insee": "84001",
            "nom_standard": "Althen-des-Paluds",
            "slug_ville": "althen-des-paluds",
            "code_postal": "84210",
            "population": 2802,
            "superficie_km2": "7.00",
            "latitude_centre": "44.0050011",
            "longitude_centre": "4.9580002"
        },
        {
            "id": 8895,
            "code_insee": "84002",
            "nom_standard": "Ansouis",
            "slug_ville": "ansouis",
            "code_postal": "84240",
            "population": 1061,
            "superficie_km2": "18.00",
            "latitude_centre": "43.7360001",
            "longitude_centre": "5.4710002"
        },
        {
            "id": 8896,
            "code_insee": "84003",
            "nom_standard": "Apt",
            "slug_ville": "apt",
            "code_postal": "84400",
            "population": 10536,
            "superficie_km2": "45.00",
            "latitude_centre": "43.8790016",
            "longitude_centre": "5.3889999"
        },
        {
            "id": 8897,
            "code_insee": "84004",
            "nom_standard": "Aubignan",
            "slug_ville": "aubignan",
            "code_postal": "84810",
            "population": 5894,
            "superficie_km2": "16.00",
            "latitude_centre": "44.0979996",
            "longitude_centre": "5.0320001"
        },
        {
            "id": 8898,
            "code_insee": "84007",
            "nom_standard": "Avignon",
            "slug_ville": "avignon",
            "code_postal": "84000",
            "population": 90330,
            "superficie_km2": "65.00",
            "latitude_centre": "43.9350014",
            "longitude_centre": "4.8410001"
        },
        {
            "id": 8899,
            "code_insee": "84009",
            "nom_standard": "La Bastide-des-Jourdans",
            "slug_ville": "la-bastide-des-jourdans",
            "code_postal": "84240",
            "population": 1686,
            "superficie_km2": "28.00",
            "latitude_centre": "43.7939987",
            "longitude_centre": "5.6469998"
        },
        {
            "id": 8900,
            "code_insee": "84012",
            "nom_standard": "Beaumes-de-Venise",
            "slug_ville": "beaumes-de-venise",
            "code_postal": "84190",
            "population": 2389,
            "superficie_km2": "19.00",
            "latitude_centre": "44.1230011",
            "longitude_centre": "5.0289998"
        },
        {
            "id": 8901,
            "code_insee": "84014",
            "nom_standard": "Beaumont-de-Pertuis",
            "slug_ville": "beaumont-de-pertuis",
            "code_postal": "84120",
            "population": 1115,
            "superficie_km2": "54.00",
            "latitude_centre": "43.7379990",
            "longitude_centre": "5.6960001"
        },
        {
            "id": 8902,
            "code_insee": "84016",
            "nom_standard": "Bédarrides",
            "slug_ville": "bedarrides",
            "code_postal": "84370",
            "population": 5410,
            "superficie_km2": "25.00",
            "latitude_centre": "44.0480003",
            "longitude_centre": "4.9080000"
        },
        {
            "id": 8903,
            "code_insee": "84017",
            "nom_standard": "Bédoin",
            "slug_ville": "bedoin",
            "code_postal": "84410",
            "population": 3086,
            "superficie_km2": "91.00",
            "latitude_centre": "44.1380005",
            "longitude_centre": "5.2340002"
        },
        {
            "id": 8904,
            "code_insee": "84019",
            "nom_standard": "Bollène",
            "slug_ville": "bollene",
            "code_postal": "84500",
            "population": 13605,
            "superficie_km2": "54.00",
            "latitude_centre": "44.2879982",
            "longitude_centre": "4.7519999"
        },
        {
            "id": 8905,
            "code_insee": "84020",
            "nom_standard": "Bonnieux",
            "slug_ville": "bonnieux",
            "code_postal": "84480",
            "population": 1177,
            "superficie_km2": "51.00",
            "latitude_centre": "43.8269997",
            "longitude_centre": "5.3150001"
        },
        {
            "id": 8906,
            "code_insee": "84025",
            "nom_standard": "Cabrières-d'Avignon",
            "slug_ville": "cabrieres-d-avignon",
            "code_postal": "84220",
            "population": 1795,
            "superficie_km2": "15.00",
            "latitude_centre": "43.8959999",
            "longitude_centre": "5.1529999"
        },
        {
            "id": 8907,
            "code_insee": "84026",
            "nom_standard": "Cadenet",
            "slug_ville": "cadenet",
            "code_postal": "84160",
            "population": 4292,
            "superficie_km2": "26.00",
            "latitude_centre": "43.7299995",
            "longitude_centre": "5.3839998"
        },
        {
            "id": 8908,
            "code_insee": "84027",
            "nom_standard": "Caderousse",
            "slug_ville": "caderousse",
            "code_postal": "84860",
            "population": 2590,
            "superficie_km2": "32.00",
            "latitude_centre": "44.1100006",
            "longitude_centre": "4.7440000"
        },
        {
            "id": 8909,
            "code_insee": "84028",
            "nom_standard": "Cairanne",
            "slug_ville": "cairanne",
            "code_postal": "84290",
            "population": 1104,
            "superficie_km2": "23.00",
            "latitude_centre": "44.2299995",
            "longitude_centre": "4.9330001"
        },
        {
            "id": 8910,
            "code_insee": "84029",
            "nom_standard": "Camaret-sur-Aigues",
            "slug_ville": "camaret-sur-aigues",
            "code_postal": "84850",
            "population": 4547,
            "superficie_km2": "18.00",
            "latitude_centre": "44.1599999",
            "longitude_centre": "4.8839998"
        },
        {
            "id": 8911,
            "code_insee": "84030",
            "nom_standard": "Caromb",
            "slug_ville": "caromb",
            "code_postal": "84330",
            "population": 3458,
            "superficie_km2": "18.00",
            "latitude_centre": "44.1119995",
            "longitude_centre": "5.1069999"
        },
        {
            "id": 8912,
            "code_insee": "84031",
            "nom_standard": "Carpentras",
            "slug_ville": "carpentras",
            "code_postal": "84200",
            "population": 30769,
            "superficie_km2": "38.00",
            "latitude_centre": "44.0589981",
            "longitude_centre": "5.0609999"
        },
        {
            "id": 8913,
            "code_insee": "84034",
            "nom_standard": "Caumont-sur-Durance",
            "slug_ville": "caumont-sur-durance",
            "code_postal": "84510",
            "population": 5422,
            "superficie_km2": "18.00",
            "latitude_centre": "43.8909988",
            "longitude_centre": "4.9559999"
        },
        {
            "id": 8914,
            "code_insee": "84035",
            "nom_standard": "Cavaillon",
            "slug_ville": "cavaillon",
            "code_postal": "84300",
            "population": 25923,
            "superficie_km2": "46.00",
            "latitude_centre": "43.8510017",
            "longitude_centre": "5.0359998"
        },
        {
            "id": 8915,
            "code_insee": "84036",
            "nom_standard": "Châteauneuf-de-Gadagne",
            "slug_ville": "chateauneuf-de-gadagne",
            "code_postal": "84470",
            "population": 3437,
            "superficie_km2": "13.00",
            "latitude_centre": "43.9280014",
            "longitude_centre": "4.9429998"
        },
        {
            "id": 8916,
            "code_insee": "84037",
            "nom_standard": "Châteauneuf-du-Pape",
            "slug_ville": "chateauneuf-du-pape",
            "code_postal": "84230",
            "population": 2040,
            "superficie_km2": "25.00",
            "latitude_centre": "44.0600014",
            "longitude_centre": "4.8270001"
        },
        {
            "id": 8917,
            "code_insee": "84038",
            "nom_standard": "Cheval-Blanc",
            "slug_ville": "cheval-blanc",
            "code_postal": "84460",
            "population": 4317,
            "superficie_km2": "59.00",
            "latitude_centre": "43.7890015",
            "longitude_centre": "5.1240001"
        },
        {
            "id": 8918,
            "code_insee": "84039",
            "nom_standard": "Courthézon",
            "slug_ville": "courthezon",
            "code_postal": "84350",
            "population": 6064,
            "superficie_km2": "33.00",
            "latitude_centre": "44.0870018",
            "longitude_centre": "4.8820000"
        },
        {
            "id": 8919,
            "code_insee": "84042",
            "nom_standard": "Cucuron",
            "slug_ville": "cucuron",
            "code_postal": "84160",
            "population": 1814,
            "superficie_km2": "33.00",
            "latitude_centre": "43.7779999",
            "longitude_centre": "5.4439998"
        },
        {
            "id": 8920,
            "code_insee": "84043",
            "nom_standard": "Entraigues-sur-la-Sorgue",
            "slug_ville": "entraigues-sur-la-sorgue",
            "code_postal": "84320",
            "population": 8793,
            "superficie_km2": "17.00",
            "latitude_centre": "43.9949989",
            "longitude_centre": "4.9330001"
        },
        {
            "id": 8921,
            "code_insee": "84044",
            "nom_standard": "Entrechaux",
            "slug_ville": "entrechaux",
            "code_postal": "84340",
            "population": 1151,
            "superficie_km2": "15.00",
            "latitude_centre": "44.2220001",
            "longitude_centre": "5.1329999"
        },
        {
            "id": 8922,
            "code_insee": "84047",
            "nom_standard": "Gargas",
            "slug_ville": "gargas",
            "code_postal": "84400",
            "population": 3039,
            "superficie_km2": "15.00",
            "latitude_centre": "43.8959999",
            "longitude_centre": "5.3439999"
        },
        {
            "id": 8923,
            "code_insee": "84050",
            "nom_standard": "Gordes",
            "slug_ville": "gordes",
            "code_postal": "84220",
            "population": 1666,
            "superficie_km2": "49.00",
            "latitude_centre": "43.9090004",
            "longitude_centre": "5.1980000"
        },
        {
            "id": 8924,
            "code_insee": "84051",
            "nom_standard": "Goult",
            "slug_ville": "goult",
            "code_postal": "84220",
            "population": 1080,
            "superficie_km2": "24.00",
            "latitude_centre": "43.8670006",
            "longitude_centre": "5.2480001"
        },
        {
            "id": 8925,
            "code_insee": "84052",
            "nom_standard": "Grambois",
            "slug_ville": "grambois",
            "code_postal": "84240",
            "population": 1214,
            "superficie_km2": "31.00",
            "latitude_centre": "43.7610016",
            "longitude_centre": "5.6040001"
        },
        {
            "id": 8926,
            "code_insee": "84053",
            "nom_standard": "Grillon",
            "slug_ville": "grillon",
            "code_postal": "84600",
            "population": 1759,
            "superficie_km2": "15.00",
            "latitude_centre": "44.3950005",
            "longitude_centre": "4.9340000"
        },
        {
            "id": 8927,
            "code_insee": "84054",
            "nom_standard": "L'Isle-sur-la-Sorgue",
            "slug_ville": "l-isle-sur-la-sorgue",
            "code_postal": "84800",
            "population": 19965,
            "superficie_km2": "45.00",
            "latitude_centre": "43.9129982",
            "longitude_centre": "5.0570002"
        },
        {
            "id": 8928,
            "code_insee": "84055",
            "nom_standard": "Jonquerettes",
            "slug_ville": "jonquerettes",
            "code_postal": "84450",
            "population": 1595,
            "superficie_km2": "3.00",
            "latitude_centre": "43.9490013",
            "longitude_centre": "4.9439998"
        },
        {
            "id": 8929,
            "code_insee": "84056",
            "nom_standard": "Jonquières",
            "slug_ville": "jonquieres",
            "code_postal": "84150",
            "population": 5298,
            "superficie_km2": "24.00",
            "latitude_centre": "44.1320000",
            "longitude_centre": "4.9130001"
        },
        {
            "id": 8930,
            "code_insee": "84062",
            "nom_standard": "Lagnes",
            "slug_ville": "lagnes",
            "code_postal": "84800",
            "population": 1673,
            "superficie_km2": "17.00",
            "latitude_centre": "43.8919983",
            "longitude_centre": "5.1149998"
        },
        {
            "id": 8931,
            "code_insee": "84064",
            "nom_standard": "Lapalud",
            "slug_ville": "lapalud",
            "code_postal": "84840",
            "population": 3836,
            "superficie_km2": "18.00",
            "latitude_centre": "44.3059998",
            "longitude_centre": "4.6799998"
        },
        {
            "id": 8932,
            "code_insee": "84065",
            "nom_standard": "Lauris",
            "slug_ville": "lauris",
            "code_postal": "84360",
            "population": 3896,
            "superficie_km2": "22.00",
            "latitude_centre": "43.7630005",
            "longitude_centre": "5.3030000"
        },
        {
            "id": 8933,
            "code_insee": "84067",
            "nom_standard": "Loriol-du-Comtat",
            "slug_ville": "loriol-du-comtat",
            "code_postal": "84870",
            "population": 2471,
            "superficie_km2": "11.00",
            "latitude_centre": "44.0750008",
            "longitude_centre": "5.0050001"
        },
        {
            "id": 8934,
            "code_insee": "84068",
            "nom_standard": "Lourmarin",
            "slug_ville": "lourmarin",
            "code_postal": "84160",
            "population": 1042,
            "superficie_km2": "20.00",
            "latitude_centre": "43.7779999",
            "longitude_centre": "5.3660002"
        },
        {
            "id": 8935,
            "code_insee": "84069",
            "nom_standard": "Malaucène",
            "slug_ville": "malaucene",
            "code_postal": "84340",
            "population": 2756,
            "superficie_km2": "45.00",
            "latitude_centre": "44.1879997",
            "longitude_centre": "5.1500001"
        },
        {
            "id": 8936,
            "code_insee": "84070",
            "nom_standard": "Malemort-du-Comtat",
            "slug_ville": "malemort-du-comtat",
            "code_postal": "84570",
            "population": 1935,
            "superficie_km2": "12.00",
            "latitude_centre": "44.0190010",
            "longitude_centre": "5.1669998"
        },
        {
            "id": 8937,
            "code_insee": "84071",
            "nom_standard": "Maubec",
            "slug_ville": "maubec",
            "code_postal": "84660",
            "population": 1914,
            "superficie_km2": "9.00",
            "latitude_centre": "43.8419991",
            "longitude_centre": "5.1380000"
        },
        {
            "id": 8938,
            "code_insee": "84072",
            "nom_standard": "Mazan",
            "slug_ville": "mazan",
            "code_postal": "84380",
            "population": 6269,
            "superficie_km2": "38.00",
            "latitude_centre": "44.0540009",
            "longitude_centre": "5.1300001"
        },
        {
            "id": 8939,
            "code_insee": "84074",
            "nom_standard": "Mérindol",
            "slug_ville": "merindol",
            "code_postal": "84360",
            "population": 2251,
            "superficie_km2": "27.00",
            "latitude_centre": "43.7620010",
            "longitude_centre": "5.2020001"
        },
        {
            "id": 8940,
            "code_insee": "84076",
            "nom_standard": "Mirabeau",
            "slug_ville": "mirabeau",
            "code_postal": "84120",
            "population": 1419,
            "superficie_km2": "32.00",
            "latitude_centre": "43.7050018",
            "longitude_centre": "5.6430001"
        },
        {
            "id": 8941,
            "code_insee": "84078",
            "nom_standard": "Mondragon",
            "slug_ville": "mondragon",
            "code_postal": "84430",
            "population": 3679,
            "superficie_km2": "41.00",
            "latitude_centre": "44.2430000",
            "longitude_centre": "4.7249999"
        },
        {
            "id": 8942,
            "code_insee": "84080",
            "nom_standard": "Monteux",
            "slug_ville": "monteux",
            "code_postal": "84170",
            "population": 13129,
            "superficie_km2": "39.00",
            "latitude_centre": "44.0340004",
            "longitude_centre": "4.9850001"
        },
        {
            "id": 8943,
            "code_insee": "84081",
            "nom_standard": "Morières-lès-Avignon",
            "slug_ville": "morieres-les-avignon",
            "code_postal": "84310",
            "population": 8922,
            "superficie_km2": "10.00",
            "latitude_centre": "43.9339981",
            "longitude_centre": "4.9089999"
        },
        {
            "id": 8944,
            "code_insee": "84082",
            "nom_standard": "Mormoiron",
            "slug_ville": "mormoiron",
            "code_postal": "84570",
            "population": 1879,
            "superficie_km2": "25.00",
            "latitude_centre": "44.0699997",
            "longitude_centre": "5.1910000"
        },
        {
            "id": 8945,
            "code_insee": "84083",
            "nom_standard": "Mornas",
            "slug_ville": "mornas",
            "code_postal": "84550",
            "population": 2492,
            "superficie_km2": "26.00",
            "latitude_centre": "44.2039986",
            "longitude_centre": "4.7399998"
        },
        {
            "id": 8946,
            "code_insee": "84084",
            "nom_standard": "La Motte-d'Aigues",
            "slug_ville": "la-motte-d-aigues",
            "code_postal": "84240",
            "population": 1399,
            "superficie_km2": "15.00",
            "latitude_centre": "43.7840004",
            "longitude_centre": "5.5219998"
        },
        {
            "id": 8947,
            "code_insee": "84086",
            "nom_standard": "Oppède",
            "slug_ville": "oppede",
            "code_postal": "84580",
            "population": 1284,
            "superficie_km2": "24.00",
            "latitude_centre": "43.8310013",
            "longitude_centre": "5.1700001"
        },
        {
            "id": 8948,
            "code_insee": "84087",
            "nom_standard": "Orange",
            "slug_ville": "orange",
            "code_postal": "84100",
            "population": 28949,
            "superficie_km2": "74.00",
            "latitude_centre": "44.1290016",
            "longitude_centre": "4.8099999"
        },
        {
            "id": 8949,
            "code_insee": "84088",
            "nom_standard": "Pernes-les-Fontaines",
            "slug_ville": "pernes-les-fontaines",
            "code_postal": "84210",
            "population": 10636,
            "superficie_km2": "51.00",
            "latitude_centre": "43.9959984",
            "longitude_centre": "5.0400000"
        },
        {
            "id": 8950,
            "code_insee": "84089",
            "nom_standard": "Pertuis",
            "slug_ville": "pertuis",
            "code_postal": "84120",
            "population": 20012,
            "superficie_km2": "59.00",
            "latitude_centre": "43.6870003",
            "longitude_centre": "5.5200000"
        },
        {
            "id": 8951,
            "code_insee": "84091",
            "nom_standard": "Piolenc",
            "slug_ville": "piolenc",
            "code_postal": "84420",
            "population": 5536,
            "superficie_km2": "25.00",
            "latitude_centre": "44.1780014",
            "longitude_centre": "4.7659998"
        },
        {
            "id": 8952,
            "code_insee": "84092",
            "nom_standard": "Le Pontet",
            "slug_ville": "le-pontet",
            "code_postal": "84130",
            "population": 17551,
            "superficie_km2": "11.00",
            "latitude_centre": "43.9679985",
            "longitude_centre": "4.8660002"
        },
        {
            "id": 8953,
            "code_insee": "84099",
            "nom_standard": "Robion",
            "slug_ville": "robion",
            "code_postal": "84440",
            "population": 4746,
            "superficie_km2": "18.00",
            "latitude_centre": "43.8520012",
            "longitude_centre": "5.1100001"
        },
        {
            "id": 8954,
            "code_insee": "84102",
            "nom_standard": "Roussillon",
            "slug_ville": "roussillon",
            "code_postal": "84220",
            "population": 1302,
            "superficie_km2": "30.00",
            "latitude_centre": "43.9010010",
            "longitude_centre": "5.2919998"
        },
        {
            "id": 8955,
            "code_insee": "84104",
            "nom_standard": "Sablet",
            "slug_ville": "sablet",
            "code_postal": "84110",
            "population": 1391,
            "superficie_km2": "11.00",
            "latitude_centre": "44.1949997",
            "longitude_centre": "5.0009999"
        },
        {
            "id": 8956,
            "code_insee": "84106",
            "nom_standard": "Sainte-Cécile-les-Vignes",
            "slug_ville": "sainte-cecile-les-vignes",
            "code_postal": "84290",
            "population": 2637,
            "superficie_km2": "20.00",
            "latitude_centre": "44.2360001",
            "longitude_centre": "4.8889999"
        },
        {
            "id": 8957,
            "code_insee": "84107",
            "nom_standard": "Saint-Christol",
            "slug_ville": "saint-christol",
            "code_postal": "84390",
            "population": 1422,
            "superficie_km2": "46.00",
            "latitude_centre": "44.0309982",
            "longitude_centre": "5.5029998"
        },
        {
            "id": 8958,
            "code_insee": "84108",
            "nom_standard": "Saint-Didier",
            "slug_ville": "saint-didier",
            "code_postal": "84210",
            "population": 2126,
            "superficie_km2": "4.00",
            "latitude_centre": "44.0089989",
            "longitude_centre": "5.1090002"
        },
        {
            "id": 8959,
            "code_insee": "84118",
            "nom_standard": "Saint-Saturnin-lès-Apt",
            "slug_ville": "saint-saturnin-les-apt",
            "code_postal": "84490",
            "population": 2947,
            "superficie_km2": "77.00",
            "latitude_centre": "43.9589996",
            "longitude_centre": "5.3730001"
        },
        {
            "id": 8960,
            "code_insee": "84119",
            "nom_standard": "Saint-Saturnin-lès-Avignon",
            "slug_ville": "saint-saturnin-les-avignon",
            "code_postal": "84450",
            "population": 5119,
            "superficie_km2": "6.00",
            "latitude_centre": "43.9620018",
            "longitude_centre": "4.9410000"
        },
        {
            "id": 8961,
            "code_insee": "84122",
            "nom_standard": "Sarrians",
            "slug_ville": "sarrians",
            "code_postal": "84260",
            "population": 5932,
            "superficie_km2": "38.00",
            "latitude_centre": "44.0989990",
            "longitude_centre": "4.9569998"
        },
        {
            "id": 8962,
            "code_insee": "84123",
            "nom_standard": "Sault",
            "slug_ville": "sault",
            "code_postal": "84390",
            "population": 1354,
            "superficie_km2": "112.00",
            "latitude_centre": "44.0730019",
            "longitude_centre": "5.3990002"
        },
        {
            "id": 8963,
            "code_insee": "84127",
            "nom_standard": "Sérignan-du-Comtat",
            "slug_ville": "serignan-du-comtat",
            "code_postal": "84830",
            "population": 2866,
            "superficie_km2": "20.00",
            "latitude_centre": "44.1940002",
            "longitude_centre": "4.8480001"
        },
        {
            "id": 8964,
            "code_insee": "84129",
            "nom_standard": "Sorgues",
            "slug_ville": "sorgues",
            "code_postal": "84700",
            "population": 19117,
            "superficie_km2": "34.00",
            "latitude_centre": "44.0149994",
            "longitude_centre": "4.8670001"
        },
        {
            "id": 8965,
            "code_insee": "84131",
            "nom_standard": "Taillades",
            "slug_ville": "taillades",
            "code_postal": "84300",
            "population": 1957,
            "superficie_km2": "7.00",
            "latitude_centre": "43.8320007",
            "longitude_centre": "5.0949998"
        },
        {
            "id": 8966,
            "code_insee": "84132",
            "nom_standard": "Le Thor",
            "slug_ville": "le-thor",
            "code_postal": "84250",
            "population": 8858,
            "superficie_km2": "36.00",
            "latitude_centre": "43.9280014",
            "longitude_centre": "4.9930000"
        },
        {
            "id": 8967,
            "code_insee": "84133",
            "nom_standard": "La Tour-d'Aigues",
            "slug_ville": "la-tour-d-aigues",
            "code_postal": "84240",
            "population": 4346,
            "superficie_km2": "41.00",
            "latitude_centre": "43.7220001",
            "longitude_centre": "5.5669999"
        },
        {
            "id": 8968,
            "code_insee": "84135",
            "nom_standard": "Uchaux",
            "slug_ville": "uchaux",
            "code_postal": "84100",
            "population": 1688,
            "superficie_km2": "19.00",
            "latitude_centre": "44.2159996",
            "longitude_centre": "4.8020000"
        },
        {
            "id": 8969,
            "code_insee": "84136",
            "nom_standard": "Vacqueyras",
            "slug_ville": "vacqueyras",
            "code_postal": "84190",
            "population": 1209,
            "superficie_km2": "9.00",
            "latitude_centre": "44.1450005",
            "longitude_centre": "4.9790001"
        },
        {
            "id": 8970,
            "code_insee": "84137",
            "nom_standard": "Vaison-la-Romaine",
            "slug_ville": "vaison-la-romaine",
            "code_postal": "84110",
            "population": 5929,
            "superficie_km2": "27.00",
            "latitude_centre": "44.2480011",
            "longitude_centre": "5.0599999"
        },
        {
            "id": 8971,
            "code_insee": "84138",
            "nom_standard": "Valréas",
            "slug_ville": "valreas",
            "code_postal": "84600",
            "population": 9346,
            "superficie_km2": "59.00",
            "latitude_centre": "44.3769989",
            "longitude_centre": "4.9940000"
        },
        {
            "id": 8972,
            "code_insee": "84141",
            "nom_standard": "Vedène",
            "slug_ville": "vedene",
            "code_postal": "84270",
            "population": 11457,
            "superficie_km2": "11.00",
            "latitude_centre": "43.9710007",
            "longitude_centre": "4.9029999"
        },
        {
            "id": 8973,
            "code_insee": "84142",
            "nom_standard": "Velleron",
            "slug_ville": "velleron",
            "code_postal": "84740",
            "population": 3084,
            "superficie_km2": "16.00",
            "latitude_centre": "43.9620018",
            "longitude_centre": "5.0279999"
        },
        {
            "id": 8974,
            "code_insee": "84143",
            "nom_standard": "Venasque",
            "slug_ville": "venasque",
            "code_postal": "84210",
            "population": 1050,
            "superficie_km2": "35.00",
            "latitude_centre": "43.9850006",
            "longitude_centre": "5.1650000"
        },
        {
            "id": 8975,
            "code_insee": "84147",
            "nom_standard": "Villelaure",
            "slug_ville": "villelaure",
            "code_postal": "84530",
            "population": 3337,
            "superficie_km2": "18.00",
            "latitude_centre": "43.7080002",
            "longitude_centre": "5.4310002"
        },
        {
            "id": 8976,
            "code_insee": "84148",
            "nom_standard": "Villes-sur-Auzon",
            "slug_ville": "villes-sur-auzon",
            "code_postal": "84570",
            "population": 1279,
            "superficie_km2": "27.00",
            "latitude_centre": "44.0660019",
            "longitude_centre": "5.2570000"
        },
        {
            "id": 8977,
            "code_insee": "84149",
            "nom_standard": "Violès",
            "slug_ville": "violes",
            "code_postal": "84150",
            "population": 1736,
            "superficie_km2": "15.00",
            "latitude_centre": "44.1769981",
            "longitude_centre": "4.9510002"
        },
        {
            "id": 8978,
            "code_insee": "84150",
            "nom_standard": "Visan",
            "slug_ville": "visan",
            "code_postal": "84820",
            "population": 1902,
            "superficie_km2": "42.00",
            "latitude_centre": "44.3269997",
            "longitude_centre": "4.9439998"
        }
    ]
}