{
    "departement": {
        "code": "85",
        "nom": "Vendée",
        "slug": "vendee"
    },
    "region": {
        "id": 18,
        "code": "17",
        "nom": "Pays de la Loire",
        "slug": "pays-de-la-loire"
    },
    "voisins": [
        {
            "dep_code": "44",
            "dep_nom": "Loire-Atlantique",
            "dep_slug": "loire-atlantique"
        },
        {
            "dep_code": "49",
            "dep_nom": "Maine-et-Loire",
            "dep_slug": "maine-et-loire"
        },
        {
            "dep_code": "53",
            "dep_nom": "Mayenne",
            "dep_slug": "mayenne"
        },
        {
            "dep_code": "72",
            "dep_nom": "Sarthe",
            "dep_slug": "sarthe"
        }
    ],
    "villes_count": 178,
    "villes": [
        {
            "id": 8979,
            "code_insee": "85001",
            "nom_standard": "L'Aiguillon-la-Presqu'île",
            "slug_ville": "l-aiguillon-la-presqu-ile",
            "code_postal": "85460",
            "population": 2772,
            "superficie_km2": "10.00",
            "latitude_centre": "46.3040009",
            "longitude_centre": "-1.2620000"
        },
        {
            "id": 8980,
            "code_insee": "85002",
            "nom_standard": "L'Aiguillon-sur-Vie",
            "slug_ville": "l-aiguillon-sur-vie",
            "code_postal": "85220",
            "population": 2137,
            "superficie_km2": "23.00",
            "latitude_centre": "46.6710014",
            "longitude_centre": "-1.8260000"
        },
        {
            "id": 8981,
            "code_insee": "85003",
            "nom_standard": "Aizenay",
            "slug_ville": "aizenay",
            "code_postal": "85190",
            "population": 10146,
            "superficie_km2": "82.00",
            "latitude_centre": "46.7379990",
            "longitude_centre": "-1.6270000"
        },
        {
            "id": 8982,
            "code_insee": "85004",
            "nom_standard": "Angles",
            "slug_ville": "angles",
            "code_postal": "85750",
            "population": 2926,
            "superficie_km2": "33.00",
            "latitude_centre": "46.3870010",
            "longitude_centre": "-1.4000000"
        },
        {
            "id": 8983,
            "code_insee": "85005",
            "nom_standard": "Antigny",
            "slug_ville": "antigny",
            "code_postal": "85120",
            "population": 1043,
            "superficie_km2": "22.00",
            "latitude_centre": "46.6189995",
            "longitude_centre": "-0.7670000"
        },
        {
            "id": 8984,
            "code_insee": "85006",
            "nom_standard": "Apremont",
            "slug_ville": "apremont",
            "code_postal": "85220",
            "population": 1948,
            "superficie_km2": "30.00",
            "latitude_centre": "46.7570000",
            "longitude_centre": "-1.7480000"
        },
        {
            "id": 8985,
            "code_insee": "85008",
            "nom_standard": "Aubigny-Les Clouzeaux",
            "slug_ville": "aubigny-les-clouzeaux",
            "code_postal": "85430",
            "population": 7069,
            "superficie_km2": "26.00",
            "latitude_centre": "46.6030006",
            "longitude_centre": "-1.4670000"
        },
        {
            "id": 8986,
            "code_insee": "85009",
            "nom_standard": "Auchay-sur-Vendée",
            "slug_ville": "auchay-sur-vendee",
            "code_postal": "85200",
            "population": 1134,
            "superficie_km2": "14.00",
            "latitude_centre": "46.4469986",
            "longitude_centre": "-0.8770000"
        },
        {
            "id": 8987,
            "code_insee": "85010",
            "nom_standard": "Avrillé",
            "slug_ville": "avrille",
            "code_postal": "85440",
            "population": 1415,
            "superficie_km2": "26.00",
            "latitude_centre": "46.4739990",
            "longitude_centre": "-1.4950000"
        },
        {
            "id": 8988,
            "code_insee": "85011",
            "nom_standard": "Barbâtre",
            "slug_ville": "barbatre",
            "code_postal": "85630",
            "population": 1755,
            "superficie_km2": "13.00",
            "latitude_centre": "46.9339981",
            "longitude_centre": "-2.1670001"
        },
        {
            "id": 8989,
            "code_insee": "85012",
            "nom_standard": "La Barre-de-Monts",
            "slug_ville": "la-barre-de-monts",
            "code_postal": "85550",
            "population": 2298,
            "superficie_km2": "27.00",
            "latitude_centre": "46.8720017",
            "longitude_centre": "-2.0999999"
        },
        {
            "id": 8990,
            "code_insee": "85013",
            "nom_standard": "Bazoges-en-Paillers",
            "slug_ville": "bazoges-en-paillers",
            "code_postal": "85130",
            "population": 1525,
            "superficie_km2": "12.00",
            "latitude_centre": "46.9210014",
            "longitude_centre": "-1.1440001"
        },
        {
            "id": 8991,
            "code_insee": "85014",
            "nom_standard": "Bazoges-en-Pareds",
            "slug_ville": "bazoges-en-pareds",
            "code_postal": "85390",
            "population": 1140,
            "superficie_km2": "34.00",
            "latitude_centre": "46.6599999",
            "longitude_centre": "-0.9140000"
        },
        {
            "id": 8992,
            "code_insee": "85015",
            "nom_standard": "Beaufou",
            "slug_ville": "beaufou",
            "code_postal": "85170",
            "population": 1600,
            "superficie_km2": "28.00",
            "latitude_centre": "46.8190002",
            "longitude_centre": "-1.5250000"
        },
        {
            "id": 8993,
            "code_insee": "85016",
            "nom_standard": "Beaulieu-sous-la-Roche",
            "slug_ville": "beaulieu-sous-la-roche",
            "code_postal": "85190",
            "population": 2316,
            "superficie_km2": "26.00",
            "latitude_centre": "46.6870003",
            "longitude_centre": "-1.6240000"
        },
        {
            "id": 8994,
            "code_insee": "85017",
            "nom_standard": "Beaurepaire",
            "slug_ville": "beaurepaire",
            "code_postal": "85500",
            "population": 2426,
            "superficie_km2": "24.00",
            "latitude_centre": "46.9049988",
            "longitude_centre": "-1.1010000"
        },
        {
            "id": 8995,
            "code_insee": "85018",
            "nom_standard": "Beauvoir-sur-Mer",
            "slug_ville": "beauvoir-sur-mer",
            "code_postal": "85230",
            "population": 3876,
            "superficie_km2": "35.00",
            "latitude_centre": "46.9090004",
            "longitude_centre": "-2.0639999"
        },
        {
            "id": 8996,
            "code_insee": "85019",
            "nom_standard": "Bellevigny",
            "slug_ville": "bellevigny",
            "code_postal": "85170",
            "population": 6235,
            "superficie_km2": "15.00",
            "latitude_centre": "46.7760010",
            "longitude_centre": "-1.4330000"
        },
        {
            "id": 8997,
            "code_insee": "85020",
            "nom_standard": "Benet",
            "slug_ville": "benet",
            "code_postal": "85490",
            "population": 4059,
            "superficie_km2": "50.00",
            "latitude_centre": "46.3689995",
            "longitude_centre": "-0.6140000"
        },
        {
            "id": 8998,
            "code_insee": "85021",
            "nom_standard": "La Bernardière",
            "slug_ville": "la-bernardiere",
            "code_postal": "85610",
            "population": 1880,
            "superficie_km2": "15.00",
            "latitude_centre": "47.0359993",
            "longitude_centre": "-1.2740000"
        },
        {
            "id": 8999,
            "code_insee": "85022",
            "nom_standard": "Le Bernard",
            "slug_ville": "le-bernard",
            "code_postal": "85560",
            "population": 1293,
            "superficie_km2": "28.00",
            "latitude_centre": "46.4480019",
            "longitude_centre": "-1.4400001"
        },
        {
            "id": 9000,
            "code_insee": "85024",
            "nom_standard": "Bois-de-Céné",
            "slug_ville": "bois-de-cene",
            "code_postal": "85710",
            "population": 2159,
            "superficie_km2": "43.00",
            "latitude_centre": "46.9480019",
            "longitude_centre": "-1.8970000"
        },
        {
            "id": 9001,
            "code_insee": "85025",
            "nom_standard": "La Boissière-de-Montaigu",
            "slug_ville": "la-boissiere-de-montaigu",
            "code_postal": "85600",
            "population": 2279,
            "superficie_km2": "29.00",
            "latitude_centre": "46.9449997",
            "longitude_centre": "-1.1920000"
        },
        {
            "id": 9002,
            "code_insee": "85026",
            "nom_standard": "La Boissière-des-Landes",
            "slug_ville": "la-boissiere-des-landes",
            "code_postal": "85430",
            "population": 1449,
            "superficie_km2": "24.00",
            "latitude_centre": "46.5579987",
            "longitude_centre": "-1.4440000"
        },
        {
            "id": 9003,
            "code_insee": "85029",
            "nom_standard": "Bouin",
            "slug_ville": "bouin",
            "code_postal": "85230",
            "population": 2136,
            "superficie_km2": "52.00",
            "latitude_centre": "46.9819984",
            "longitude_centre": "-2.0039999"
        },
        {
            "id": 9004,
            "code_insee": "85031",
            "nom_standard": "Le Boupère",
            "slug_ville": "le-boupere",
            "code_postal": "85510",
            "population": 3189,
            "superficie_km2": "44.00",
            "latitude_centre": "46.7879982",
            "longitude_centre": "-0.9310000"
        },
        {
            "id": 9005,
            "code_insee": "85034",
            "nom_standard": "Bournezeau",
            "slug_ville": "bournezeau",
            "code_postal": "85480",
            "population": 3451,
            "superficie_km2": "61.00",
            "latitude_centre": "46.6300011",
            "longitude_centre": "-1.1410000"
        },
        {
            "id": 9006,
            "code_insee": "85035",
            "nom_standard": "Bretignolles-sur-Mer",
            "slug_ville": "bretignolles-sur-mer",
            "code_postal": "85470",
            "population": 5112,
            "superficie_km2": "27.00",
            "latitude_centre": "46.6380005",
            "longitude_centre": "-1.8630000"
        },
        {
            "id": 9007,
            "code_insee": "85038",
            "nom_standard": "Les Brouzils",
            "slug_ville": "les-brouzils",
            "code_postal": "85260",
            "population": 2914,
            "superficie_km2": "42.00",
            "latitude_centre": "46.8849983",
            "longitude_centre": "-1.3320000"
        },
        {
            "id": 9008,
            "code_insee": "85039",
            "nom_standard": "La Bruffière",
            "slug_ville": "la-bruffiere",
            "code_postal": "85530",
            "population": 4044,
            "superficie_km2": "41.00",
            "latitude_centre": "47.0149994",
            "longitude_centre": "-1.1830000"
        },
        {
            "id": 9009,
            "code_insee": "85040",
            "nom_standard": "La Caillère-Saint-Hilaire",
            "slug_ville": "la-caillere-saint-hilaire",
            "code_postal": "85410",
            "population": 1106,
            "superficie_km2": "15.00",
            "latitude_centre": "46.6290016",
            "longitude_centre": "-0.9330000"
        },
        {
            "id": 9010,
            "code_insee": "85042",
            "nom_standard": "Chaillé-les-Marais",
            "slug_ville": "chaille-les-marais",
            "code_postal": "85450",
            "population": 1893,
            "superficie_km2": "40.00",
            "latitude_centre": "46.3849983",
            "longitude_centre": "-1.0100000"
        },
        {
            "id": 9011,
            "code_insee": "85045",
            "nom_standard": "La Chaize-Giraud",
            "slug_ville": "la-chaize-giraud",
            "code_postal": "85220",
            "population": 1093,
            "superficie_km2": "3.00",
            "latitude_centre": "46.6479988",
            "longitude_centre": "-1.8190000"
        },
        {
            "id": 9012,
            "code_insee": "85046",
            "nom_standard": "La Chaize-le-Vicomte",
            "slug_ville": "la-chaize-le-vicomte",
            "code_postal": "85310",
            "population": 3838,
            "superficie_km2": "50.00",
            "latitude_centre": "46.6730003",
            "longitude_centre": "-1.2920001"
        },
        {
            "id": 9013,
            "code_insee": "85047",
            "nom_standard": "Challans",
            "slug_ville": "challans",
            "code_postal": "85300",
            "population": 22494,
            "superficie_km2": "65.00",
            "latitude_centre": "46.8349991",
            "longitude_centre": "-1.8400000"
        },
        {
            "id": 9014,
            "code_insee": "85049",
            "nom_standard": "Champagné-les-Marais",
            "slug_ville": "champagne-les-marais",
            "code_postal": "85450",
            "population": 1806,
            "superficie_km2": "50.00",
            "latitude_centre": "46.3740006",
            "longitude_centre": "-1.1339999"
        },
        {
            "id": 9015,
            "code_insee": "85050",
            "nom_standard": "Le Champ-Saint-Père",
            "slug_ville": "le-champ-saint-pere",
            "code_postal": "85540",
            "population": 1947,
            "superficie_km2": "25.00",
            "latitude_centre": "46.5159988",
            "longitude_centre": "-1.3400000"
        },
        {
            "id": 9016,
            "code_insee": "85051",
            "nom_standard": "Chantonnay",
            "slug_ville": "chantonnay",
            "code_postal": "85110",
            "population": 8447,
            "superficie_km2": "84.00",
            "latitude_centre": "46.6689987",
            "longitude_centre": "-1.0440000"
        },
        {
            "id": 9017,
            "code_insee": "85054",
            "nom_standard": "La Chapelle-Hermier",
            "slug_ville": "la-chapelle-hermier",
            "code_postal": "85220",
            "population": 1022,
            "superficie_km2": "18.00",
            "latitude_centre": "46.6829987",
            "longitude_centre": "-1.7210000"
        },
        {
            "id": 9018,
            "code_insee": "85055",
            "nom_standard": "La Chapelle-Palluau",
            "slug_ville": "la-chapelle-palluau",
            "code_postal": "85670",
            "population": 1050,
            "superficie_km2": "13.00",
            "latitude_centre": "46.7869988",
            "longitude_centre": "-1.6250000"
        },
        {
            "id": 9019,
            "code_insee": "85059",
            "nom_standard": "La Châtaigneraie",
            "slug_ville": "la-chataigneraie",
            "code_postal": "85120",
            "population": 2596,
            "superficie_km2": "8.00",
            "latitude_centre": "46.6419983",
            "longitude_centre": "-0.7400000"
        },
        {
            "id": 9020,
            "code_insee": "85061",
            "nom_standard": "Château-Guibert",
            "slug_ville": "chateau-guibert",
            "code_postal": "85320",
            "population": 1515,
            "superficie_km2": "35.00",
            "latitude_centre": "46.5740013",
            "longitude_centre": "-1.2550000"
        },
        {
            "id": 9021,
            "code_insee": "85062",
            "nom_standard": "Châteauneuf",
            "slug_ville": "chateauneuf",
            "code_postal": "85710",
            "population": 1134,
            "superficie_km2": "16.00",
            "latitude_centre": "46.9169998",
            "longitude_centre": "-1.9260000"
        },
        {
            "id": 9022,
            "code_insee": "85064",
            "nom_standard": "Chauché",
            "slug_ville": "chauche",
            "code_postal": "85140",
            "population": 2506,
            "superficie_km2": "42.00",
            "latitude_centre": "46.8279991",
            "longitude_centre": "-1.2710000"
        },
        {
            "id": 9023,
            "code_insee": "85065",
            "nom_standard": "Chavagnes-en-Paillers",
            "slug_ville": "chavagnes-en-paillers",
            "code_postal": "85250",
            "population": 3568,
            "superficie_km2": "40.00",
            "latitude_centre": "46.8950005",
            "longitude_centre": "-1.2400000"
        },
        {
            "id": 9024,
            "code_insee": "85070",
            "nom_standard": "Coëx",
            "slug_ville": "coex",
            "code_postal": "85220",
            "population": 3383,
            "superficie_km2": "40.00",
            "latitude_centre": "46.7080002",
            "longitude_centre": "-1.7580000"
        },
        {
            "id": 9025,
            "code_insee": "85071",
            "nom_standard": "Commequiers",
            "slug_ville": "commequiers",
            "code_postal": "85220",
            "population": 3669,
            "superficie_km2": "41.00",
            "latitude_centre": "46.7680016",
            "longitude_centre": "-1.8250000"
        },
        {
            "id": 9026,
            "code_insee": "85072",
            "nom_standard": "La Copechagnière",
            "slug_ville": "la-copechagniere",
            "code_postal": "85260",
            "population": 1048,
            "superficie_km2": "10.00",
            "latitude_centre": "46.8520012",
            "longitude_centre": "-1.3440000"
        },
        {
            "id": 9027,
            "code_insee": "85073",
            "nom_standard": "Corpe",
            "slug_ville": "corpe",
            "code_postal": "85320",
            "population": 1010,
            "superficie_km2": "17.00",
            "latitude_centre": "46.5050011",
            "longitude_centre": "-1.1700000"
        },
        {
            "id": 9028,
            "code_insee": "85076",
            "nom_standard": "Cugand",
            "slug_ville": "cugand",
            "code_postal": "85610",
            "population": 3685,
            "superficie_km2": "14.00",
            "latitude_centre": "47.0600014",
            "longitude_centre": "-1.2530000"
        },
        {
            "id": 9029,
            "code_insee": "85080",
            "nom_standard": "Doix lès Fontaines",
            "slug_ville": "doix-les-fontaines",
            "code_postal": "85200",
            "population": 1748,
            "superficie_km2": "13.00",
            "latitude_centre": "46.3849983",
            "longitude_centre": "-0.8070000"
        },
        {
            "id": 9030,
            "code_insee": "85081",
            "nom_standard": "Dompierre-sur-Yon",
            "slug_ville": "dompierre-sur-yon",
            "code_postal": "85170",
            "population": 4457,
            "superficie_km2": "34.00",
            "latitude_centre": "46.7599983",
            "longitude_centre": "-1.3730000"
        },
        {
            "id": 9031,
            "code_insee": "85082",
            "nom_standard": "Les Epesses",
            "slug_ville": "les-epesses",
            "code_postal": "85590",
            "population": 2984,
            "superficie_km2": "32.00",
            "latitude_centre": "46.8919983",
            "longitude_centre": "-0.9030000"
        },
        {
            "id": 9032,
            "code_insee": "85083",
            "nom_standard": "L'Épine",
            "slug_ville": "l-epine",
            "code_postal": "85740",
            "population": 1648,
            "superficie_km2": "9.00",
            "latitude_centre": "46.9840012",
            "longitude_centre": "-2.2639999"
        },
        {
            "id": 9033,
            "code_insee": "85084",
            "nom_standard": "Essarts-en-Bocage",
            "slug_ville": "essarts-en-bocage",
            "code_postal": "85140",
            "population": 9399,
            "superficie_km2": "57.00",
            "latitude_centre": "46.7809982",
            "longitude_centre": "-1.2290000"
        },
        {
            "id": 9034,
            "code_insee": "85086",
            "nom_standard": "Falleron",
            "slug_ville": "falleron",
            "code_postal": "85670",
            "population": 1683,
            "superficie_km2": "29.00",
            "latitude_centre": "46.8619995",
            "longitude_centre": "-1.7010000"
        },
        {
            "id": 9035,
            "code_insee": "85088",
            "nom_standard": "Le Fenouiller",
            "slug_ville": "le-fenouiller",
            "code_postal": "85800",
            "population": 4937,
            "superficie_km2": "18.00",
            "latitude_centre": "46.7159996",
            "longitude_centre": "-1.8920000"
        },
        {
            "id": 9036,
            "code_insee": "85089",
            "nom_standard": "La Ferrière",
            "slug_ville": "la-ferriere",
            "code_postal": "85280",
            "population": 5398,
            "superficie_km2": "47.00",
            "latitude_centre": "46.7220001",
            "longitude_centre": "-1.3350000"
        },
        {
            "id": 9037,
            "code_insee": "85090",
            "nom_standard": "Sèvremont",
            "slug_ville": "sevremont",
            "code_postal": "85700",
            "population": 6391,
            "superficie_km2": "29.00",
            "latitude_centre": "46.8209992",
            "longitude_centre": "-0.8550000"
        },
        {
            "id": 9038,
            "code_insee": "85092",
            "nom_standard": "Fontenay-le-Comte",
            "slug_ville": "fontenay-le-comte",
            "code_postal": "85200",
            "population": 13471,
            "superficie_km2": "34.00",
            "latitude_centre": "46.4560013",
            "longitude_centre": "-0.7930000"
        },
        {
            "id": 9039,
            "code_insee": "85093",
            "nom_standard": "Fougeré",
            "slug_ville": "fougere",
            "code_postal": "85480",
            "population": 1236,
            "superficie_km2": "27.00",
            "latitude_centre": "46.6619988",
            "longitude_centre": "-1.2359999"
        },
        {
            "id": 9040,
            "code_insee": "85094",
            "nom_standard": "Foussais-Payré",
            "slug_ville": "foussais-payre",
            "code_postal": "85240",
            "population": 1183,
            "superficie_km2": "35.00",
            "latitude_centre": "46.5229988",
            "longitude_centre": "-0.6870000"
        },
        {
            "id": 9041,
            "code_insee": "85095",
            "nom_standard": "Froidfond",
            "slug_ville": "froidfond",
            "code_postal": "85300",
            "population": 2049,
            "superficie_km2": "22.00",
            "latitude_centre": "46.8790016",
            "longitude_centre": "-1.7550000"
        },
        {
            "id": 9042,
            "code_insee": "85096",
            "nom_standard": "La Garnache",
            "slug_ville": "la-garnache",
            "code_postal": "85710",
            "population": 5316,
            "superficie_km2": "61.00",
            "latitude_centre": "46.8979988",
            "longitude_centre": "-1.8240000"
        },
        {
            "id": 9043,
            "code_insee": "85097",
            "nom_standard": "La Gaubretière",
            "slug_ville": "la-gaubretiere",
            "code_postal": "85130",
            "population": 3172,
            "superficie_km2": "30.00",
            "latitude_centre": "46.9339981",
            "longitude_centre": "-1.0560000"
        },
        {
            "id": 9044,
            "code_insee": "85098",
            "nom_standard": "La Genétouze",
            "slug_ville": "la-genetouze",
            "code_postal": "85190",
            "population": 1976,
            "superficie_km2": "14.00",
            "latitude_centre": "46.7239990",
            "longitude_centre": "-1.5039999"
        },
        {
            "id": 9045,
            "code_insee": "85099",
            "nom_standard": "Le Girouard",
            "slug_ville": "le-girouard",
            "code_postal": "85150",
            "population": 1124,
            "superficie_km2": "26.00",
            "latitude_centre": "46.5730019",
            "longitude_centre": "-1.5890000"
        },
        {
            "id": 9046,
            "code_insee": "85100",
            "nom_standard": "Givrand",
            "slug_ville": "givrand",
            "code_postal": "85800",
            "population": 2227,
            "superficie_km2": "12.00",
            "latitude_centre": "46.6819992",
            "longitude_centre": "-1.8789999"
        },
        {
            "id": 9047,
            "code_insee": "85103",
            "nom_standard": "Grosbreuil",
            "slug_ville": "grosbreuil",
            "code_postal": "85440",
            "population": 2220,
            "superficie_km2": "37.00",
            "latitude_centre": "46.5390015",
            "longitude_centre": "-1.6070000"
        },
        {
            "id": 9048,
            "code_insee": "85106",
            "nom_standard": "La Guérinière",
            "slug_ville": "la-gueriniere",
            "code_postal": "85680",
            "population": 1331,
            "superficie_km2": "8.00",
            "latitude_centre": "46.9669991",
            "longitude_centre": "-2.2300000"
        },
        {
            "id": 9049,
            "code_insee": "85108",
            "nom_standard": "L'Herbergement",
            "slug_ville": "l-herbergement",
            "code_postal": "85260",
            "population": 3390,
            "superficie_km2": "17.00",
            "latitude_centre": "46.9169998",
            "longitude_centre": "-1.3700000"
        },
        {
            "id": 9050,
            "code_insee": "85109",
            "nom_standard": "Les Herbiers",
            "slug_ville": "les-herbiers",
            "code_postal": "85500",
            "population": 16453,
            "superficie_km2": "89.00",
            "latitude_centre": "46.8670006",
            "longitude_centre": "-1.0220000"
        },
        {
            "id": 9051,
            "code_insee": "85111",
            "nom_standard": "L'Île-d'Elle",
            "slug_ville": "l-ile-d-elle",
            "code_postal": "85770",
            "population": 1508,
            "superficie_km2": "19.00",
            "latitude_centre": "46.3330002",
            "longitude_centre": "-0.9190000"
        },
        {
            "id": 9052,
            "code_insee": "85112",
            "nom_standard": "L'Île-d'Olonne",
            "slug_ville": "l-ile-d-olonne",
            "code_postal": "85340",
            "population": 2813,
            "superficie_km2": "20.00",
            "latitude_centre": "46.5699997",
            "longitude_centre": "-1.7740000"
        },
        {
            "id": 9053,
            "code_insee": "85113",
            "nom_standard": "L'Île-d'Yeu",
            "slug_ville": "l-ile-d-yeu",
            "code_postal": "85350",
            "population": 4877,
            "superficie_km2": "25.00",
            "latitude_centre": "46.7089996",
            "longitude_centre": "-2.3469999"
        },
        {
            "id": 9054,
            "code_insee": "85114",
            "nom_standard": "Jard-sur-Mer",
            "slug_ville": "jard-sur-mer",
            "code_postal": "85520",
            "population": 2858,
            "superficie_km2": "17.00",
            "latitude_centre": "46.4249992",
            "longitude_centre": "-1.6000000"
        },
        {
            "id": 9055,
            "code_insee": "85118",
            "nom_standard": "Landeronde",
            "slug_ville": "landeronde",
            "code_postal": "85150",
            "population": 2310,
            "superficie_km2": "18.00",
            "latitude_centre": "46.6549988",
            "longitude_centre": "-1.5740000"
        },
        {
            "id": 9056,
            "code_insee": "85119",
            "nom_standard": "Les Landes-Genusson",
            "slug_ville": "les-landes-genusson",
            "code_postal": "85130",
            "population": 2506,
            "superficie_km2": "31.00",
            "latitude_centre": "46.9659996",
            "longitude_centre": "-1.1289999"
        },
        {
            "id": 9057,
            "code_insee": "85120",
            "nom_standard": "Landevieille",
            "slug_ville": "landevieille",
            "code_postal": "85220",
            "population": 1503,
            "superficie_km2": "14.00",
            "latitude_centre": "46.6440010",
            "longitude_centre": "-1.7850000"
        },
        {
            "id": 9058,
            "code_insee": "85121",
            "nom_standard": "Le Langon",
            "slug_ville": "le-langon",
            "code_postal": "85370",
            "population": 1031,
            "superficie_km2": "24.00",
            "latitude_centre": "46.4389992",
            "longitude_centre": "-0.9470000"
        },
        {
            "id": 9059,
            "code_insee": "85126",
            "nom_standard": "Longèves",
            "slug_ville": "longeves",
            "code_postal": "85200",
            "population": 1350,
            "superficie_km2": "12.00",
            "latitude_centre": "46.4720001",
            "longitude_centre": "-0.8590000"
        },
        {
            "id": 9060,
            "code_insee": "85127",
            "nom_standard": "Longeville-sur-Mer",
            "slug_ville": "longeville-sur-mer",
            "code_postal": "85560",
            "population": 2413,
            "superficie_km2": "38.00",
            "latitude_centre": "46.4090004",
            "longitude_centre": "-1.4770000"
        },
        {
            "id": 9061,
            "code_insee": "85128",
            "nom_standard": "Luçon",
            "slug_ville": "lucon",
            "code_postal": "85400",
            "population": 9483,
            "superficie_km2": "31.00",
            "latitude_centre": "46.4510002",
            "longitude_centre": "-1.1640000"
        },
        {
            "id": 9062,
            "code_insee": "85129",
            "nom_standard": "Les Lucs-sur-Boulogne",
            "slug_ville": "les-lucs-sur-boulogne",
            "code_postal": "85170",
            "population": 3642,
            "superficie_km2": "53.00",
            "latitude_centre": "46.8530006",
            "longitude_centre": "-1.4840000"
        },
        {
            "id": 9063,
            "code_insee": "85130",
            "nom_standard": "Maché",
            "slug_ville": "mache",
            "code_postal": "85190",
            "population": 1678,
            "superficie_km2": "18.00",
            "latitude_centre": "46.7709999",
            "longitude_centre": "-1.6950001"
        },
        {
            "id": 9064,
            "code_insee": "85131",
            "nom_standard": "Les Magnils-Reigniers",
            "slug_ville": "les-magnils-reigniers",
            "code_postal": "85400",
            "population": 1471,
            "superficie_km2": "18.00",
            "latitude_centre": "46.4640007",
            "longitude_centre": "-1.2110000"
        },
        {
            "id": 9065,
            "code_insee": "85135",
            "nom_standard": "Mareuil-sur-Lay-Dissais",
            "slug_ville": "mareuil-sur-lay-dissais",
            "code_postal": "85320",
            "population": 2773,
            "superficie_km2": "26.00",
            "latitude_centre": "46.5340004",
            "longitude_centre": "-1.2270000"
        },
        {
            "id": 9066,
            "code_insee": "85138",
            "nom_standard": "Martinet",
            "slug_ville": "martinet",
            "code_postal": "85150",
            "population": 1187,
            "superficie_km2": "18.00",
            "latitude_centre": "46.6619988",
            "longitude_centre": "-1.6770000"
        },
        {
            "id": 9067,
            "code_insee": "85140",
            "nom_standard": "La Meilleraie-Tillay",
            "slug_ville": "la-meilleraie-tillay",
            "code_postal": "85700",
            "population": 1493,
            "superficie_km2": "20.00",
            "latitude_centre": "46.7430000",
            "longitude_centre": "-0.8550000"
        },
        {
            "id": 9068,
            "code_insee": "85142",
            "nom_standard": "La Merlatière",
            "slug_ville": "la-merlatiere",
            "code_postal": "85140",
            "population": 1011,
            "superficie_km2": "15.00",
            "latitude_centre": "46.7560005",
            "longitude_centre": "-1.2980000"
        },
        {
            "id": 9069,
            "code_insee": "85143",
            "nom_standard": "Mervent",
            "slug_ville": "mervent",
            "code_postal": "85200",
            "population": 1065,
            "superficie_km2": "22.00",
            "latitude_centre": "46.5320015",
            "longitude_centre": "-0.7480000"
        },
        {
            "id": 9070,
            "code_insee": "85144",
            "nom_standard": "Mesnard-la-Barotière",
            "slug_ville": "mesnard-la-barotiere",
            "code_postal": "85500",
            "population": 1561,
            "superficie_km2": "12.00",
            "latitude_centre": "46.8520012",
            "longitude_centre": "-1.1100000"
        },
        {
            "id": 9071,
            "code_insee": "85146",
            "nom_standard": "Montaigu-Vendée",
            "slug_ville": "montaigu-vendee",
            "code_postal": "85600",
            "population": 20605,
            "superficie_km2": "3.00",
            "latitude_centre": "46.9760017",
            "longitude_centre": "-1.3140000"
        },
        {
            "id": 9072,
            "code_insee": "85147",
            "nom_standard": "Montournais",
            "slug_ville": "montournais",
            "code_postal": "85700",
            "population": 1626,
            "superficie_km2": "29.00",
            "latitude_centre": "46.7500000",
            "longitude_centre": "-0.7700000"
        },
        {
            "id": 9073,
            "code_insee": "85151",
            "nom_standard": "Mortagne-sur-Sèvre",
            "slug_ville": "mortagne-sur-sevre",
            "code_postal": "85290",
            "population": 6064,
            "superficie_km2": "22.00",
            "latitude_centre": "46.9910011",
            "longitude_centre": "-0.9460000"
        },
        {
            "id": 9074,
            "code_insee": "85152",
            "nom_standard": "Les Achards",
            "slug_ville": "les-achards",
            "code_postal": "85150",
            "population": 5391,
            "superficie_km2": "9.00",
            "latitude_centre": "46.6160011",
            "longitude_centre": "-1.6500000"
        },
        {
            "id": 9075,
            "code_insee": "85153",
            "nom_standard": "Mouchamps",
            "slug_ville": "mouchamps",
            "code_postal": "85640",
            "population": 2957,
            "superficie_km2": "55.00",
            "latitude_centre": "46.7869988",
            "longitude_centre": "-1.0540000"
        },
        {
            "id": 9076,
            "code_insee": "85154",
            "nom_standard": "Mouilleron-Saint-Germain",
            "slug_ville": "mouilleron-saint-germain",
            "code_postal": "85390",
            "population": 1770,
            "superficie_km2": "20.00",
            "latitude_centre": "46.6609993",
            "longitude_centre": "-0.8470000"
        },
        {
            "id": 9077,
            "code_insee": "85155",
            "nom_standard": "Mouilleron-le-Captif",
            "slug_ville": "mouilleron-le-captif",
            "code_postal": "85000",
            "population": 5037,
            "superficie_km2": "19.00",
            "latitude_centre": "46.7099991",
            "longitude_centre": "-1.4610000"
        },
        {
            "id": 9078,
            "code_insee": "85156",
            "nom_standard": "Moutiers-les-Mauxfaits",
            "slug_ville": "moutiers-les-mauxfaits",
            "code_postal": "85540",
            "population": 2298,
            "superficie_km2": "9.00",
            "latitude_centre": "46.4889984",
            "longitude_centre": "-1.4360000"
        },
        {
            "id": 9079,
            "code_insee": "85158",
            "nom_standard": "Mouzeuil-Saint-Martin",
            "slug_ville": "mouzeuil-saint-martin",
            "code_postal": "85370",
            "population": 1188,
            "superficie_km2": "26.00",
            "latitude_centre": "46.4589996",
            "longitude_centre": "-0.9840000"
        },
        {
            "id": 9080,
            "code_insee": "85159",
            "nom_standard": "Nalliers",
            "slug_ville": "nalliers",
            "code_postal": "85370",
            "population": 2353,
            "superficie_km2": "33.00",
            "latitude_centre": "46.4659996",
            "longitude_centre": "-1.0400000"
        },
        {
            "id": 9081,
            "code_insee": "85160",
            "nom_standard": "Nesmy",
            "slug_ville": "nesmy",
            "code_postal": "85310",
            "population": 3012,
            "superficie_km2": "25.00",
            "latitude_centre": "46.5919991",
            "longitude_centre": "-1.4100000"
        },
        {
            "id": 9082,
            "code_insee": "85161",
            "nom_standard": "Nieul-le-Dolent",
            "slug_ville": "nieul-le-dolent",
            "code_postal": "85430",
            "population": 2535,
            "superficie_km2": "28.00",
            "latitude_centre": "46.5680008",
            "longitude_centre": "-1.5160000"
        },
        {
            "id": 9083,
            "code_insee": "85162",
            "nom_standard": "Rives-d'Autise",
            "slug_ville": "rives-d-autise",
            "code_postal": "85240",
            "population": 2068,
            "superficie_km2": "23.00",
            "latitude_centre": "46.4249992",
            "longitude_centre": "-0.6660000"
        },
        {
            "id": 9084,
            "code_insee": "85163",
            "nom_standard": "Noirmoutier-en-l'Île",
            "slug_ville": "noirmoutier-en-l-ile",
            "code_postal": "85330",
            "population": 4485,
            "superficie_km2": "20.00",
            "latitude_centre": "47.0089989",
            "longitude_centre": "-2.2620001"
        },
        {
            "id": 9085,
            "code_insee": "85164",
            "nom_standard": "Notre-Dame-de-Monts",
            "slug_ville": "notre-dame-de-monts",
            "code_postal": "85690",
            "population": 2160,
            "superficie_km2": "21.00",
            "latitude_centre": "46.8419991",
            "longitude_centre": "-2.1090000"
        },
        {
            "id": 9086,
            "code_insee": "85169",
            "nom_standard": "Palluau",
            "slug_ville": "palluau",
            "code_postal": "85670",
            "population": 1111,
            "superficie_km2": "7.00",
            "latitude_centre": "46.8059998",
            "longitude_centre": "-1.6020000"
        },
        {
            "id": 9087,
            "code_insee": "85172",
            "nom_standard": "Le Perrier",
            "slug_ville": "le-perrier",
            "code_postal": "85300",
            "population": 2140,
            "superficie_km2": "33.00",
            "latitude_centre": "46.8199997",
            "longitude_centre": "-1.9790000"
        },
        {
            "id": 9088,
            "code_insee": "85176",
            "nom_standard": "Pissotte",
            "slug_ville": "pissotte",
            "code_postal": "85200",
            "population": 1157,
            "superficie_km2": "12.00",
            "latitude_centre": "46.5009995",
            "longitude_centre": "-0.8080000"
        },
        {
            "id": 9089,
            "code_insee": "85177",
            "nom_standard": "Les Velluire-sur-Vendée",
            "slug_ville": "les-velluire-sur-vendee",
            "code_postal": "85770",
            "population": 1372,
            "superficie_km2": "17.00",
            "latitude_centre": "46.4189987",
            "longitude_centre": "-0.9100000"
        },
        {
            "id": 9090,
            "code_insee": "85178",
            "nom_standard": "Le Poiré-sur-Vie",
            "slug_ville": "le-poire-sur-vie",
            "code_postal": "85170",
            "population": 8626,
            "superficie_km2": "72.00",
            "latitude_centre": "46.7700005",
            "longitude_centre": "-1.5050000"
        },
        {
            "id": 9091,
            "code_insee": "85179",
            "nom_standard": "Poiroux",
            "slug_ville": "poiroux",
            "code_postal": "85440",
            "population": 1214,
            "superficie_km2": "26.00",
            "latitude_centre": "46.5110016",
            "longitude_centre": "-1.5390000"
        },
        {
            "id": 9092,
            "code_insee": "85182",
            "nom_standard": "Pouzauges",
            "slug_ville": "pouzauges",
            "code_postal": "85700",
            "population": 5597,
            "superficie_km2": "37.00",
            "latitude_centre": "46.7809982",
            "longitude_centre": "-0.8290000"
        },
        {
            "id": 9093,
            "code_insee": "85186",
            "nom_standard": "La Rabatelière",
            "slug_ville": "la-rabateliere",
            "code_postal": "85250",
            "population": 1013,
            "superficie_km2": "8.00",
            "latitude_centre": "46.8580017",
            "longitude_centre": "-1.2570000"
        },
        {
            "id": 9094,
            "code_insee": "85188",
            "nom_standard": "La Réorthe",
            "slug_ville": "la-reorthe",
            "code_postal": "85210",
            "population": 1135,
            "superficie_km2": "24.00",
            "latitude_centre": "46.6110001",
            "longitude_centre": "-1.0490000"
        },
        {
            "id": 9095,
            "code_insee": "85189",
            "nom_standard": "Notre-Dame-de-Riez",
            "slug_ville": "notre-dame-de-riez",
            "code_postal": "85270",
            "population": 2161,
            "superficie_km2": "15.00",
            "latitude_centre": "46.7529984",
            "longitude_centre": "-1.8940001"
        },
        {
            "id": 9096,
            "code_insee": "85190",
            "nom_standard": "Rocheservière",
            "slug_ville": "rocheserviere",
            "code_postal": "85620",
            "population": 3519,
            "superficie_km2": "28.00",
            "latitude_centre": "46.9269981",
            "longitude_centre": "-1.5010000"
        },
        {
            "id": 9097,
            "code_insee": "85191",
            "nom_standard": "La Roche-sur-Yon",
            "slug_ville": "la-roche-sur-yon",
            "code_postal": "85000",
            "population": 54952,
            "superficie_km2": "88.00",
            "latitude_centre": "46.6679993",
            "longitude_centre": "-1.4080000"
        },
        {
            "id": 9098,
            "code_insee": "85194",
            "nom_standard": "Les Sables-d'Olonne",
            "slug_ville": "les-sables-d-olonne",
            "code_postal": "85180",
            "population": 48402,
            "superficie_km2": "9.00",
            "latitude_centre": "46.5009995",
            "longitude_centre": "-1.7930000"
        },
        {
            "id": 9099,
            "code_insee": "85196",
            "nom_standard": "Saint-André-Goule-d'Oie",
            "slug_ville": "saint-andre-goule-d-oie",
            "code_postal": "85250",
            "population": 1924,
            "superficie_km2": "20.00",
            "latitude_centre": "46.8409996",
            "longitude_centre": "-1.1960000"
        },
        {
            "id": 9100,
            "code_insee": "85197",
            "nom_standard": "Montréverd",
            "slug_ville": "montreverd",
            "code_postal": "85260",
            "population": 3794,
            "superficie_km2": "19.00",
            "latitude_centre": "46.9280014",
            "longitude_centre": "-1.4130000"
        },
        {
            "id": 9101,
            "code_insee": "85198",
            "nom_standard": "Saint-Aubin-des-Ormeaux",
            "slug_ville": "saint-aubin-des-ormeaux",
            "code_postal": "85130",
            "population": 1371,
            "superficie_km2": "13.00",
            "latitude_centre": "46.9959984",
            "longitude_centre": "-1.0420001"
        },
        {
            "id": 9102,
            "code_insee": "85200",
            "nom_standard": "Saint-Avaugourd-des-Landes",
            "slug_ville": "saint-avaugourd-des-landes",
            "code_postal": "85540",
            "population": 1121,
            "superficie_km2": "21.00",
            "latitude_centre": "46.5139999",
            "longitude_centre": "-1.4750000"
        },
        {
            "id": 9103,
            "code_insee": "85202",
            "nom_standard": "Sainte-Cécile",
            "slug_ville": "sainte-cecile",
            "code_postal": "85110",
            "population": 1584,
            "superficie_km2": "32.00",
            "latitude_centre": "46.7309990",
            "longitude_centre": "-1.1210001"
        },
        {
            "id": 9104,
            "code_insee": "85204",
            "nom_standard": "Saint-Christophe-du-Ligneron",
            "slug_ville": "saint-christophe-du-ligneron",
            "code_postal": "85670",
            "population": 2632,
            "superficie_km2": "42.00",
            "latitude_centre": "46.8149986",
            "longitude_centre": "-1.7400000"
        },
        {
            "id": 9105,
            "code_insee": "85208",
            "nom_standard": "Saint-Denis-la-Chevasse",
            "slug_ville": "saint-denis-la-chevasse",
            "code_postal": "85170",
            "population": 2409,
            "superficie_km2": "40.00",
            "latitude_centre": "46.8330002",
            "longitude_centre": "-1.3830000"
        },
        {
            "id": 9106,
            "code_insee": "85210",
            "nom_standard": "Saint-Étienne-du-Bois",
            "slug_ville": "saint-etienne-du-bois",
            "code_postal": "85670",
            "population": 2191,
            "superficie_km2": "30.00",
            "latitude_centre": "46.8419991",
            "longitude_centre": "-1.5960000"
        },
        {
            "id": 9107,
            "code_insee": "85211",
            "nom_standard": "Sainte-Flaive-des-Loups",
            "slug_ville": "sainte-flaive-des-loups",
            "code_postal": "85150",
            "population": 2522,
            "superficie_km2": "36.00",
            "latitude_centre": "46.6110001",
            "longitude_centre": "-1.5800000"
        },
        {
            "id": 9108,
            "code_insee": "85213",
            "nom_standard": "Rives de l'Yon",
            "slug_ville": "rives-de-l-yon",
            "code_postal": "85310",
            "population": 4245,
            "superficie_km2": "37.00",
            "latitude_centre": "46.6059990",
            "longitude_centre": "-1.3350000"
        },
        {
            "id": 9109,
            "code_insee": "85214",
            "nom_standard": "Sainte-Foy",
            "slug_ville": "sainte-foy",
            "code_postal": "85150",
            "population": 2465,
            "superficie_km2": "16.00",
            "latitude_centre": "46.5330010",
            "longitude_centre": "-1.6920000"
        },
        {
            "id": 9110,
            "code_insee": "85215",
            "nom_standard": "Saint-Fulgent",
            "slug_ville": "saint-fulgent",
            "code_postal": "85250",
            "population": 3860,
            "superficie_km2": "37.00",
            "latitude_centre": "46.8709984",
            "longitude_centre": "-1.1619999"
        },
        {
            "id": 9111,
            "code_insee": "85216",
            "nom_standard": "Sainte-Gemme-la-Plaine",
            "slug_ville": "sainte-gemme-la-plaine",
            "code_postal": "85400",
            "population": 2063,
            "superficie_km2": "36.00",
            "latitude_centre": "46.4729996",
            "longitude_centre": "-1.1109999"
        },
        {
            "id": 9112,
            "code_insee": "85218",
            "nom_standard": "Saint-Georges-de-Pointindoux",
            "slug_ville": "saint-georges-de-pointindoux",
            "code_postal": "85150",
            "population": 1770,
            "superficie_km2": "16.00",
            "latitude_centre": "46.6419983",
            "longitude_centre": "-1.6289999"
        },
        {
            "id": 9113,
            "code_insee": "85220",
            "nom_standard": "Saint-Germain-de-Prinçay",
            "slug_ville": "saint-germain-de-princay",
            "code_postal": "85110",
            "population": 1606,
            "superficie_km2": "25.00",
            "latitude_centre": "46.7360001",
            "longitude_centre": "-1.0430000"
        },
        {
            "id": 9114,
            "code_insee": "85221",
            "nom_standard": "Saint-Gervais",
            "slug_ville": "saint-gervais",
            "code_postal": "85230",
            "population": 2723,
            "superficie_km2": "43.00",
            "latitude_centre": "46.9290009",
            "longitude_centre": "-1.9809999"
        },
        {
            "id": 9115,
            "code_insee": "85222",
            "nom_standard": "Saint-Gilles-Croix-de-Vie",
            "slug_ville": "saint-gilles-croix-de-vie",
            "code_postal": "85800",
            "population": 7974,
            "superficie_km2": "10.00",
            "latitude_centre": "46.6899986",
            "longitude_centre": "-1.9200000"
        },
        {
            "id": 9116,
            "code_insee": "85223",
            "nom_standard": "Sainte-Hermine",
            "slug_ville": "sainte-hermine",
            "code_postal": "85210",
            "population": 2951,
            "superficie_km2": "35.00",
            "latitude_centre": "46.5569992",
            "longitude_centre": "-1.0720000"
        },
        {
            "id": 9117,
            "code_insee": "85226",
            "nom_standard": "Saint-Hilaire-de-Riez",
            "slug_ville": "saint-hilaire-de-riez",
            "code_postal": "85270",
            "population": 12682,
            "superficie_km2": "49.00",
            "latitude_centre": "46.7430000",
            "longitude_centre": "-1.9640000"
        },
        {
            "id": 9118,
            "code_insee": "85227",
            "nom_standard": "Saint-Hilaire-des-Loges",
            "slug_ville": "saint-hilaire-des-loges",
            "code_postal": "85240",
            "population": 1903,
            "superficie_km2": "35.00",
            "latitude_centre": "46.4749985",
            "longitude_centre": "-0.6510000"
        },
        {
            "id": 9119,
            "code_insee": "85232",
            "nom_standard": "Saint-Hilaire-le-Vouhis",
            "slug_ville": "saint-hilaire-le-vouhis",
            "code_postal": "85480",
            "population": 1090,
            "superficie_km2": "29.00",
            "latitude_centre": "46.6860008",
            "longitude_centre": "-1.1520000"
        },
        {
            "id": 9120,
            "code_insee": "85234",
            "nom_standard": "Saint-Jean-de-Monts",
            "slug_ville": "saint-jean-de-monts",
            "code_postal": "85160",
            "population": 8741,
            "superficie_km2": "62.00",
            "latitude_centre": "46.8019981",
            "longitude_centre": "-2.0480001"
        },
        {
            "id": 9121,
            "code_insee": "85236",
            "nom_standard": "Saint-Julien-des-Landes",
            "slug_ville": "saint-julien-des-landes",
            "code_postal": "85150",
            "population": 1952,
            "superficie_km2": "28.00",
            "latitude_centre": "46.6399994",
            "longitude_centre": "-1.7160000"
        },
        {
            "id": 9122,
            "code_insee": "85238",
            "nom_standard": "Saint-Laurent-sur-Sèvre",
            "slug_ville": "saint-laurent-sur-sevre",
            "code_postal": "85290",
            "population": 3664,
            "superficie_km2": "15.00",
            "latitude_centre": "46.9510002",
            "longitude_centre": "-0.9010000"
        },
        {
            "id": 9123,
            "code_insee": "85239",
            "nom_standard": "Saint-Maixent-sur-Vie",
            "slug_ville": "saint-maixent-sur-vie",
            "code_postal": "85220",
            "population": 1161,
            "superficie_km2": "11.00",
            "latitude_centre": "46.7330017",
            "longitude_centre": "-1.8260000"
        },
        {
            "id": 9124,
            "code_insee": "85240",
            "nom_standard": "Saint-Malô-du-Bois",
            "slug_ville": "saint-malo-du-bois",
            "code_postal": "85590",
            "population": 1618,
            "superficie_km2": "14.00",
            "latitude_centre": "46.9249992",
            "longitude_centre": "-0.9140000"
        },
        {
            "id": 9125,
            "code_insee": "85242",
            "nom_standard": "Saint-Mars-la-Réorthe",
            "slug_ville": "saint-mars-la-reorthe",
            "code_postal": "85590",
            "population": 1023,
            "superficie_km2": "9.00",
            "latitude_centre": "46.8600006",
            "longitude_centre": "-0.9260000"
        },
        {
            "id": 9126,
            "code_insee": "85243",
            "nom_standard": "Brem-sur-Mer",
            "slug_ville": "brem-sur-mer",
            "code_postal": "85470",
            "population": 2872,
            "superficie_km2": "16.00",
            "latitude_centre": "46.6119995",
            "longitude_centre": "-1.8099999"
        },
        {
            "id": 9127,
            "code_insee": "85246",
            "nom_standard": "Saint-Martin-des-Noyers",
            "slug_ville": "saint-martin-des-noyers",
            "code_postal": "85140",
            "population": 2520,
            "superficie_km2": "41.00",
            "latitude_centre": "46.7239990",
            "longitude_centre": "-1.2040000"
        },
        {
            "id": 9128,
            "code_insee": "85247",
            "nom_standard": "Saint-Martin-des-Tilleuls",
            "slug_ville": "saint-martin-des-tilleuls",
            "code_postal": "85130",
            "population": 1120,
            "superficie_km2": "14.00",
            "latitude_centre": "46.9710007",
            "longitude_centre": "-1.0630000"
        },
        {
            "id": 9129,
            "code_insee": "85250",
            "nom_standard": "Saint-Mathurin",
            "slug_ville": "saint-mathurin",
            "code_postal": "85150",
            "population": 2390,
            "superficie_km2": "24.00",
            "latitude_centre": "46.5690002",
            "longitude_centre": "-1.7079999"
        },
        {
            "id": 9130,
            "code_insee": "85254",
            "nom_standard": "Saint-Mesmin",
            "slug_ville": "saint-mesmin",
            "code_postal": "85700",
            "population": 1754,
            "superficie_km2": "26.00",
            "latitude_centre": "46.8009987",
            "longitude_centre": "-0.7490000"
        },
        {
            "id": 9131,
            "code_insee": "85255",
            "nom_standard": "Saint-Michel-en-l'Herm",
            "slug_ville": "saint-michel-en-l-herm",
            "code_postal": "85580",
            "population": 2329,
            "superficie_km2": "58.00",
            "latitude_centre": "46.3370018",
            "longitude_centre": "-1.2480000"
        },
        {
            "id": 9132,
            "code_insee": "85256",
            "nom_standard": "Saint-Michel-le-Cloucq",
            "slug_ville": "saint-michel-le-cloucq",
            "code_postal": "85200",
            "population": 1273,
            "superficie_km2": "18.00",
            "latitude_centre": "46.4860001",
            "longitude_centre": "-0.7430000"
        },
        {
            "id": 9133,
            "code_insee": "85259",
            "nom_standard": "Saint-Paul-en-Pareds",
            "slug_ville": "saint-paul-en-pareds",
            "code_postal": "85500",
            "population": 1348,
            "superficie_km2": "12.00",
            "latitude_centre": "46.8300018",
            "longitude_centre": "-0.9640000"
        },
        {
            "id": 9134,
            "code_insee": "85262",
            "nom_standard": "Saint-Philbert-de-Bouaine",
            "slug_ville": "saint-philbert-de-bouaine",
            "code_postal": "85660",
            "population": 3590,
            "superficie_km2": "51.00",
            "latitude_centre": "46.9930000",
            "longitude_centre": "-1.5070000"
        },
        {
            "id": 9135,
            "code_insee": "85264",
            "nom_standard": "Saint-Pierre-du-Chemin",
            "slug_ville": "saint-pierre-du-chemin",
            "code_postal": "85120",
            "population": 1327,
            "superficie_km2": "30.00",
            "latitude_centre": "46.6959992",
            "longitude_centre": "-0.7020000"
        },
        {
            "id": 9136,
            "code_insee": "85266",
            "nom_standard": "Saint-Prouant",
            "slug_ville": "saint-prouant",
            "code_postal": "85110",
            "population": 1675,
            "superficie_km2": "13.00",
            "latitude_centre": "46.7500000",
            "longitude_centre": "-0.9740000"
        },
        {
            "id": 9137,
            "code_insee": "85268",
            "nom_standard": "Saint-Révérend",
            "slug_ville": "saint-reverend",
            "code_postal": "85220",
            "population": 1496,
            "superficie_km2": "16.00",
            "latitude_centre": "46.7060013",
            "longitude_centre": "-1.8320000"
        },
        {
            "id": 9138,
            "code_insee": "85273",
            "nom_standard": "Saint-Urbain",
            "slug_ville": "saint-urbain",
            "code_postal": "85230",
            "population": 1939,
            "superficie_km2": "17.00",
            "latitude_centre": "46.8820000",
            "longitude_centre": "-2.0160000"
        },
        {
            "id": 9139,
            "code_insee": "85277",
            "nom_standard": "Saint-Vincent-sur-Graon",
            "slug_ville": "saint-vincent-sur-graon",
            "code_postal": "85540",
            "population": 1570,
            "superficie_km2": "49.00",
            "latitude_centre": "46.5040016",
            "longitude_centre": "-1.3830000"
        },
        {
            "id": 9140,
            "code_insee": "85278",
            "nom_standard": "Saint-Vincent-sur-Jard",
            "slug_ville": "saint-vincent-sur-jard",
            "code_postal": "85520",
            "population": 1463,
            "superficie_km2": "15.00",
            "latitude_centre": "46.4300003",
            "longitude_centre": "-1.5500000"
        },
        {
            "id": 9141,
            "code_insee": "85280",
            "nom_standard": "Sallertaine",
            "slug_ville": "sallertaine",
            "code_postal": "85300",
            "population": 3265,
            "superficie_km2": "50.00",
            "latitude_centre": "46.8660011",
            "longitude_centre": "-1.9490000"
        },
        {
            "id": 9142,
            "code_insee": "85281",
            "nom_standard": "Sérigné",
            "slug_ville": "serigne",
            "code_postal": "85200",
            "population": 1010,
            "superficie_km2": "18.00",
            "latitude_centre": "46.5050011",
            "longitude_centre": "-0.8490000"
        },
        {
            "id": 9143,
            "code_insee": "85284",
            "nom_standard": "Soullans",
            "slug_ville": "soullans",
            "code_postal": "85300",
            "population": 4416,
            "superficie_km2": "41.00",
            "latitude_centre": "46.7949982",
            "longitude_centre": "-1.9140000"
        },
        {
            "id": 9144,
            "code_insee": "85288",
            "nom_standard": "Talmont-Saint-Hilaire",
            "slug_ville": "talmont-saint-hilaire",
            "code_postal": "85440",
            "population": 8161,
            "superficie_km2": "90.00",
            "latitude_centre": "46.4760017",
            "longitude_centre": "-1.6280000"
        },
        {
            "id": 9145,
            "code_insee": "85289",
            "nom_standard": "Terval",
            "slug_ville": "terval",
            "code_postal": "85120",
            "population": 2168,
            "superficie_km2": "20.00",
            "latitude_centre": "46.6640015",
            "longitude_centre": "-0.7280000"
        },
        {
            "id": 9146,
            "code_insee": "85291",
            "nom_standard": "Thorigny",
            "slug_ville": "thorigny",
            "code_postal": "85480",
            "population": 1253,
            "superficie_km2": "32.00",
            "latitude_centre": "46.6180000",
            "longitude_centre": "-1.2490000"
        },
        {
            "id": 9147,
            "code_insee": "85293",
            "nom_standard": "Tiffauges",
            "slug_ville": "tiffauges",
            "code_postal": "85130",
            "population": 1568,
            "superficie_km2": "10.00",
            "latitude_centre": "47.0019989",
            "longitude_centre": "-1.0990000"
        },
        {
            "id": 9148,
            "code_insee": "85294",
            "nom_standard": "La Tranche-sur-Mer",
            "slug_ville": "la-tranche-sur-mer",
            "code_postal": "85360",
            "population": 3054,
            "superficie_km2": "21.00",
            "latitude_centre": "46.3559990",
            "longitude_centre": "-1.4310000"
        },
        {
            "id": 9149,
            "code_insee": "85295",
            "nom_standard": "Treize-Septiers",
            "slug_ville": "treize-septiers",
            "code_postal": "85600",
            "population": 3316,
            "superficie_km2": "23.00",
            "latitude_centre": "46.9980011",
            "longitude_centre": "-1.2320000"
        },
        {
            "id": 9150,
            "code_insee": "85296",
            "nom_standard": "Treize-Vents",
            "slug_ville": "treize-vents",
            "code_postal": "85590",
            "population": 1242,
            "superficie_km2": "19.00",
            "latitude_centre": "46.9169998",
            "longitude_centre": "-0.8460000"
        },
        {
            "id": 9151,
            "code_insee": "85297",
            "nom_standard": "Triaize",
            "slug_ville": "triaize",
            "code_postal": "85580",
            "population": 1036,
            "superficie_km2": "57.00",
            "latitude_centre": "46.3790016",
            "longitude_centre": "-1.1990000"
        },
        {
            "id": 9152,
            "code_insee": "85298",
            "nom_standard": "Vairé",
            "slug_ville": "vaire",
            "code_postal": "85150",
            "population": 1883,
            "superficie_km2": "28.00",
            "latitude_centre": "46.6059990",
            "longitude_centre": "-1.7490000"
        },
        {
            "id": 9153,
            "code_insee": "85300",
            "nom_standard": "Venansault",
            "slug_ville": "venansault",
            "code_postal": "85190",
            "population": 4720,
            "superficie_km2": "45.00",
            "latitude_centre": "46.6860008",
            "longitude_centre": "-1.5410000"
        },
        {
            "id": 9154,
            "code_insee": "85301",
            "nom_standard": "Vendrennes",
            "slug_ville": "vendrennes",
            "code_postal": "85250",
            "population": 1791,
            "superficie_km2": "17.00",
            "latitude_centre": "46.8230019",
            "longitude_centre": "-1.1160001"
        },
        {
            "id": 9155,
            "code_insee": "85302",
            "nom_standard": "Chanverrie",
            "slug_ville": "chanverrie",
            "code_postal": "85130",
            "population": 5506,
            "superficie_km2": "43.00",
            "latitude_centre": "46.9640007",
            "longitude_centre": "-0.9850000"
        },
        {
            "id": 9156,
            "code_insee": "85303",
            "nom_standard": "Vix",
            "slug_ville": "vix",
            "code_postal": "85770",
            "population": 1822,
            "superficie_km2": "29.00",
            "latitude_centre": "46.3540001",
            "longitude_centre": "-0.8570000"
        }
    ]
}