[
  {
    "id": 2,
    "code": "01",
    "nom": "Auvergne-Rhône-Alpes",
    "slug": "auvergne-rhone-alpes",
    "departements": [
      {
        "code": "01",
        "nom": "Ain",
        "slug": "ain",
        "villes_count": 178
      },
      {
        "code": "03",
        "nom": "Allier",
        "slug": "allier",
        "villes_count": 66
      },
      {
        "code": "07",
        "nom": "Ardèche",
        "slug": "ardeche",
        "villes_count": 95
      },
      {
        "code": "15",
        "nom": "Cantal",
        "slug": "cantal",
        "villes_count": 30
      },
      {
        "code": "26",
        "nom": "Drôme",
        "slug": "drome",
        "villes_count": 105
      },
      {
        "code": "38",
        "nom": "Isère",
        "slug": "isere",
        "villes_count": 270
      },
      {
        "code": "42",
        "nom": "Loire",
        "slug": "loire",
        "villes_count": 134
      },
      {
        "code": "43",
        "nom": "Haute-Loire",
        "slug": "haute-loire",
        "villes_count": 61
      },
      {
        "code": "63",
        "nom": "Puy-de-Dôme",
        "slug": "puy-de-dome",
        "villes_count": 110
      },
      {
        "code": "69",
        "nom": "Rhône",
        "slug": "rhone",
        "villes_count": 177
      },
      {
        "code": "73",
        "nom": "Savoie",
        "slug": "savoie",
        "villes_count": 85
      },
      {
        "code": "74",
        "nom": "Haute-Savoie",
        "slug": "haute-savoie",
        "villes_count": 173
      }
    ],
    "departements_count": 12
  },
  {
    "id": 3,
    "code": "02",
    "nom": "Bourgogne-Franche-Comté",
    "slug": "bourgogne-franche-comte",
    "departements": [
      {
        "code": "21",
        "nom": "Côte-d'Or",
        "slug": "cote-d-or",
        "villes_count": 72
      },
      {
        "code": "25",
        "nom": "Doubs",
        "slug": "doubs",
        "villes_count": 102
      },
      {
        "code": "39",
        "nom": "Jura",
        "slug": "jura",
        "villes_count": 48
      },
      {
        "code": "58",
        "nom": "Nièvre",
        "slug": "nievre",
        "villes_count": 40
      },
      {
        "code": "70",
        "nom": "Haute-Saône",
        "slug": "haute-saone",
        "villes_count": 40
      },
      {
        "code": "71",
        "nom": "Saône-et-Loire",
        "slug": "saone-et-loire",
        "villes_count": 108
      },
      {
        "code": "89",
        "nom": "Yonne",
        "slug": "yonne",
        "villes_count": 68
      },
      {
        "code": "90",
        "nom": "Territoire de Belfort",
        "slug": "territoire-de-belfort",
        "villes_count": 30
      }
    ],
    "departements_count": 8
  },
  {
    "id": 4,
    "code": "03",
    "nom": "Bretagne",
    "slug": "bretagne",
    "departements": [
      {
        "code": "22",
        "nom": "Côtes-d'Armor",
        "slug": "cotes-d-armor",
        "villes_count": 165
      },
      {
        "code": "29",
        "nom": "Finistère",
        "slug": "finistere",
        "villes_count": 183
      },
      {
        "code": "35",
        "nom": "Ille-et-Vilaine",
        "slug": "ille-et-vilaine",
        "villes_count": 224
      },
      {
        "code": "56",
        "nom": "Morbihan",
        "slug": "morbihan",
        "villes_count": 180
      }
    ],
    "departements_count": 4
  },
  {
    "id": 5,
    "code": "04",
    "nom": "Centre-Val de Loire",
    "slug": "centre-val-de-loire",
    "departements": [
      {
        "code": "18",
        "nom": "Cher",
        "slug": "cher",
        "villes_count": 54
      },
      {
        "code": "28",
        "nom": "Eure-et-Loir",
        "slug": "eure-et-loir",
        "villes_count": 92
      },
      {
        "code": "36",
        "nom": "Indre",
        "slug": "indre",
        "villes_count": 39
      },
      {
        "code": "37",
        "nom": "Indre-et-Loire",
        "slug": "indre-et-loire",
        "villes_count": 116
      },
      {
        "code": "41",
        "nom": "Loir-et-Cher",
        "slug": "loir-et-cher",
        "villes_count": 84
      },
      {
        "code": "45",
        "nom": "Loiret",
        "slug": "loiret",
        "villes_count": 131
      }
    ],
    "departements_count": 6
  },
  {
    "id": 6,
    "code": "05",
    "nom": "Corse",
    "slug": "corse",
    "departements": [
      {
        "code": "2A",
        "nom": "Corse-du-Sud",
        "slug": "corse-du-sud",
        "villes_count": 26
      },
      {
        "code": "2B",
        "nom": "Haute-Corse",
        "slug": "haute-corse",
        "villes_count": 30
      }
    ],
    "departements_count": 2
  },
  {
    "id": 7,
    "code": "06",
    "nom": "Grand Est",
    "slug": "grand-est",
    "departements": [
      {
        "code": "08",
        "nom": "Ardennes",
        "slug": "ardennes",
        "villes_count": 53
      },
      {
        "code": "10",
        "nom": "Aube",
        "slug": "aube",
        "villes_count": 46
      },
      {
        "code": "51",
        "nom": "Marne",
        "slug": "marne",
        "villes_count": 67
      },
      {
        "code": "52",
        "nom": "Haute-Marne",
        "slug": "haute-marne",
        "villes_count": 27
      },
      {
        "code": "54",
        "nom": "Meurthe-et-Moselle",
        "slug": "meurthe-et-moselle",
        "villes_count": 121
      },
      {
        "code": "55",
        "nom": "Meuse",
        "slug": "meuse",
        "villes_count": 29
      },
      {
        "code": "57",
        "nom": "Moselle",
        "slug": "moselle",
        "villes_count": 193
      },
      {
        "code": "67",
        "nom": "Bas-Rhin",
        "slug": "bas-rhin",
        "villes_count": 196
      },
      {
        "code": "68",
        "nom": "Haut-Rhin",
        "slug": "haut-rhin",
        "villes_count": 154
      },
      {
        "code": "88",
        "nom": "Vosges",
        "slug": "vosges",
        "villes_count": 77
      }
    ],
    "departements_count": 10
  },
  {
    "id": 8,
    "code": "07",
    "nom": "Guadeloupe",
    "slug": "guadeloupe",
    "departements": [
      {
        "code": "971",
        "nom": "Guadeloupe",
        "slug": "guadeloupe",
        "villes_count": 31
      }
    ],
    "departements_count": 1
  },
  {
    "id": 9,
    "code": "08",
    "nom": "Guyane",
    "slug": "guyane",
    "departements": [
      {
        "code": "973",
        "nom": "Guyane",
        "slug": "guyane",
        "villes_count": 19
      }
    ],
    "departements_count": 1
  },
  {
    "id": 10,
    "code": "09",
    "nom": "Hauts-de-France",
    "slug": "hauts-de-france",
    "departements": [
      {
        "code": "02",
        "nom": "Aisne",
        "slug": "aisne",
        "villes_count": 91
      },
      {
        "code": "59",
        "nom": "Nord",
        "slug": "nord",
        "villes_count": 372
      },
      {
        "code": "60",
        "nom": "Oise",
        "slug": "oise",
        "villes_count": 166
      },
      {
        "code": "62",
        "nom": "Pas-de-Calais",
        "slug": "pas-de-calais",
        "villes_count": 257
      },
      {
        "code": "80",
        "nom": "Somme",
        "slug": "somme",
        "villes_count": 95
      }
    ],
    "departements_count": 5
  },
  {
    "id": 11,
    "code": "10",
    "nom": "Île-de-France",
    "slug": "ile-de-france",
    "departements": [
      {
        "code": "75",
        "nom": "Paris",
        "slug": "paris",
        "villes_count": 1
      },
      {
        "code": "77",
        "nom": "Seine-et-Marne",
        "slug": "seine-et-marne",
        "villes_count": 229
      },
      {
        "code": "78",
        "nom": "Yvelines",
        "slug": "yvelines",
        "villes_count": 143
      },
      {
        "code": "91",
        "nom": "Essonne",
        "slug": "essonne",
        "villes_count": 131
      },
      {
        "code": "92",
        "nom": "Hauts-de-Seine",
        "slug": "hauts-de-seine",
        "villes_count": 36
      },
      {
        "code": "93",
        "nom": "Seine-Saint-Denis",
        "slug": "seine-saint-denis",
        "villes_count": 40
      },
      {
        "code": "94",
        "nom": "Val-de-Marne",
        "slug": "val-de-marne",
        "villes_count": 47
      },
      {
        "code": "95",
        "nom": "Val-d'Oise",
        "slug": "val-d-oise",
        "villes_count": 99
      }
    ],
    "departements_count": 8
  },
  {
    "id": 12,
    "code": "11",
    "nom": "La Réunion",
    "slug": "la-reunion",
    "departements": [
      {
        "code": "974",
        "nom": "La Réunion",
        "slug": "la-reunion",
        "villes_count": 24
      }
    ],
    "departements_count": 1
  },
  {
    "id": 13,
    "code": "12",
    "nom": "Martinique",
    "slug": "martinique",
    "departements": [
      {
        "code": "972",
        "nom": "Martinique",
        "slug": "martinique",
        "villes_count": 32
      }
    ],
    "departements_count": 1
  },
  {
    "id": 14,
    "code": "13",
    "nom": "Mayotte",
    "slug": "mayotte",
    "departements": [
      {
        "code": "976",
        "nom": "Mayotte",
        "slug": "mayotte",
        "villes_count": 17
      }
    ],
    "departements_count": 1
  },
  {
    "id": 15,
    "code": "14",
    "nom": "Normandie",
    "slug": "normandie",
    "departements": [
      {
        "code": "14",
        "nom": "Calvados",
        "slug": "calvados",
        "villes_count": 139
      },
      {
        "code": "27",
        "nom": "Eure",
        "slug": "eure",
        "villes_count": 131
      },
      {
        "code": "50",
        "nom": "Manche",
        "slug": "manche",
        "villes_count": 102
      },
      {
        "code": "61",
        "nom": "Orne",
        "slug": "orne",
        "villes_count": 61
      },
      {
        "code": "76",
        "nom": "Seine-Maritime",
        "slug": "seine-maritime",
        "villes_count": 190
      }
    ],
    "departements_count": 5
  },
  {
    "id": 16,
    "code": "15",
    "nom": "Nouvelle-Aquitaine",
    "slug": "nouvelle-aquitaine",
    "departements": [
      {
        "code": "16",
        "nom": "Charente",
        "slug": "charente",
        "villes_count": 71
      },
      {
        "code": "17",
        "nom": "Charente-Maritime",
        "slug": "charente-maritime",
        "villes_count": 150
      },
      {
        "code": "19",
        "nom": "Corrèze",
        "slug": "correze",
        "villes_count": 49
      },
      {
        "code": "23",
        "nom": "Creuse",
        "slug": "creuse",
        "villes_count": 23
      },
      {
        "code": "24",
        "nom": "Dordogne",
        "slug": "dordogne",
        "villes_count": 88
      },
      {
        "code": "33",
        "nom": "Gironde",
        "slug": "gironde",
        "villes_count": 235
      },
      {
        "code": "40",
        "nom": "Landes",
        "slug": "landes",
        "villes_count": 95
      },
      {
        "code": "47",
        "nom": "Lot-et-Garonne",
        "slug": "lot-et-garonne",
        "villes_count": 67
      },
      {
        "code": "64",
        "nom": "Pyrénées-Atlantiques",
        "slug": "pyrenees-atlantiques",
        "villes_count": 107
      },
      {
        "code": "79",
        "nom": "Deux-Sèvres",
        "slug": "deux-sevres",
        "villes_count": 86
      },
      {
        "code": "86",
        "nom": "Vienne",
        "slug": "vienne",
        "villes_count": 91
      },
      {
        "code": "87",
        "nom": "Haute-Vienne",
        "slug": "haute-vienne",
        "villes_count": 72
      }
    ],
    "departements_count": 12
  },
  {
    "id": 17,
    "code": "16",
    "nom": "Occitanie",
    "slug": "occitanie",
    "departements": [
      {
        "code": "09",
        "nom": "Ariège",
        "slug": "ariege",
        "villes_count": 26
      },
      {
        "code": "11",
        "nom": "Aude",
        "slug": "aude",
        "villes_count": 73
      },
      {
        "code": "12",
        "nom": "Aveyron",
        "slug": "aveyron",
        "villes_count": 60
      },
      {
        "code": "30",
        "nom": "Gard",
        "slug": "gard",
        "villes_count": 141
      },
      {
        "code": "31",
        "nom": "Haute-Garonne",
        "slug": "haute-garonne",
        "villes_count": 171
      },
      {
        "code": "32",
        "nom": "Gers",
        "slug": "gers",
        "villes_count": 34
      },
      {
        "code": "34",
        "nom": "Hérault",
        "slug": "herault",
        "villes_count": 165
      },
      {
        "code": "46",
        "nom": "Lot",
        "slug": "lot",
        "villes_count": 32
      },
      {
        "code": "48",
        "nom": "Lozère",
        "slug": "lozere",
        "villes_count": 14
      },
      {
        "code": "65",
        "nom": "Hautes-Pyrénées",
        "slug": "hautes-pyrenees",
        "villes_count": 32
      },
      {
        "code": "66",
        "nom": "Pyrénées-Orientales",
        "slug": "pyrenees-orientales",
        "villes_count": 88
      },
      {
        "code": "81",
        "nom": "Tarn",
        "slug": "tarn",
        "villes_count": 76
      },
      {
        "code": "82",
        "nom": "Tarn-et-Garonne",
        "slug": "tarn-et-garonne",
        "villes_count": 61
      }
    ],
    "departements_count": 13
  },
  {
    "id": 18,
    "code": "17",
    "nom": "Pays de la Loire",
    "slug": "pays-de-la-loire",
    "departements": [
      {
        "code": "44",
        "nom": "Loire-Atlantique",
        "slug": "loire-atlantique",
        "villes_count": 190
      },
      {
        "code": "49",
        "nom": "Maine-et-Loire",
        "slug": "maine-et-loire",
        "villes_count": 119
      },
      {
        "code": "53",
        "nom": "Mayenne",
        "slug": "mayenne",
        "villes_count": 71
      },
      {
        "code": "72",
        "nom": "Sarthe",
        "slug": "sarthe",
        "villes_count": 122
      },
      {
        "code": "85",
        "nom": "Vendée",
        "slug": "vendee",
        "villes_count": 178
      }
    ],
    "departements_count": 5
  },
  {
    "id": 19,
    "code": "18",
    "nom": "Provence-Alpes-Côte d'Azur",
    "slug": "provence-alpes-cote-d-azur",
    "departements": [
      {
        "code": "04",
        "nom": "Alpes-de-Haute-Provence",
        "slug": "alpes-de-haute-provence",
        "villes_count": 35
      },
      {
        "code": "05",
        "nom": "Hautes-Alpes",
        "slug": "hautes-alpes",
        "villes_count": 24
      },
      {
        "code": "06",
        "nom": "Alpes-Maritimes",
        "slug": "alpes-maritimes",
        "villes_count": 78
      },
      {
        "code": "13",
        "nom": "Bouches-du-Rhône",
        "slug": "bouches-du-rhone",
        "villes_count": 109
      },
      {
        "code": "83",
        "nom": "Var",
        "slug": "var",
        "villes_count": 116
      },
      {
        "code": "84",
        "nom": "Vaucluse",
        "slug": "vaucluse",
        "villes_count": 85
      }
    ],
    "departements_count": 6
  }
]