{"ville":{"id":8901,"code_insee":"84014","nom_standard":"Beaumont-de-Pertuis","nom_a":null,"nom_de":null,"slug_ville":"beaumont-de-pertuis","departement_id":685,"code_postal":"84120","population":1115,"superficie_km2":"54.00","latitude_centre":"43.7379990","longitude_centre":"5.6960001","dep_code":"84","dep_nom":"Vaucluse","dep_slug":"vaucluse","reg_code":"18","reg_nom":"Provence-Alpes-Côte d'Azur","reg_slug":"provence-alpes-cote-d-azur"},"departement":{"code":"84","nom":"Vaucluse","slug":"vaucluse"},"region":{"code":"18","nom":"Provence-Alpes-Côte d'Azur","slug":"provence-alpes-cote-d-azur"},"villes_proches":[{"id":348,"code_insee":"04063","nom_standard":"Corbières-en-Provence","nom_a":null,"nom_de":null,"slug_ville":"corbieres-en-provence","departement_id":604,"code_postal":"04220","population":1254,"superficie_km2":"19.00","latitude_centre":"43.7610016","longitude_centre":"5.7459998","distance_km":4.76},{"id":8940,"code_insee":"84076","nom_standard":"Mirabeau","nom_a":null,"nom_de":null,"slug_ville":"mirabeau","departement_id":685,"code_postal":"84120","population":1419,"superficie_km2":"32.00","latitude_centre":"43.7050018","longitude_centre":"5.6430001","distance_km":5.62},{"id":8899,"code_insee":"84009","nom_standard":"La Bastide-des-Jourdans","nom_a":null,"nom_de":null,"slug_ville":"la-bastide-des-jourdans","departement_id":685,"code_postal":"84240","population":1686,"superficie_km2":"28.00","latitude_centre":"43.7939987","longitude_centre":"5.6469998","distance_km":7.37},{"id":8925,"code_insee":"84052","nom_standard":"Grambois","nom_a":null,"nom_de":null,"slug_ville":"grambois","departement_id":685,"code_postal":"84240","population":1214,"superficie_km2":"31.00","latitude_centre":"43.7610016","longitude_centre":"5.6040001","distance_km":7.82},{"id":362,"code_insee":"04152","nom_standard":"Pierrevert","nom_a":null,"nom_de":null,"slug_ville":"pierrevert","departement_id":604,"code_postal":"04860","population":3941,"superficie_km2":"28.00","latitude_centre":"43.8059998","longitude_centre":"5.7230001","distance_km":7.87},{"id":368,"code_insee":"04197","nom_standard":"Sainte-Tulle","nom_a":null,"nom_de":null,"slug_ville":"sainte-tulle","departement_id":604,"code_postal":"04220","population":3489,"superficie_km2":"17.00","latitude_centre":"43.7830010","longitude_centre":"5.7729998","distance_km":7.95},{"id":8892,"code_insee":"83150","nom_standard":"Vinon-sur-Verdon","nom_a":null,"nom_de":null,"slug_ville":"vinon-sur-verdon","departement_id":684,"code_postal":"83560","population":4333,"superficie_km2":"36.00","latitude_centre":"43.7220001","longitude_centre":"5.8080001","distance_km":9.17},{"id":8967,"code_insee":"84133","nom_standard":"La Tour-d'Aigues","nom_a":null,"nom_de":null,"slug_ville":"la-tour-d-aigues","departement_id":685,"code_postal":"84240","population":4346,"superficie_km2":"41.00","latitude_centre":"43.7220001","longitude_centre":"5.5669999","distance_km":10.52},{"id":873,"code_insee":"13048","nom_standard":"Jouques","nom_a":null,"nom_de":null,"slug_ville":"jouques","departement_id":613,"code_postal":"13490","population":4404,"superficie_km2":"80.00","latitude_centre":"43.6329994","longitude_centre":"5.6570001","distance_km":12.09},{"id":356,"code_insee":"04112","nom_standard":"Manosque","nom_a":null,"nom_de":null,"slug_ville":"manosque","departement_id":604,"code_postal":"04100","population":22926,"superficie_km2":"57.00","latitude_centre":"43.8349991","longitude_centre":"5.7909999","distance_km":13.21},{"id":352,"code_insee":"04094","nom_standard":"Gréoux-les-Bains","nom_a":null,"nom_de":null,"slug_ville":"greoux-les-bains","departement_id":604,"code_postal":"04800","population":2939,"superficie_km2":"70.00","latitude_centre":"43.7680016","longitude_centre":"5.8649998","distance_km":13.98},{"id":8824,"code_insee":"83066","nom_standard":"Ginasservis","nom_a":null,"nom_de":null,"slug_ville":"ginasservis","departement_id":684,"code_postal":"83560","population":1983,"superficie_km2":"38.00","latitude_centre":"43.6590004","longitude_centre":"5.8379998","distance_km":14.4},{"id":8946,"code_insee":"84084","nom_standard":"La Motte-d'Aigues","nom_a":null,"nom_de":null,"slug_ville":"la-motte-d-aigues","departement_id":685,"code_postal":"84240","population":1399,"superficie_km2":"15.00","latitude_centre":"43.7840004","longitude_centre":"5.5219998","distance_km":14.88},{"id":346,"code_insee":"04045","nom_standard":"Céreste-en-Luberon","nom_a":null,"nom_de":null,"slug_ville":"cereste-en-luberon","departement_id":604,"code_postal":"04280","population":1194,"superficie_km2":"33.00","latitude_centre":"43.8499985","longitude_centre":"5.5900002","distance_km":15.08},{"id":8854,"code_insee":"83104","nom_standard":"Rians","nom_a":null,"nom_de":null,"slug_ville":"rians","departement_id":684,"code_postal":"83560","population":4272,"superficie_km2":"97.00","latitude_centre":"43.6059990","longitude_centre":"5.7410002","distance_km":15.12},{"id":8950,"code_insee":"84089","nom_standard":"Pertuis","nom_a":null,"nom_de":null,"slug_ville":"pertuis","departement_id":685,"code_postal":"84120","population":20012,"superficie_km2":"59.00","latitude_centre":"43.6870003","longitude_centre":"5.5200000","distance_km":15.24},{"id":897,"code_insee":"13074","nom_standard":"Peyrolles-en-Provence","nom_a":null,"nom_de":null,"slug_ville":"peyrolles-en-provence","departement_id":613,"code_postal":"13860","population":5223,"superficie_km2":"35.00","latitude_centre":"43.6279984","longitude_centre":"5.5770001","distance_km":15.53},{"id":363,"code_insee":"04160","nom_standard":"Reillanne","nom_a":null,"nom_de":null,"slug_ville":"reillanne","departement_id":604,"code_postal":"04110","population":1713,"superficie_km2":"39.00","latitude_centre":"43.8860016","longitude_centre":"5.6589999","distance_km":16.72},{"id":8895,"code_insee":"84002","nom_standard":"Ansouis","nom_a":null,"nom_de":null,"slug_ville":"ansouis","departement_id":685,"code_postal":"84240","population":1061,"superficie_km2":"18.00","latitude_centre":"43.7360001","longitude_centre":"5.4710002","distance_km":18.08},{"id":8861,"code_insee":"83113","nom_standard":"Saint-Julien","nom_a":null,"nom_de":null,"slug_ville":"saint-julien","departement_id":684,"code_postal":"83560","population":2394,"superficie_km2":"76.00","latitude_centre":"43.7000008","longitude_centre":"5.9150000","distance_km":18.1}]}