{"ville":{"id":1119,"code_insee":"16073","nom_standard":"Chalais","nom_a":null,"nom_de":null,"slug_ville":"chalais","departement_id":616,"code_postal":"16210","population":1791,"superficie_km2":"18.00","latitude_centre":"45.2739983","longitude_centre":"0.0390000","dep_code":"16","dep_nom":"Charente","dep_slug":"charente","reg_code":"15","reg_nom":"Nouvelle-Aquitaine","reg_slug":"nouvelle-aquitaine"},"departement":{"code":"16","nom":"Charente","slug":"charente"},"region":{"code":"15","nom":"Nouvelle-Aquitaine","slug":"nouvelle-aquitaine"},"villes_proches":[{"id":1756,"code_insee":"24376","nom_standard":"Saint Aulaye-Puymangou","nom_a":null,"nom_de":null,"slug_ville":"saint-aulaye-puymangou","departement_id":625,"code_postal":"24410","population":1414,"superficie_km2":"35.00","latitude_centre":"45.1819992","longitude_centre":"0.1360000","distance_km":12.74},{"id":1765,"code_insee":"24490","nom_standard":"Saint Privat en Périgord","nom_a":null,"nom_de":null,"slug_ville":"saint-privat-en-perigord","departement_id":625,"code_postal":"24410","population":1120,"superficie_km2":"20.00","latitude_centre":"45.2190018","longitude_centre":"0.1920000","distance_km":13.45},{"id":1270,"code_insee":"17309","nom_standard":"Saint-Aigulin","nom_a":null,"nom_de":null,"slug_ville":"saint-aigulin","departement_id":617,"code_postal":"17360","population":1888,"superficie_km2":"28.00","latitude_centre":"45.1669998","longitude_centre":"-0.0440000","distance_km":13.56},{"id":1751,"code_insee":"24354","nom_standard":"La Roche-Chalais","nom_a":null,"nom_de":null,"slug_ville":"la-roche-chalais","departement_id":625,"code_postal":"24490","population":3018,"superficie_km2":"90.00","latitude_centre":"45.1360016","longitude_centre":"0.0550000","distance_km":15.4},{"id":1249,"code_insee":"17241","nom_standard":"Montguyon","nom_a":null,"nom_de":null,"slug_ville":"montguyon","departement_id":617,"code_postal":"17270","population":1567,"superficie_km2":"18.00","latitude_centre":"45.2099991","longitude_centre":"-0.1700000","distance_km":17.84},{"id":1150,"code_insee":"16230","nom_standard":"Montmoreau","nom_a":null,"nom_de":null,"slug_ville":"montmoreau","departement_id":616,"code_postal":"16190","population":2468,"superficie_km2":"12.00","latitude_centre":"45.4230003","longitude_centre":"0.1270000","distance_km":17.94},{"id":1209,"code_insee":"17104","nom_standard":"Chevanceaux","nom_a":null,"nom_de":null,"slug_ville":"chevanceaux","departement_id":617,"code_postal":"17210","population":1112,"superficie_km2":"22.00","latitude_centre":"45.2989998","longitude_centre":"-0.2130000","distance_km":19.91},{"id":2867,"code_insee":"33154","nom_standard":"Les Églisottes-et-Chalaures","nom_a":null,"nom_de":null,"slug_ville":"les-eglisottes-et-chalaures","departement_id":634,"code_postal":"33230","population":2147,"superficie_km2":"17.00","latitude_centre":"45.0929985","longitude_centre":"-0.0330000","distance_km":20.9},{"id":1750,"code_insee":"24352","nom_standard":"Ribérac","nom_a":null,"nom_de":null,"slug_ville":"riberac","departement_id":625,"code_postal":"24600","population":3828,"superficie_km2":"23.00","latitude_centre":"45.2459984","longitude_centre":"0.3350000","distance_km":23.38},{"id":1250,"code_insee":"17243","nom_standard":"Montlieu-la-Garde","nom_a":null,"nom_de":null,"slug_ville":"montlieu-la-garde","departement_id":617,"code_postal":"17210","population":1211,"superficie_km2":"32.00","latitude_centre":"45.2340012","longitude_centre":"-0.2710000","distance_km":24.67},{"id":2931,"code_insee":"33315","nom_standard":"Les Peintures","nom_a":null,"nom_de":null,"slug_ville":"les-peintures","departement_id":634,"code_postal":"33230","population":1646,"superficie_km2":"13.00","latitude_centre":"45.0649986","longitude_centre":"-0.0880000","distance_km":25.28},{"id":1200,"code_insee":"17077","nom_standard":"Cercoux","nom_a":null,"nom_de":null,"slug_ville":"cercoux","departement_id":617,"code_postal":"17270","population":1279,"superficie_km2":"42.00","latitude_centre":"45.1269989","longitude_centre":"-0.2080000","distance_km":25.33},{"id":1111,"code_insee":"16025","nom_standard":"Baignes-Sainte-Radegonde","nom_a":null,"nom_de":null,"slug_ville":"baignes-sainte-radegonde","departement_id":616,"code_postal":"16360","population":1229,"superficie_km2":"31.00","latitude_centre":"45.3740006","longitude_centre":"-0.2540000","distance_km":25.46},{"id":1745,"code_insee":"24329","nom_standard":"Le Pizou","nom_a":null,"nom_de":null,"slug_ville":"le-pizou","departement_id":625,"code_postal":"24700","population":1383,"superficie_km2":"17.00","latitude_centre":"45.0369988","longitude_centre":"0.0720000","distance_km":26.48},{"id":2891,"code_insee":"33218","nom_standard":"Lagorce","nom_a":null,"nom_de":null,"slug_ville":"lagorce","departement_id":634,"code_postal":"33230","population":1616,"superficie_km2":"28.00","latitude_centre":"45.0779991","longitude_centre":"-0.1610000","distance_km":26.85},{"id":1113,"code_insee":"16028","nom_standard":"Barbezieux-Saint-Hilaire","nom_a":null,"nom_de":null,"slug_ville":"barbezieux-saint-hilaire","departement_id":616,"code_postal":"16300","population":4732,"superficie_km2":"27.00","latitude_centre":"45.4780006","longitude_centre":"-0.1580000","distance_km":27.41},{"id":2862,"code_insee":"33138","nom_standard":"Coutras","nom_a":null,"nom_de":null,"slug_ville":"coutras","departement_id":634,"code_postal":"33230","population":8669,"superficie_km2":"34.00","latitude_centre":"45.0390015","longitude_centre":"-0.1050000","distance_km":28.47},{"id":2993,"code_insee":"33478","nom_standard":"Saint-Seurin-sur-l'Isle","nom_a":null,"nom_de":null,"slug_ville":"saint-seurin-sur-l-isle","departement_id":634,"code_postal":"33660","population":3151,"superficie_km2":"9.00","latitude_centre":"45.0110016","longitude_centre":"-0.0010000","distance_km":29.41},{"id":1142,"code_insee":"16175","nom_standard":"Val des Vignes","nom_a":null,"nom_de":null,"slug_ville":"val-des-vignes","departement_id":616,"code_postal":"16250","population":1365,"superficie_km2":"16.00","latitude_centre":"45.5349999","longitude_centre":"-0.0350000","distance_km":29.59},{"id":1736,"code_insee":"24294","nom_standard":"Montpon-Ménestérol","nom_a":null,"nom_de":null,"slug_ville":"montpon-menesterol","departement_id":625,"code_postal":"24700","population":5834,"superficie_km2":"47.00","latitude_centre":"45.0200005","longitude_centre":"0.1560000","distance_km":29.7}]}