{"ville":{"id":9014,"code_insee":"85049","nom_standard":"Champagné-les-Marais","nom_a":null,"nom_de":null,"slug_ville":"champagne-les-marais","departement_id":686,"code_postal":"85450","population":1806,"superficie_km2":"50.00","latitude_centre":"46.3740006","longitude_centre":"-1.1339999","dep_code":"85","dep_nom":"Vendée","dep_slug":"vendee","reg_code":"17","reg_nom":"Pays de la Loire","reg_slug":"pays-de-la-loire"},"departement":{"code":"85","nom":"Vendée","slug":"vendee"},"region":{"code":"17","nom":"Pays de la Loire","slug":"pays-de-la-loire"},"villes_proches":[{"id":9151,"code_insee":"85297","nom_standard":"Triaize","nom_a":null,"nom_de":null,"slug_ville":"triaize","departement_id":686,"code_postal":"85580","population":1036,"superficie_km2":"57.00","latitude_centre":"46.3790016","longitude_centre":"-1.1990000","distance_km":5.02},{"id":9061,"code_insee":"85128","nom_standard":"Luçon","nom_a":null,"nom_de":null,"slug_ville":"lucon","departement_id":686,"code_postal":"85400","population":9483,"superficie_km2":"31.00","latitude_centre":"46.4510002","longitude_centre":"-1.1640000","distance_km":8.87},{"id":9010,"code_insee":"85042","nom_standard":"Chaillé-les-Marais","nom_a":null,"nom_de":null,"slug_ville":"chaille-les-marais","departement_id":686,"code_postal":"85450","population":1893,"superficie_km2":"40.00","latitude_centre":"46.3849983","longitude_centre":"-1.0100000","distance_km":9.59},{"id":9131,"code_insee":"85255","nom_standard":"Saint-Michel-en-l'Herm","nom_a":null,"nom_de":null,"slug_ville":"saint-michel-en-l-herm","departement_id":686,"code_postal":"85580","population":2329,"superficie_km2":"58.00","latitude_centre":"46.3370018","longitude_centre":"-1.2480000","distance_km":9.67},{"id":1204,"code_insee":"17091","nom_standard":"Charron","nom_a":null,"nom_de":null,"slug_ville":"charron","departement_id":617,"code_postal":"17230","population":2002,"superficie_km2":"36.00","latitude_centre":"46.2939987","longitude_centre":"-1.0810000","distance_km":9.78},{"id":9111,"code_insee":"85216","nom_standard":"Sainte-Gemme-la-Plaine","nom_a":null,"nom_de":null,"slug_ville":"sainte-gemme-la-plaine","departement_id":686,"code_postal":"85400","population":2063,"superficie_km2":"36.00","latitude_centre":"46.4729996","longitude_centre":"-1.1109999","distance_km":11.15},{"id":9064,"code_insee":"85131","nom_standard":"Les Magnils-Reigniers","nom_a":null,"nom_de":null,"slug_ville":"les-magnils-reigniers","departement_id":686,"code_postal":"85400","population":1471,"superficie_km2":"18.00","latitude_centre":"46.4640007","longitude_centre":"-1.2110000","distance_km":11.62},{"id":9080,"code_insee":"85159","nom_standard":"Nalliers","nom_a":null,"nom_de":null,"slug_ville":"nalliers","departement_id":686,"code_postal":"85370","population":2353,"superficie_km2":"33.00","latitude_centre":"46.4659996","longitude_centre":"-1.0400000","distance_km":12.51},{"id":8979,"code_insee":"85001","nom_standard":"L'Aiguillon-la-Presqu'île","nom_a":null,"nom_de":null,"slug_ville":"l-aiguillon-la-presqu-ile","departement_id":686,"code_postal":"85460","population":2772,"superficie_km2":"10.00","latitude_centre":"46.3040009","longitude_centre":"-1.2620000","distance_km":12.54},{"id":1239,"code_insee":"17218","nom_standard":"Marans","nom_a":null,"nom_de":null,"slug_ville":"marans","departement_id":617,"code_postal":"17230","population":4500,"superficie_km2":"84.00","latitude_centre":"46.3120003","longitude_centre":"-0.9800000","distance_km":13.68},{"id":1222,"code_insee":"17153","nom_standard":"Esnandes","nom_a":null,"nom_de":null,"slug_ville":"esnandes","departement_id":617,"code_postal":"17137","population":2103,"superficie_km2":"8.00","latitude_centre":"46.2480011","longitude_centre":"-1.1140000","distance_km":14.09},{"id":9027,"code_insee":"85073","nom_standard":"Corpe","nom_a":null,"nom_de":null,"slug_ville":"corpe","departement_id":686,"code_postal":"85320","population":1010,"superficie_km2":"17.00","latitude_centre":"46.5050011","longitude_centre":"-1.1700000","distance_km":14.83},{"id":9079,"code_insee":"85158","nom_standard":"Mouzeuil-Saint-Martin","nom_a":null,"nom_de":null,"slug_ville":"mouzeuil-saint-martin","departement_id":686,"code_postal":"85370","population":1188,"superficie_km2":"26.00","latitude_centre":"46.4589996","longitude_centre":"-0.9840000","distance_km":14.88},{"id":1180,"code_insee":"17008","nom_standard":"Andilly","nom_a":null,"nom_de":null,"slug_ville":"andilly","departement_id":617,"code_postal":"17230","population":2312,"superficie_km2":"29.00","latitude_centre":"46.2630005","longitude_centre":"-1.0180000","distance_km":15.22},{"id":1325,"code_insee":"17472","nom_standard":"Villedoux","nom_a":null,"nom_de":null,"slug_ville":"villedoux","departement_id":617,"code_postal":"17230","population":2316,"superficie_km2":"16.00","latitude_centre":"46.2430000","longitude_centre":"-1.0730000","distance_km":15.3},{"id":9058,"code_insee":"85121","nom_standard":"Le Langon","nom_a":null,"nom_de":null,"slug_ville":"le-langon","departement_id":686,"code_postal":"85370","population":1031,"superficie_km2":"24.00","latitude_centre":"46.4389992","longitude_centre":"-0.9470000","distance_km":16.06},{"id":1241,"code_insee":"17222","nom_standard":"Marsilly","nom_a":null,"nom_de":null,"slug_ville":"marsilly","departement_id":617,"code_postal":"17137","population":3194,"superficie_km2":"12.00","latitude_centre":"46.2280006","longitude_centre":"-1.1339999","distance_km":16.23},{"id":9051,"code_insee":"85111","nom_standard":"L'Île-d'Elle","nom_a":null,"nom_de":null,"slug_ville":"l-ile-d-elle","departement_id":686,"code_postal":"85770","population":1508,"superficie_km2":"19.00","latitude_centre":"46.3330002","longitude_centre":"-0.9190000","distance_km":17.12},{"id":1294,"code_insee":"17376","nom_standard":"Saint-Ouen-d'Aunis","nom_a":null,"nom_de":null,"slug_ville":"saint-ouen-d-aunis","departement_id":617,"code_postal":"17230","population":2083,"superficie_km2":"9.00","latitude_centre":"46.2299995","longitude_centre":"-1.0319999","distance_km":17.83},{"id":9089,"code_insee":"85177","nom_standard":"Les Velluire-sur-Vendée","nom_a":null,"nom_de":null,"slug_ville":"les-velluire-sur-vendee","departement_id":686,"code_postal":"85770","population":1372,"superficie_km2":"17.00","latitude_centre":"46.4189987","longitude_centre":"-0.9100000","distance_km":17.89}]}