{"ville":{"id":4726,"code_insee":"49092","nom_standard":"Chemillé-en-Anjou","nom_a":null,"nom_de":null,"slug_ville":"chemille-en-anjou","departement_id":650,"code_postal":"49120","population":21386,"superficie_km2":"49.00","latitude_centre":"47.2270012","longitude_centre":"-0.7300000","dep_code":"49","dep_nom":"Maine-et-Loire","dep_slug":"maine-et-loire","reg_code":"17","reg_nom":"Pays de la Loire","reg_slug":"pays-de-la-loire"},"departement":{"code":"49","nom":"Maine-et-Loire","slug":"maine-et-loire"},"region":{"code":"17","nom":"Pays de la Loire","slug":"pays-de-la-loire"},"villes_proches":[{"id":4782,"code_insee":"49292","nom_standard":"Val-du-Layon","nom_a":null,"nom_de":null,"slug_ville":"val-du-layon","departement_id":650,"code_postal":"49750","population":3464,"superficie_km2":"15.00","latitude_centre":"47.2999992","longitude_centre":"-0.6400000","distance_km":10.58},{"id":4813,"code_insee":"49371","nom_standard":"Vezins","nom_a":null,"nom_de":null,"slug_ville":"vezins","departement_id":650,"code_postal":"49340","population":1741,"superficie_km2":"18.00","latitude_centre":"47.1150017","longitude_centre":"-0.7210000","distance_km":12.47},{"id":4806,"code_insee":"49355","nom_standard":"Trémentines","nom_a":null,"nom_de":null,"slug_ville":"trementines","departement_id":650,"code_postal":"49340","population":3081,"superficie_km2":"35.00","latitude_centre":"47.1230011","longitude_centre":"-0.8020000","distance_km":12.78},{"id":4728,"code_insee":"49109","nom_standard":"Coron","nom_a":null,"nom_de":null,"slug_ville":"coron","departement_id":650,"code_postal":"49690","population":1547,"superficie_km2":"32.00","latitude_centre":"47.1199989","longitude_centre":"-0.6360000","distance_km":13.86},{"id":4719,"code_insee":"49063","nom_standard":"Chalonnes-sur-Loire","nom_a":null,"nom_de":null,"slug_ville":"chalonnes-sur-loire","departement_id":650,"code_postal":"49290","population":6519,"superficie_km2":"39.00","latitude_centre":"47.3499985","longitude_centre":"-0.7730000","distance_km":14.06},{"id":4707,"code_insee":"49022","nom_standard":"Beaulieu-sur-Layon","nom_a":null,"nom_de":null,"slug_ville":"beaulieu-sur-layon","departement_id":650,"code_postal":"49750","population":1353,"superficie_km2":"13.00","latitude_centre":"47.3190002","longitude_centre":"-0.6000000","distance_km":14.17},{"id":4771,"code_insee":"49259","nom_standard":"Rochefort-sur-Loire","nom_a":null,"nom_de":null,"slug_ville":"rochefort-sur-loire","departement_id":650,"code_postal":"49190","population":2308,"superficie_km2":"28.00","latitude_centre":"47.3510017","longitude_centre":"-0.6500000","distance_km":15.05},{"id":4748,"code_insee":"49193","nom_standard":"Le May-sur-Èvre","nom_a":null,"nom_de":null,"slug_ville":"le-may-sur-evre","departement_id":650,"code_postal":"49122","population":3839,"superficie_km2":"32.00","latitude_centre":"47.1329994","longitude_centre":"-0.8750000","distance_km":15.14},{"id":4762,"code_insee":"49231","nom_standard":"Nuaillé","nom_a":null,"nom_de":null,"slug_ville":"nuaille","departement_id":650,"code_postal":"49340","population":1448,"superficie_km2":"14.00","latitude_centre":"47.0859985","longitude_centre":"-0.7770000","distance_km":16.08},{"id":4814,"code_insee":"49373","nom_standard":"Lys-Haut-Layon","nom_a":null,"nom_de":null,"slug_ville":"lys-haut-layon","departement_id":650,"code_postal":"49310","population":7724,"superficie_km2":"60.00","latitude_centre":"47.1370010","longitude_centre":"-0.5600000","distance_km":16.29},{"id":4802,"code_insee":"49345","nom_standard":"Bellevigne-en-Layon","nom_a":null,"nom_de":null,"slug_ville":"bellevigne-en-layon","departement_id":650,"code_postal":"49380","population":5826,"superficie_km2":"19.00","latitude_centre":"47.2589989","longitude_centre":"-0.5180000","distance_km":16.39},{"id":4765,"code_insee":"49244","nom_standard":"Mauges-sur-Loire","nom_a":null,"nom_de":null,"slug_ville":"mauges-sur-loire","departement_id":650,"code_postal":"49410","population":18331,"superficie_km2":"40.00","latitude_centre":"47.3429985","longitude_centre":"-0.8690000","distance_km":16.62},{"id":4754,"code_insee":"49211","nom_standard":"Montilliers","nom_a":null,"nom_de":null,"slug_ville":"montilliers","departement_id":650,"code_postal":"49310","population":1224,"superficie_km2":"26.00","latitude_centre":"47.1870003","longitude_centre":"-0.5160000","distance_km":16.77},{"id":4767,"code_insee":"49247","nom_standard":"La Possonnière","nom_a":null,"nom_de":null,"slug_ville":"la-possonniere","departement_id":650,"code_postal":"49170","population":2456,"superficie_km2":"19.00","latitude_centre":"47.3810005","longitude_centre":"-0.7090000","distance_km":17.2},{"id":4710,"code_insee":"49027","nom_standard":"Bégrolles-en-Mauges","nom_a":null,"nom_de":null,"slug_ville":"begrolles-en-mauges","departement_id":650,"code_postal":"49122","population":2120,"superficie_km2":"15.00","latitude_centre":"47.1329994","longitude_centre":"-0.9320000","distance_km":18.5},{"id":4804,"code_insee":"49352","nom_standard":"Toutlemonde","nom_a":null,"nom_de":null,"slug_ville":"toutlemonde","departement_id":650,"code_postal":"49360","population":1320,"superficie_km2":"13.00","latitude_centre":"47.0569992","longitude_centre":"-0.7580000","distance_km":19.02},{"id":4759,"code_insee":"49222","nom_standard":"Mozé-sur-Louet","nom_a":null,"nom_de":null,"slug_ville":"moze-sur-louet","departement_id":650,"code_postal":"49610","population":2040,"superficie_km2":"26.00","latitude_centre":"47.3590012","longitude_centre":"-0.5690000","distance_km":19.05},{"id":4730,"code_insee":"49120","nom_standard":"Denée","nom_a":null,"nom_de":null,"slug_ville":"denee","departement_id":650,"code_postal":"49190","population":1427,"superficie_km2":"16.00","latitude_centre":"47.3779984","longitude_centre":"-0.6100000","distance_km":19.07},{"id":4785,"code_insee":"49299","nom_standard":"Saint-Léger-sous-Cholet","nom_a":null,"nom_de":null,"slug_ville":"saint-leger-sous-cholet","departement_id":650,"code_postal":"49280","population":3072,"superficie_km2":"10.00","latitude_centre":"47.1020012","longitude_centre":"-0.9040000","distance_km":19.14},{"id":4750,"code_insee":"49195","nom_standard":"Mazières-en-Mauges","nom_a":null,"nom_de":null,"slug_ville":"mazieres-en-mauges","departement_id":650,"code_postal":"49280","population":1274,"superficie_km2":"9.00","latitude_centre":"47.0600014","longitude_centre":"-0.7960000","distance_km":19.23}]}