{"ville":{"id":4307,"code_insee":"44050","nom_standard":"Crossac","nom_a":null,"nom_de":null,"slug_ville":"crossac","departement_id":645,"code_postal":"44160","population":2997,"superficie_km2":"26.00","latitude_centre":"47.4039993","longitude_centre":"-2.1530001","dep_code":"44","dep_nom":"Loire-Atlantique","dep_slug":"loire-atlantique","reg_code":"17","reg_nom":"Pays de la Loire","reg_slug":"pays-de-la-loire"},"departement":{"code":"44","nom":"Loire-Atlantique","slug":"loire-atlantique"},"region":{"code":"17","nom":"Pays de la Loire","slug":"pays-de-la-loire"},"villes_proches":[{"id":4425,"code_insee":"44189","nom_standard":"Sainte-Reine-de-Bretagne","nom_a":null,"nom_de":null,"slug_ville":"sainte-reine-de-bretagne","departement_id":645,"code_postal":"44160","population":2414,"superficie_km2":"20.00","latitude_centre":"47.4440002","longitude_centre":"-2.1810000","distance_km":4.92},{"id":4372,"code_insee":"44129","nom_standard":"Pontchâteau","nom_a":null,"nom_de":null,"slug_ville":"pontchateau","departement_id":645,"code_postal":"44160","population":11075,"superficie_km2":"56.00","latitude_centre":"47.4339981","longitude_centre":"-2.0960000","distance_km":5.43},{"id":4414,"code_insee":"44176","nom_standard":"Saint-Malo-de-Guersac","nom_a":null,"nom_de":null,"slug_ville":"saint-malo-de-guersac","departement_id":645,"code_postal":"44550","population":3188,"superficie_km2":"15.00","latitude_centre":"47.3559990","longitude_centre":"-2.1719999","distance_km":5.53},{"id":4275,"code_insee":"44013","nom_standard":"Besné","nom_a":null,"nom_de":null,"slug_ville":"besne","departement_id":645,"code_postal":"44160","population":3284,"superficie_km2":"18.00","latitude_centre":"47.3800011","longitude_centre":"-2.0739999","distance_km":6.52},{"id":4407,"code_insee":"44168","nom_standard":"Saint-Joachim","nom_a":null,"nom_de":null,"slug_ville":"saint-joachim","departement_id":645,"code_postal":"44720","population":4139,"superficie_km2":"86.00","latitude_centre":"47.3720017","longitude_centre":"-2.2430000","distance_km":7.65},{"id":4291,"code_insee":"44030","nom_standard":"La Chapelle-des-Marais","nom_a":null,"nom_de":null,"slug_ville":"la-chapelle-des-marais","departement_id":645,"code_postal":"44410","population":4386,"superficie_km2":"18.00","latitude_centre":"47.4370003","longitude_centre":"-2.2460001","distance_km":7.9},{"id":4351,"code_insee":"44103","nom_standard":"Montoir-de-Bretagne","nom_a":null,"nom_de":null,"slug_ville":"montoir-de-bretagne","departement_id":645,"code_postal":"44550","population":7252,"superficie_km2":"30.00","latitude_centre":"47.3230019","longitude_centre":"-2.1470001","distance_km":9.02},{"id":4309,"code_insee":"44052","nom_standard":"Donges","nom_a":null,"nom_de":null,"slug_ville":"donges","departement_id":645,"code_postal":"44480","population":8113,"superficie_km2":"50.00","latitude_centre":"47.3390007","longitude_centre":"-2.0739999","distance_km":9.36},{"id":4346,"code_insee":"44098","nom_standard":"Missillac","nom_a":null,"nom_de":null,"slug_ville":"missillac","departement_id":645,"code_postal":"44780","population":5529,"superficie_km2":"60.00","latitude_centre":"47.4879990","longitude_centre":"-2.1780000","distance_km":9.53},{"id":4310,"code_insee":"44053","nom_standard":"Drefféac","nom_a":null,"nom_de":null,"slug_ville":"dreffeac","departement_id":645,"code_postal":"44530","population":2288,"superficie_km2":"14.00","latitude_centre":"47.4679985","longitude_centre":"-2.0590000","distance_km":10.03},{"id":4380,"code_insee":"44137","nom_standard":"Prinquiau","nom_a":null,"nom_de":null,"slug_ville":"prinquiau","departement_id":645,"code_postal":"44260","population":3522,"superficie_km2":"23.00","latitude_centre":"47.3740006","longitude_centre":"-2.0190001","distance_km":10.62},{"id":4443,"code_insee":"44210","nom_standard":"Trignac","nom_a":null,"nom_de":null,"slug_ville":"trignac","departement_id":645,"code_postal":"44570","population":8106,"superficie_km2":"14.00","latitude_centre":"47.3120003","longitude_centre":"-2.2070000","distance_km":11.01},{"id":4393,"code_insee":"44152","nom_standard":"Sainte-Anne-sur-Brivet","nom_a":null,"nom_de":null,"slug_ville":"sainte-anne-sur-brivet","departement_id":645,"code_postal":"44160","population":2996,"superficie_km2":"26.00","latitude_centre":"47.4519997","longitude_centre":"-2.0190001","distance_km":11.41},{"id":4325,"code_insee":"44072","nom_standard":"Herbignac","nom_a":null,"nom_de":null,"slug_ville":"herbignac","departement_id":645,"code_postal":"44410","population":7133,"superficie_km2":"71.00","latitude_centre":"47.4469986","longitude_centre":"-2.3130000","distance_km":12.95},{"id":4401,"code_insee":"44161","nom_standard":"Saint-Gildas-des-Bois","nom_a":null,"nom_de":null,"slug_ville":"saint-gildas-des-bois","departement_id":645,"code_postal":"44530","population":3780,"superficie_km2":"34.00","latitude_centre":"47.5089989","longitude_centre":"-2.0599999","distance_km":13.61},{"id":4286,"code_insee":"44025","nom_standard":"Campbon","nom_a":null,"nom_de":null,"slug_ville":"campbon","departement_id":645,"code_postal":"44750","population":4005,"superficie_km2":"50.00","latitude_centre":"47.4160004","longitude_centre":"-1.9680001","distance_km":13.99},{"id":4413,"code_insee":"44175","nom_standard":"Saint-Lyphard","nom_a":null,"nom_de":null,"slug_ville":"saint-lyphard","departement_id":645,"code_postal":"44410","population":5104,"superficie_km2":"24.00","latitude_centre":"47.3779984","longitude_centre":"-2.3350000","distance_km":14},{"id":4293,"code_insee":"44033","nom_standard":"La Chapelle-Launay","nom_a":null,"nom_de":null,"slug_ville":"la-chapelle-launay","departement_id":645,"code_postal":"44260","population":3221,"superficie_km2":"25.00","latitude_centre":"47.3530006","longitude_centre":"-1.9820000","distance_km":14.07},{"id":4392,"code_insee":"44151","nom_standard":"Saint-André-des-Eaux","nom_a":null,"nom_de":null,"slug_ville":"saint-andre-des-eaux","departement_id":645,"code_postal":"44117","population":6881,"superficie_km2":"25.00","latitude_centre":"47.3230019","longitude_centre":"-2.3130000","distance_km":15.04},{"id":4420,"code_insee":"44184","nom_standard":"Saint-Nazaire","nom_a":null,"nom_de":null,"slug_ville":"saint-nazaire","departement_id":645,"code_postal":"44600","population":72057,"superficie_km2":"48.00","latitude_centre":"47.2799988","longitude_centre":"-2.2539999","distance_km":15.75}]}