{"ville":{"id":4941,"code_insee":"51204","nom_standard":"Damery","nom_a":null,"nom_de":null,"slug_ville":"damery","departement_id":652,"code_postal":"51480","population":1335,"superficie_km2":"15.00","latitude_centre":"49.0800018","longitude_centre":"3.8780000","dep_code":"51","dep_nom":"Marne","dep_slug":"marne","reg_code":"06","reg_nom":"Grand Est","reg_slug":"grand-est"},"departement":{"code":"51","nom":"Marne","slug":"marne"},"region":{"code":"06","nom":"Grand Est","slug":"grand-est"},"villes_proches":[{"id":4956,"code_insee":"51344","nom_standard":"Mardeuil","nom_a":null,"nom_de":null,"slug_ville":"mardeuil","departement_id":652,"code_postal":"51530","population":1469,"superficie_km2":"9.00","latitude_centre":"49.0550003","longitude_centre":"3.9230001","distance_km":4.3},{"id":4944,"code_insee":"51230","nom_standard":"Épernay","nom_a":null,"nom_de":null,"slug_ville":"epernay","departement_id":652,"code_postal":"51200","population":22001,"superficie_km2":"23.00","latitude_centre":"49.0369988","longitude_centre":"3.9310000","distance_km":6.15},{"id":4942,"code_insee":"51210","nom_standard":"Dizy","nom_a":null,"nom_de":null,"slug_ville":"dizy","departement_id":652,"code_postal":"51530","population":1489,"superficie_km2":"3.00","latitude_centre":"49.0699997","longitude_centre":"3.9710000","distance_km":6.86},{"id":4987,"code_insee":"51663","nom_standard":"Magenta","nom_a":null,"nom_de":null,"slug_ville":"magenta","departement_id":652,"code_postal":"51530","population":1693,"superficie_km2":"1.00","latitude_centre":"49.0559998","longitude_centre":"3.9660001","distance_km":6.94},{"id":4921,"code_insee":"51002","nom_standard":"Saint-Martin-d'Ablois","nom_a":null,"nom_de":null,"slug_ville":"saint-martin-d-ablois","departement_id":652,"code_postal":"51530","population":1374,"superficie_km2":"22.00","latitude_centre":"49.0120010","longitude_centre":"3.8399999","distance_km":8.05},{"id":4963,"code_insee":"51431","nom_standard":"Pierry","nom_a":null,"nom_de":null,"slug_ville":"pierry","departement_id":652,"code_postal":"51530","population":1237,"superficie_km2":"5.00","latitude_centre":"49.0190010","longitude_centre":"3.9489999","distance_km":8.53},{"id":4924,"code_insee":"51030","nom_standard":"Aÿ-Champagne","nom_a":null,"nom_de":null,"slug_ville":"ay-champagne","departement_id":652,"code_postal":"51160","population":5197,"superficie_km2":"11.00","latitude_centre":"49.0629997","longitude_centre":"3.9970000","distance_km":8.87},{"id":4957,"code_insee":"51346","nom_standard":"Mareuil-le-Port","nom_a":null,"nom_de":null,"slug_ville":"mareuil-le-port","departement_id":652,"code_postal":"51700","population":1151,"superficie_km2":"9.00","latitude_centre":"49.0740013","longitude_centre":"3.7440000","distance_km":9.78},{"id":4934,"code_insee":"51153","nom_standard":"Chouilly","nom_a":null,"nom_de":null,"slug_ville":"chouilly","departement_id":652,"code_postal":"51530","population":1049,"superficie_km2":"16.00","latitude_centre":"49.0180016","longitude_centre":"4.0040002","distance_km":11.48},{"id":4923,"code_insee":"51029","nom_standard":"Avize","nom_a":null,"nom_de":null,"slug_ville":"avize","departement_id":652,"code_postal":"51190","population":1760,"superficie_km2":"8.00","latitude_centre":"48.9729996","longitude_centre":"4.0050001","distance_km":15.08},{"id":4968,"code_insee":"51461","nom_standard":"Rilly-la-Montagne","nom_a":null,"nom_de":null,"slug_ville":"rilly-la-montagne","departement_id":652,"code_postal":"51500","population":1014,"superficie_km2":"9.00","latitude_centre":"49.1629982","longitude_centre":"4.0460000","distance_km":15.32},{"id":4943,"code_insee":"51217","nom_standard":"Dormans","nom_a":null,"nom_de":null,"slug_ville":"dormans","departement_id":652,"code_postal":"51700","population":2911,"superficie_km2":"23.00","latitude_centre":"49.0620003","longitude_centre":"3.6450000","distance_km":17.09},{"id":4928,"code_insee":"51058","nom_standard":"Bezannes","nom_a":null,"nom_de":null,"slug_ville":"bezannes","departement_id":652,"code_postal":"51430","population":4011,"superficie_km2":"8.00","latitude_centre":"49.2200012","longitude_centre":"3.9900000","distance_km":17.57},{"id":4981,"code_insee":"51576","nom_standard":"Tours-sur-Marne","nom_a":null,"nom_de":null,"slug_ville":"tours-sur-marne","departement_id":652,"code_postal":"51150","population":1383,"superficie_km2":"23.00","latitude_centre":"49.0519981","longitude_centre":"4.1290002","distance_km":18.55},{"id":4958,"code_insee":"51367","nom_standard":"Le Mesnil-sur-Oger","nom_a":null,"nom_de":null,"slug_ville":"le-mesnil-sur-oger","departement_id":652,"code_postal":"51190","population":1007,"superficie_km2":"8.00","latitude_centre":"48.9389992","longitude_centre":"4.0200000","distance_km":18.79},{"id":4950,"code_insee":"51282","nom_standard":"Gueux","nom_a":null,"nom_de":null,"slug_ville":"gueux","departement_id":652,"code_postal":"51390","population":1871,"superficie_km2":"9.00","latitude_centre":"49.2540016","longitude_centre":"3.9070001","distance_km":19.46},{"id":4938,"code_insee":"51172","nom_standard":"Cormontreuil","nom_a":null,"nom_de":null,"slug_ville":"cormontreuil","departement_id":652,"code_postal":"51350","population":6456,"superficie_km2":"5.00","latitude_centre":"49.2169991","longitude_centre":"4.0539999","distance_km":19.9},{"id":4979,"code_insee":"51562","nom_standard":"Taissy","nom_a":null,"nom_de":null,"slug_ville":"taissy","departement_id":652,"code_postal":"51500","population":2187,"superficie_km2":"11.00","latitude_centre":"49.2039986","longitude_centre":"4.0819998","distance_km":20.26},{"id":4982,"code_insee":"51612","nom_standard":"Blancs-Coteaux","nom_a":null,"nom_de":null,"slug_ville":"blancs-coteaux","departement_id":652,"code_postal":"51130","population":3182,"superficie_km2":"36.00","latitude_centre":"48.9080010","longitude_centre":"3.9800000","distance_km":20.52},{"id":4980,"code_insee":"51573","nom_standard":"Tinqueux","nom_a":null,"nom_de":null,"slug_ville":"tinqueux","departement_id":652,"code_postal":"51430","population":10552,"superficie_km2":"4.00","latitude_centre":"49.2500000","longitude_centre":"3.9879999","distance_km":20.53}]}