{"ville":{"id":496,"code_insee":"07079","nom_standard":"Désaignes","nom_a":null,"nom_de":null,"slug_ville":"desaignes","departement_id":607,"code_postal":"07570","population":1151,"superficie_km2":"51.00","latitude_centre":"44.9920006","longitude_centre":"4.5009999","dep_code":"07","dep_nom":"Ardèche","dep_slug":"ardeche","reg_code":"01","reg_nom":"Auvergne-Rhône-Alpes","reg_slug":"auvergne-rhone-alpes"},"departement":{"code":"07","nom":"Ardèche","slug":"ardeche"},"region":{"code":"01","nom":"Auvergne-Rhône-Alpes","slug":"auvergne-rhone-alpes"},"villes_proches":[{"id":527,"code_insee":"07204","nom_standard":"Saint-Agrève","nom_a":null,"nom_de":null,"slug_ville":"saint-agreve","departement_id":607,"code_postal":"07320","population":2325,"superficie_km2":"48.00","latitude_centre":"45.0050011","longitude_centre":"4.4130001","distance_km":7.07},{"id":508,"code_insee":"07129","nom_standard":"Lamastre","nom_a":null,"nom_de":null,"slug_ville":"lamastre","departement_id":607,"code_postal":"07270","population":2342,"superficie_km2":"26.00","latitude_centre":"44.9819984","longitude_centre":"4.5910001","distance_km":7.16},{"id":490,"code_insee":"07064","nom_standard":"Le Cheylard","nom_a":null,"nom_de":null,"slug_ville":"le-cheylard","departement_id":607,"code_postal":"07160","population":2825,"superficie_km2":"14.00","latitude_centre":"44.9080010","longitude_centre":"4.4210000","distance_km":11.26},{"id":541,"code_insee":"07269","nom_standard":"Saint-Martin-de-Valamas","nom_a":null,"nom_de":null,"slug_ville":"saint-martin-de-valamas","departement_id":607,"code_postal":"07310","population":1092,"superficie_km2":"20.00","latitude_centre":"44.9370003","longitude_centre":"4.3709998","distance_km":11.92},{"id":533,"code_insee":"07236","nom_standard":"Saint-Félicien","nom_a":null,"nom_de":null,"slug_ville":"saint-felicien","departement_id":607,"code_postal":"07410","population":1119,"superficie_km2":"22.00","latitude_centre":"45.0769997","longitude_centre":"4.6100001","distance_km":12.76},{"id":563,"code_insee":"07338","nom_standard":"Vernoux-en-Vivarais","nom_a":null,"nom_de":null,"slug_ville":"vernoux-en-vivarais","departement_id":607,"code_postal":"07240","population":1977,"superficie_km2":"31.00","latitude_centre":"44.9049988","longitude_centre":"4.6440001","distance_km":14.84},{"id":4217,"code_insee":"43051","nom_standard":"Le Chambon-sur-Lignon","nom_a":null,"nom_de":null,"slug_ville":"le-chambon-sur-lignon","departement_id":644,"code_postal":"43400","population":2400,"superficie_km2":"42.00","latitude_centre":"45.0519981","longitude_centre":"4.3200002","distance_km":15.71},{"id":550,"code_insee":"07309","nom_standard":"Satillieu","nom_a":null,"nom_de":null,"slug_ville":"satillieu","departement_id":607,"code_postal":"07290","population":1500,"superficie_km2":"33.00","latitude_centre":"45.1419983","longitude_centre":"4.5879998","distance_km":18.02},{"id":478,"code_insee":"07007","nom_standard":"Alboussière","nom_a":null,"nom_de":null,"slug_ville":"alboussiere","departement_id":607,"code_postal":"07440","population":1005,"superficie_km2":"18.00","latitude_centre":"44.9399986","longitude_centre":"4.7340002","distance_km":19.22},{"id":547,"code_insee":"07295","nom_standard":"Saint-Sauveur-de-Montagut","nom_a":null,"nom_de":null,"slug_ville":"saint-sauveur-de-montagut","departement_id":607,"code_postal":"07190","population":1105,"superficie_km2":"12.00","latitude_centre":"44.8199997","longitude_centre":"4.5730000","distance_km":19.95},{"id":4259,"code_insee":"43244","nom_standard":"Tence","nom_a":null,"nom_de":null,"slug_ville":"tence","departement_id":644,"code_postal":"43190","population":3123,"superficie_km2":"52.00","latitude_centre":"45.1129990","longitude_centre":"4.3000002","distance_km":20.74},{"id":4230,"code_insee":"43130","nom_standard":"Mazet-Saint-Voy","nom_a":null,"nom_de":null,"slug_ville":"mazet-saint-voy","departement_id":644,"code_postal":"43520","population":1112,"superficie_km2":"45.00","latitude_centre":"45.0439987","longitude_centre":"4.2399998","distance_km":21.31},{"id":516,"code_insee":"07167","nom_standard":"Les Ollières-sur-Eyrieux","nom_a":null,"nom_de":null,"slug_ville":"les-ollieres-sur-eyrieux","departement_id":607,"code_postal":"07360","population":1015,"superficie_km2":"7.00","latitude_centre":"44.8100014","longitude_centre":"4.6199999","distance_km":22.3},{"id":528,"code_insee":"07205","nom_standard":"Saint-Alban-d'Ay","nom_a":null,"nom_de":null,"slug_ville":"saint-alban-d-ay","departement_id":607,"code_postal":"07790","population":1408,"superficie_km2":"24.00","latitude_centre":"45.1860008","longitude_centre":"4.6320000","distance_km":23.9},{"id":546,"code_insee":"07292","nom_standard":"Saint-Romain-d'Ay","nom_a":null,"nom_de":null,"slug_ville":"saint-romain-d-ay","departement_id":607,"code_postal":"07290","population":1195,"superficie_km2":"9.00","latitude_centre":"45.1660004","longitude_centre":"4.6820002","distance_km":24.01},{"id":556,"code_insee":"07323","nom_standard":"Toulaud","nom_a":null,"nom_de":null,"slug_ville":"toulaud","departement_id":607,"code_postal":"07130","population":1714,"superficie_km2":"35.00","latitude_centre":"44.9020004","longitude_centre":"4.7930002","distance_km":25.06},{"id":513,"code_insee":"07152","nom_standard":"Mauves","nom_a":null,"nom_de":null,"slug_ville":"mauves","departement_id":607,"code_postal":"07300","population":1188,"superficie_km2":"7.00","latitude_centre":"45.0289993","longitude_centre":"4.8200002","distance_km":25.41},{"id":535,"code_insee":"07245","nom_standard":"Saint-Jean-de-Muzols","nom_a":null,"nom_de":null,"slug_ville":"saint-jean-de-muzols","departement_id":607,"code_postal":"07300","population":2511,"superficie_km2":"11.00","latitude_centre":"45.0789986","longitude_centre":"4.8000002","distance_km":25.41},{"id":4234,"code_insee":"43141","nom_standard":"Montfaucon-en-Velay","nom_a":null,"nom_de":null,"slug_ville":"montfaucon-en-velay","departement_id":644,"code_postal":"43290","population":1143,"superficie_km2":"5.00","latitude_centre":"45.1839981","longitude_centre":"4.3230000","distance_km":25.52},{"id":557,"code_insee":"07324","nom_standard":"Tournon-sur-Rhône","nom_a":null,"nom_de":null,"slug_ville":"tournon-sur-rhone","departement_id":607,"code_postal":"07300","population":11191,"superficie_km2":"21.00","latitude_centre":"45.0540009","longitude_centre":"4.8150001","distance_km":25.62}]}