{"ville":{"id":4502,"code_insee":"45129","nom_standard":"Douchy-Montcorbon","nom_a":null,"nom_de":null,"slug_ville":"douchy-montcorbon","departement_id":646,"code_postal":"45220","population":1355,"superficie_km2":"23.00","latitude_centre":"47.9420013","longitude_centre":"3.0439999","dep_code":"45","dep_nom":"Loiret","dep_slug":"loiret","reg_code":"04","reg_nom":"Centre-Val de Loire","reg_slug":"centre-val-de-loire"},"departement":{"code":"45","nom":"Loiret","slug":"loiret"},"region":{"code":"04","nom":"Centre-Val de Loire","slug":"centre-val-de-loire"},"villes_proches":[{"id":4579,"code_insee":"45329","nom_standard":"Triguères","nom_a":null,"nom_de":null,"slug_ville":"trigueres","departement_id":646,"code_postal":"45220","population":1275,"superficie_km2":"36.00","latitude_centre":"47.9389992","longitude_centre":"2.9949999","distance_km":3.67},{"id":9409,"code_insee":"89086","nom_standard":"Charny Orée de Puisaye","nom_a":null,"nom_de":null,"slug_ville":"charny-oree-de-puisaye","departement_id":690,"code_postal":"89120","population":4807,"superficie_km2":"19.00","latitude_centre":"47.8860016","longitude_centre":"3.0980001","distance_km":7.41},{"id":4491,"code_insee":"45097","nom_standard":"Chuelles","nom_a":null,"nom_de":null,"slug_ville":"chuelles","departement_id":646,"code_postal":"45220","population":1222,"superficie_km2":"31.00","latitude_centre":"47.9970017","longitude_centre":"2.9690001","distance_km":8.28},{"id":4496,"code_insee":"45115","nom_standard":"Courtenay","nom_a":null,"nom_de":null,"slug_ville":"courtenay","departement_id":646,"code_postal":"45320","population":3824,"superficie_km2":"50.00","latitude_centre":"48.0219994","longitude_centre":"3.0620000","distance_km":9},{"id":4484,"code_insee":"45083","nom_standard":"Château-Renard","nom_a":null,"nom_de":null,"slug_ville":"chateau-renard","departement_id":646,"code_postal":"45220","population":2103,"superficie_km2":"40.00","latitude_centre":"47.9269981","longitude_centre":"2.9219999","distance_km":9.24},{"id":4558,"code_insee":"45279","nom_standard":"Saint-Germain-des-Prés","nom_a":null,"nom_de":null,"slug_ville":"saint-germain-des-pres","departement_id":646,"code_postal":"45220","population":1877,"superficie_km2":"26.00","latitude_centre":"47.9659996","longitude_centre":"2.8490000","distance_km":14.76},{"id":4531,"code_insee":"45212","nom_standard":"Montcresson","nom_a":null,"nom_de":null,"slug_ville":"montcresson","departement_id":646,"code_postal":"45700","population":1252,"superficie_km2":"21.00","latitude_centre":"47.9109993","longitude_centre":"2.8050001","distance_km":18.14},{"id":4485,"code_insee":"45085","nom_standard":"Châtillon-Coligny","nom_a":null,"nom_de":null,"slug_ville":"chatillon-coligny","departement_id":646,"code_postal":"45230","population":1862,"superficie_km2":"25.00","latitude_centre":"47.8230019","longitude_centre":"2.8750000","distance_km":18.27},{"id":4572,"code_insee":"45307","nom_standard":"La Selle-sur-le-Bied","nom_a":null,"nom_de":null,"slug_ville":"la-selle-sur-le-bied","departement_id":646,"code_postal":"45210","population":1110,"superficie_km2":"24.00","latitude_centre":"48.0760002","longitude_centre":"2.8880000","distance_km":18.89},{"id":9443,"code_insee":"89348","nom_standard":"Saint-Julien-du-Sault","nom_a":null,"nom_de":null,"slug_ville":"saint-julien-du-sault","departement_id":690,"code_postal":"89330","population":2203,"superficie_km2":"24.00","latitude_centre":"48.0340004","longitude_centre":"3.2750001","distance_km":20},{"id":4456,"code_insee":"45004","nom_standard":"Amilly","nom_a":null,"nom_de":null,"slug_ville":"amilly","departement_id":646,"code_postal":"45200","population":13267,"superficie_km2":"40.00","latitude_centre":"47.9869995","longitude_centre":"2.7820001","distance_km":20.14},{"id":9403,"code_insee":"89067","nom_standard":"Cézy","nom_a":null,"nom_de":null,"slug_ville":"cezy","departement_id":690,"code_postal":"89410","population":1106,"superficie_km2":"16.00","latitude_centre":"47.9959984","longitude_centre":"3.3150001","distance_km":21.05},{"id":9416,"code_insee":"89151","nom_standard":"Égriselles-le-Bocage","nom_a":null,"nom_de":null,"slug_ville":"egriselles-le-bocage","departement_id":690,"code_postal":"89500","population":1370,"superficie_km2":"24.00","latitude_centre":"48.1119995","longitude_centre":"3.1800001","distance_km":21.44},{"id":9397,"code_insee":"89003","nom_standard":"Montholon","nom_a":null,"nom_de":null,"slug_ville":"montholon","departement_id":690,"code_postal":"89710","population":2772,"superficie_km2":"18.00","latitude_centre":"47.8709984","longitude_centre":"3.3280001","distance_km":22.59},{"id":4557,"code_insee":"45278","nom_standard":"Sainte-Geneviève-des-Bois","nom_a":null,"nom_de":null,"slug_ville":"sainte-genevieve-des-bois","departement_id":646,"code_postal":"45230","population":1057,"superficie_km2":"41.00","latitude_centre":"47.8120003","longitude_centre":"2.7939999","distance_km":23.59},{"id":4530,"code_insee":"45208","nom_standard":"Montargis","nom_a":null,"nom_de":null,"slug_ville":"montargis","departement_id":646,"code_postal":"45200","population":15061,"superficie_km2":"4.00","latitude_centre":"47.9990006","longitude_centre":"2.7360001","distance_km":23.79},{"id":4480,"code_insee":"45068","nom_standard":"Châlette-sur-Loing","nom_a":null,"nom_de":null,"slug_ville":"chalette-sur-loing","departement_id":646,"code_postal":"45120","population":12728,"superficie_km2":"13.00","latitude_centre":"48.0190010","longitude_centre":"2.7360001","distance_km":24.47},{"id":4507,"code_insee":"45145","nom_standard":"Ferrières-en-Gâtinais","nom_a":null,"nom_de":null,"slug_ville":"ferrieres-en-gatinais","departement_id":646,"code_postal":"45210","population":3750,"superficie_km2":"27.00","latitude_centre":"48.1059990","longitude_centre":"2.8039999","distance_km":25.52},{"id":4583,"code_insee":"45338","nom_standard":"Villemandeur","nom_a":null,"nom_de":null,"slug_ville":"villemandeur","departement_id":646,"code_postal":"45700","population":6846,"superficie_km2":"11.00","latitude_centre":"47.9830017","longitude_centre":"2.7049999","distance_km":25.65},{"id":4477,"code_insee":"45061","nom_standard":"Cepoy","nom_a":null,"nom_de":null,"slug_ville":"cepoy","departement_id":646,"code_postal":"45120","population":2373,"superficie_km2":"8.00","latitude_centre":"48.0509987","longitude_centre":"2.7400000","distance_km":25.66}]}