{"ville":{"id":217,"code_insee":"02296","nom_standard":"Étreillers","nom_a":null,"nom_de":null,"slug_ville":"etreillers","departement_id":602,"code_postal":"02590","population":1182,"superficie_km2":"9.00","latitude_centre":"49.8330002","longitude_centre":"3.1580000","dep_code":"02","dep_nom":"Aisne","dep_slug":"aisne","reg_code":"09","reg_nom":"Hauts-de-France","reg_slug":"hauts-de-france"},"departement":{"code":"02","nom":"Aisne","slug":"aisne"},"region":{"code":"09","nom":"Hauts-de-France","slug":"hauts-de-france"},"villes_proches":[{"id":232,"code_insee":"02382","nom_standard":"Holnon","nom_a":null,"nom_de":null,"slug_ville":"holnon","departement_id":602,"code_postal":"02760","population":1356,"superficie_km2":"6.00","latitude_centre":"49.8610001","longitude_centre":"3.2010000","distance_km":4.38},{"id":266,"code_insee":"02785","nom_standard":"Vermand","nom_a":null,"nom_de":null,"slug_ville":"vermand","departement_id":602,"code_postal":"02490","population":1101,"superficie_km2":"16.00","latitude_centre":"49.8839989","longitude_centre":"3.1520000","distance_km":5.69},{"id":258,"code_insee":"02691","nom_standard":"Saint-Quentin","nom_a":null,"nom_de":null,"slug_ville":"saint-quentin","departement_id":602,"code_postal":"02100","population":52958,"superficie_km2":"23.00","latitude_centre":"49.8470001","longitude_centre":"3.2780001","distance_km":8.75},{"id":227,"code_insee":"02359","nom_standard":"Grugies","nom_a":null,"nom_de":null,"slug_ville":"grugies","departement_id":602,"code_postal":"02680","population":1259,"superficie_km2":"5.00","latitude_centre":"49.8100014","longitude_centre":"3.2750001","distance_km":8.77},{"id":226,"code_insee":"02340","nom_standard":"Gauchy","nom_a":null,"nom_de":null,"slug_ville":"gauchy","departement_id":602,"code_postal":"02430","population":5204,"superficie_km2":"6.00","latitude_centre":"49.8240013","longitude_centre":"3.2860000","distance_km":9.24},{"id":214,"code_insee":"02287","nom_standard":"Essigny-le-Grand","nom_a":null,"nom_de":null,"slug_ville":"essigny-le-grand","departement_id":602,"code_postal":"02690","population":1054,"superficie_km2":"13.00","latitude_centre":"49.7739983","longitude_centre":"3.2720001","distance_km":10.49},{"id":8589,"code_insee":"80410","nom_standard":"Ham","nom_a":null,"nom_de":null,"slug_ville":"ham","departement_id":681,"code_postal":"80400","population":4459,"superficie_km2":"10.00","latitude_centre":"49.7540016","longitude_centre":"3.0739999","distance_km":10.65},{"id":230,"code_insee":"02371","nom_standard":"Harly","nom_a":null,"nom_de":null,"slug_ville":"harly","departement_id":602,"code_postal":"02100","population":1557,"superficie_km2":"4.00","latitude_centre":"49.8409996","longitude_centre":"3.3350000","distance_km":12.72},{"id":242,"code_insee":"02504","nom_standard":"Montescourt-Lizerolles","nom_a":null,"nom_de":null,"slug_ville":"montescourt-lizerolles","departement_id":602,"code_postal":"02440","population":1614,"superficie_km2":"6.00","latitude_centre":"49.7360001","longitude_centre":"3.2620001","distance_km":13.12},{"id":8578,"code_insee":"80274","nom_standard":"Eppeville","nom_a":null,"nom_de":null,"slug_ville":"eppeville","departement_id":681,"code_postal":"80400","population":1742,"superficie_km2":"5.00","latitude_centre":"49.7379990","longitude_centre":"3.0490000","distance_km":13.15},{"id":8620,"code_insee":"80677","nom_standard":"Roisel","nom_a":null,"nom_de":null,"slug_ville":"roisel","departement_id":681,"code_postal":"80240","population":1592,"superficie_km2":"10.00","latitude_centre":"49.9449997","longitude_centre":"3.0960000","distance_km":13.22},{"id":234,"code_insee":"02397","nom_standard":"Jussy","nom_a":null,"nom_de":null,"slug_ville":"jussy","departement_id":602,"code_postal":"02480","population":1219,"superficie_km2":"13.00","latitude_centre":"49.7169991","longitude_centre":"3.2360001","distance_km":14.06},{"id":223,"code_insee":"02315","nom_standard":"Flavy-le-Martel","nom_a":null,"nom_de":null,"slug_ville":"flavy-le-martel","departement_id":602,"code_postal":"02520","population":1661,"superficie_km2":"13.00","latitude_centre":"49.7050018","longitude_centre":"3.1940000","distance_km":14.47},{"id":8592,"code_insee":"80442","nom_standard":"Hombleux","nom_a":null,"nom_de":null,"slug_ville":"hombleux","departement_id":681,"code_postal":"80400","population":1139,"superficie_km2":"13.00","latitude_centre":"49.7430000","longitude_centre":"2.9909999","distance_km":15.62},{"id":233,"code_insee":"02383","nom_standard":"Homblières","nom_a":null,"nom_de":null,"slug_ville":"homblieres","departement_id":602,"code_postal":"02720","population":1433,"superficie_km2":"15.00","latitude_centre":"49.8580017","longitude_centre":"3.3750000","distance_km":15.81},{"id":8572,"code_insee":"80240","nom_standard":"Doingt","nom_a":null,"nom_de":null,"slug_ville":"doingt","departement_id":681,"code_postal":"80200","population":1393,"superficie_km2":"9.00","latitude_centre":"49.9230003","longitude_centre":"2.9630001","distance_km":17.19},{"id":8577,"code_insee":"80271","nom_standard":"Épehy","nom_a":null,"nom_de":null,"slug_ville":"epehy","departement_id":681,"code_postal":"80740","population":1116,"superficie_km2":"17.00","latitude_centre":"50.0060005","longitude_centre":"3.1329999","distance_km":19.32},{"id":8609,"code_insee":"80620","nom_standard":"Péronne","nom_a":null,"nom_de":null,"slug_ville":"peronne","departement_id":681,"code_postal":"80200","population":7291,"superficie_km2":"14.00","latitude_centre":"49.9280014","longitude_centre":"2.9300001","distance_km":19.45},{"id":8605,"code_insee":"80585","nom_standard":"Nesle","nom_a":null,"nom_de":null,"slug_ville":"nesle","departement_id":681,"code_postal":"80190","population":2308,"superficie_km2":"8.00","latitude_centre":"49.7599983","longitude_centre":"2.9100001","distance_km":19.56},{"id":6087,"code_insee":"60291","nom_standard":"Guiscard","nom_a":null,"nom_de":null,"slug_ville":"guiscard","departement_id":661,"code_postal":"60640","population":1776,"superficie_km2":"21.00","latitude_centre":"49.6580010","longitude_centre":"3.0550001","distance_km":20.82}]}