{"ville":{"id":9047,"code_insee":"85103","nom_standard":"Grosbreuil","nom_a":null,"nom_de":null,"slug_ville":"grosbreuil","departement_id":686,"code_postal":"85440","population":2220,"superficie_km2":"37.00","latitude_centre":"46.5390015","longitude_centre":"-1.6070000","dep_code":"85","dep_nom":"Vendée","dep_slug":"vendee","reg_code":"17","reg_nom":"Pays de la Loire","reg_slug":"pays-de-la-loire"},"departement":{"code":"85","nom":"Vendée","slug":"vendee"},"region":{"code":"17","nom":"Pays de la Loire","slug":"pays-de-la-loire"},"villes_proches":[{"id":9045,"code_insee":"85099","nom_standard":"Le Girouard","nom_a":null,"nom_de":null,"slug_ville":"le-girouard","departement_id":686,"code_postal":"85150","population":1124,"superficie_km2":"26.00","latitude_centre":"46.5730019","longitude_centre":"-1.5890000","distance_km":4.02},{"id":9091,"code_insee":"85179","nom_standard":"Poiroux","nom_a":null,"nom_de":null,"slug_ville":"poiroux","departement_id":686,"code_postal":"85440","population":1214,"superficie_km2":"26.00","latitude_centre":"46.5110016","longitude_centre":"-1.5390000","distance_km":6.06},{"id":9109,"code_insee":"85214","nom_standard":"Sainte-Foy","nom_a":null,"nom_de":null,"slug_ville":"sainte-foy","departement_id":686,"code_postal":"85150","population":2465,"superficie_km2":"16.00","latitude_centre":"46.5330010","longitude_centre":"-1.6920000","distance_km":6.54},{"id":9144,"code_insee":"85288","nom_standard":"Talmont-Saint-Hilaire","nom_a":null,"nom_de":null,"slug_ville":"talmont-saint-hilaire","departement_id":686,"code_postal":"85440","population":8161,"superficie_km2":"90.00","latitude_centre":"46.4760017","longitude_centre":"-1.6280000","distance_km":7.19},{"id":9082,"code_insee":"85161","nom_standard":"Nieul-le-Dolent","nom_a":null,"nom_de":null,"slug_ville":"nieul-le-dolent","departement_id":686,"code_postal":"85430","population":2535,"superficie_km2":"28.00","latitude_centre":"46.5680008","longitude_centre":"-1.5160000","distance_km":7.67},{"id":9107,"code_insee":"85211","nom_standard":"Sainte-Flaive-des-Loups","nom_a":null,"nom_de":null,"slug_ville":"sainte-flaive-des-loups","departement_id":686,"code_postal":"85150","population":2522,"superficie_km2":"36.00","latitude_centre":"46.6110001","longitude_centre":"-1.5800000","distance_km":8.27},{"id":9129,"code_insee":"85250","nom_standard":"Saint-Mathurin","nom_a":null,"nom_de":null,"slug_ville":"saint-mathurin","departement_id":686,"code_postal":"85150","population":2390,"superficie_km2":"24.00","latitude_centre":"46.5690002","longitude_centre":"-1.7079999","distance_km":8.41},{"id":9074,"code_insee":"85152","nom_standard":"Les Achards","nom_a":null,"nom_de":null,"slug_ville":"les-achards","departement_id":686,"code_postal":"85150","population":5391,"superficie_km2":"9.00","latitude_centre":"46.6160011","longitude_centre":"-1.6500000","distance_km":9.17},{"id":9102,"code_insee":"85200","nom_standard":"Saint-Avaugourd-des-Landes","nom_a":null,"nom_de":null,"slug_ville":"saint-avaugourd-des-landes","departement_id":686,"code_postal":"85540","population":1121,"superficie_km2":"21.00","latitude_centre":"46.5139999","longitude_centre":"-1.4750000","distance_km":10.47},{"id":8987,"code_insee":"85010","nom_standard":"Avrillé","nom_a":null,"nom_de":null,"slug_ville":"avrille","departement_id":686,"code_postal":"85440","population":1415,"superficie_km2":"26.00","latitude_centre":"46.4739990","longitude_centre":"-1.4950000","distance_km":11.21},{"id":9112,"code_insee":"85218","nom_standard":"Saint-Georges-de-Pointindoux","nom_a":null,"nom_de":null,"slug_ville":"saint-georges-de-pointindoux","departement_id":686,"code_postal":"85150","population":1770,"superficie_km2":"16.00","latitude_centre":"46.6419983","longitude_centre":"-1.6289999","distance_km":11.58},{"id":9002,"code_insee":"85026","nom_standard":"La Boissière-des-Landes","nom_a":null,"nom_de":null,"slug_ville":"la-boissiere-des-landes","departement_id":686,"code_postal":"85430","population":1449,"superficie_km2":"24.00","latitude_centre":"46.5579987","longitude_centre":"-1.4440000","distance_km":12.64},{"id":9054,"code_insee":"85114","nom_standard":"Jard-sur-Mer","nom_a":null,"nom_de":null,"slug_ville":"jard-sur-mer","departement_id":686,"code_postal":"85520","population":2858,"superficie_km2":"17.00","latitude_centre":"46.4249992","longitude_centre":"-1.6000000","distance_km":12.69},{"id":8985,"code_insee":"85008","nom_standard":"Aubigny-Les Clouzeaux","nom_a":null,"nom_de":null,"slug_ville":"aubigny-les-clouzeaux","departement_id":686,"code_postal":"85430","population":7069,"superficie_km2":"26.00","latitude_centre":"46.6030006","longitude_centre":"-1.4670000","distance_km":12.85},{"id":9140,"code_insee":"85278","nom_standard":"Saint-Vincent-sur-Jard","nom_a":null,"nom_de":null,"slug_ville":"saint-vincent-sur-jard","departement_id":686,"code_postal":"85520","population":1463,"superficie_km2":"15.00","latitude_centre":"46.4300003","longitude_centre":"-1.5500000","distance_km":12.88},{"id":9055,"code_insee":"85118","nom_standard":"Landeronde","nom_a":null,"nom_de":null,"slug_ville":"landeronde","departement_id":686,"code_postal":"85150","population":2310,"superficie_km2":"18.00","latitude_centre":"46.6549988","longitude_centre":"-1.5740000","distance_km":13.14},{"id":9152,"code_insee":"85298","nom_standard":"Vairé","nom_a":null,"nom_de":null,"slug_ville":"vaire","departement_id":686,"code_postal":"85150","population":1883,"superficie_km2":"28.00","latitude_centre":"46.6059990","longitude_centre":"-1.7490000","distance_km":13.16},{"id":9052,"code_insee":"85112","nom_standard":"L'Île-d'Olonne","nom_a":null,"nom_de":null,"slug_ville":"l-ile-d-olonne","departement_id":686,"code_postal":"85340","population":2813,"superficie_km2":"20.00","latitude_centre":"46.5699997","longitude_centre":"-1.7740000","distance_km":13.23},{"id":9121,"code_insee":"85236","nom_standard":"Saint-Julien-des-Landes","nom_a":null,"nom_de":null,"slug_ville":"saint-julien-des-landes","departement_id":686,"code_postal":"85150","population":1952,"superficie_km2":"28.00","latitude_centre":"46.6399994","longitude_centre":"-1.7160000","distance_km":13.98},{"id":9078,"code_insee":"85156","nom_standard":"Moutiers-les-Mauxfaits","nom_a":null,"nom_de":null,"slug_ville":"moutiers-les-mauxfaits","departement_id":686,"code_postal":"85540","population":2298,"superficie_km2":"9.00","latitude_centre":"46.4889984","longitude_centre":"-1.4360000","distance_km":14.22}]}