{"ville":{"id":9057,"code_insee":"85120","nom_standard":"Landevieille","nom_a":null,"nom_de":null,"slug_ville":"landevieille","departement_id":686,"code_postal":"85220","population":1503,"superficie_km2":"14.00","latitude_centre":"46.6440010","longitude_centre":"-1.7850000","dep_code":"85","dep_nom":"Vendée","dep_slug":"vendee","reg_code":"17","reg_nom":"Pays de la Loire","reg_slug":"pays-de-la-loire"},"departement":{"code":"85","nom":"Vendée","slug":"vendee"},"region":{"code":"17","nom":"Pays de la Loire","slug":"pays-de-la-loire"},"villes_proches":[{"id":9011,"code_insee":"85045","nom_standard":"La Chaize-Giraud","nom_a":null,"nom_de":null,"slug_ville":"la-chaize-giraud","departement_id":686,"code_postal":"85220","population":1093,"superficie_km2":"3.00","latitude_centre":"46.6479988","longitude_centre":"-1.8190000","distance_km":2.63},{"id":9126,"code_insee":"85243","nom_standard":"Brem-sur-Mer","nom_a":null,"nom_de":null,"slug_ville":"brem-sur-mer","departement_id":686,"code_postal":"85470","population":2872,"superficie_km2":"16.00","latitude_centre":"46.6119995","longitude_centre":"-1.8099999","distance_km":4.04},{"id":8980,"code_insee":"85002","nom_standard":"L'Aiguillon-sur-Vie","nom_a":null,"nom_de":null,"slug_ville":"l-aiguillon-sur-vie","departement_id":686,"code_postal":"85220","population":2137,"superficie_km2":"23.00","latitude_centre":"46.6710014","longitude_centre":"-1.8260000","distance_km":4.34},{"id":9152,"code_insee":"85298","nom_standard":"Vairé","nom_a":null,"nom_de":null,"slug_ville":"vaire","departement_id":686,"code_postal":"85150","population":1883,"superficie_km2":"28.00","latitude_centre":"46.6059990","longitude_centre":"-1.7490000","distance_km":5.04},{"id":9121,"code_insee":"85236","nom_standard":"Saint-Julien-des-Landes","nom_a":null,"nom_de":null,"slug_ville":"saint-julien-des-landes","departement_id":686,"code_postal":"85150","population":1952,"superficie_km2":"28.00","latitude_centre":"46.6399994","longitude_centre":"-1.7160000","distance_km":5.29},{"id":9006,"code_insee":"85035","nom_standard":"Bretignolles-sur-Mer","nom_a":null,"nom_de":null,"slug_ville":"bretignolles-sur-mer","departement_id":686,"code_postal":"85470","population":5112,"superficie_km2":"27.00","latitude_centre":"46.6380005","longitude_centre":"-1.8630000","distance_km":5.99},{"id":9017,"code_insee":"85054","nom_standard":"La Chapelle-Hermier","nom_a":null,"nom_de":null,"slug_ville":"la-chapelle-hermier","departement_id":686,"code_postal":"85220","population":1022,"superficie_km2":"18.00","latitude_centre":"46.6829987","longitude_centre":"-1.7210000","distance_km":6.53},{"id":9024,"code_insee":"85070","nom_standard":"Coëx","nom_a":null,"nom_de":null,"slug_ville":"coex","departement_id":686,"code_postal":"85220","population":3383,"superficie_km2":"40.00","latitude_centre":"46.7080002","longitude_centre":"-1.7580000","distance_km":7.41},{"id":9137,"code_insee":"85268","nom_standard":"Saint-Révérend","nom_a":null,"nom_de":null,"slug_ville":"saint-reverend","departement_id":686,"code_postal":"85220","population":1496,"superficie_km2":"16.00","latitude_centre":"46.7060013","longitude_centre":"-1.8320000","distance_km":7.77},{"id":9052,"code_insee":"85112","nom_standard":"L'Île-d'Olonne","nom_a":null,"nom_de":null,"slug_ville":"l-ile-d-olonne","departement_id":686,"code_postal":"85340","population":2813,"superficie_km2":"20.00","latitude_centre":"46.5699997","longitude_centre":"-1.7740000","distance_km":8.27},{"id":9046,"code_insee":"85100","nom_standard":"Givrand","nom_a":null,"nom_de":null,"slug_ville":"givrand","departement_id":686,"code_postal":"85800","population":2227,"superficie_km2":"12.00","latitude_centre":"46.6819992","longitude_centre":"-1.8789999","distance_km":8.33},{"id":9066,"code_insee":"85138","nom_standard":"Martinet","nom_a":null,"nom_de":null,"slug_ville":"martinet","departement_id":686,"code_postal":"85150","population":1187,"superficie_km2":"18.00","latitude_centre":"46.6619988","longitude_centre":"-1.6770000","distance_km":8.48},{"id":9129,"code_insee":"85250","nom_standard":"Saint-Mathurin","nom_a":null,"nom_de":null,"slug_ville":"saint-mathurin","departement_id":686,"code_postal":"85150","population":2390,"superficie_km2":"24.00","latitude_centre":"46.5690002","longitude_centre":"-1.7079999","distance_km":10.21},{"id":9123,"code_insee":"85239","nom_standard":"Saint-Maixent-sur-Vie","nom_a":null,"nom_de":null,"slug_ville":"saint-maixent-sur-vie","departement_id":686,"code_postal":"85220","population":1161,"superficie_km2":"11.00","latitude_centre":"46.7330017","longitude_centre":"-1.8260000","distance_km":10.38},{"id":9074,"code_insee":"85152","nom_standard":"Les Achards","nom_a":null,"nom_de":null,"slug_ville":"les-achards","departement_id":686,"code_postal":"85150","population":5391,"superficie_km2":"9.00","latitude_centre":"46.6160011","longitude_centre":"-1.6500000","distance_km":10.77},{"id":9035,"code_insee":"85088","nom_standard":"Le Fenouiller","nom_a":null,"nom_de":null,"slug_ville":"le-fenouiller","departement_id":686,"code_postal":"85800","population":4937,"superficie_km2":"18.00","latitude_centre":"46.7159996","longitude_centre":"-1.8920000","distance_km":11.43},{"id":9115,"code_insee":"85222","nom_standard":"Saint-Gilles-Croix-de-Vie","nom_a":null,"nom_de":null,"slug_ville":"saint-gilles-croix-de-vie","departement_id":686,"code_postal":"85800","population":7974,"superficie_km2":"10.00","latitude_centre":"46.6899986","longitude_centre":"-1.9200000","distance_km":11.5},{"id":9112,"code_insee":"85218","nom_standard":"Saint-Georges-de-Pointindoux","nom_a":null,"nom_de":null,"slug_ville":"saint-georges-de-pointindoux","departement_id":686,"code_postal":"85150","population":1770,"superficie_km2":"16.00","latitude_centre":"46.6419983","longitude_centre":"-1.6289999","distance_km":11.91},{"id":8984,"code_insee":"85006","nom_standard":"Apremont","nom_a":null,"nom_de":null,"slug_ville":"apremont","departement_id":686,"code_postal":"85220","population":1948,"superficie_km2":"30.00","latitude_centre":"46.7570000","longitude_centre":"-1.7480000","distance_km":12.88},{"id":8993,"code_insee":"85016","nom_standard":"Beaulieu-sous-la-Roche","nom_a":null,"nom_de":null,"slug_ville":"beaulieu-sous-la-roche","departement_id":686,"code_postal":"85190","population":2316,"superficie_km2":"26.00","latitude_centre":"46.6870003","longitude_centre":"-1.6240000","distance_km":13.18}]}