{"ville":{"id":8931,"code_insee":"84064","nom_standard":"Lapalud","nom_a":null,"nom_de":null,"slug_ville":"lapalud","departement_id":685,"code_postal":"84840","population":3836,"superficie_km2":"18.00","latitude_centre":"44.3059998","longitude_centre":"4.6799998","dep_code":"84","dep_nom":"Vaucluse","dep_slug":"vaucluse","reg_code":"18","reg_nom":"Provence-Alpes-Côte d'Azur","reg_slug":"provence-alpes-cote-d-azur"},"departement":{"code":"84","nom":"Vaucluse","slug":"vaucluse"},"region":{"code":"18","nom":"Provence-Alpes-Côte d'Azur","slug":"provence-alpes-cote-d-azur"},"villes_proches":[{"id":537,"code_insee":"07259","nom_standard":"Saint-Just-d'Ardèche","nom_a":null,"nom_de":null,"slug_ville":"saint-just-d-ardeche","departement_id":607,"code_postal":"07700","population":1646,"superficie_km2":"10.00","latitude_centre":"44.2929993","longitude_centre":"4.6240001","distance_km":4.69},{"id":8904,"code_insee":"84019","nom_standard":"Bollène","nom_a":null,"nom_de":null,"slug_ville":"bollene","departement_id":685,"code_postal":"84500","population":13605,"superficie_km2":"54.00","latitude_centre":"44.2879982","longitude_centre":"4.7519999","distance_km":6.07},{"id":1954,"code_insee":"26235","nom_standard":"Pierrelatte","nom_a":null,"nom_de":null,"slug_ville":"pierrelatte","departement_id":627,"code_postal":"26700","population":13799,"superficie_km2":"49.00","latitude_centre":"44.3610001","longitude_centre":"4.6869998","distance_km":6.14},{"id":539,"code_insee":"07264","nom_standard":"Saint-Marcel-d'Ardèche","nom_a":null,"nom_de":null,"slug_ville":"saint-marcel-d-ardeche","departement_id":607,"code_postal":"07700","population":2368,"superficie_km2":"36.00","latitude_centre":"44.3300018","longitude_centre":"4.6069999","distance_km":6.39},{"id":2525,"code_insee":"30202","nom_standard":"Pont-Saint-Esprit","nom_a":null,"nom_de":null,"slug_ville":"pont-saint-esprit","departement_id":631,"code_postal":"30130","population":10600,"superficie_km2":"19.00","latitude_centre":"44.2529984","longitude_centre":"4.6389999","distance_km":6.74},{"id":1970,"code_insee":"26324","nom_standard":"Saint-Paul-Trois-Châteaux","nom_a":null,"nom_de":null,"slug_ville":"saint-paul-trois-chateaux","departement_id":627,"code_postal":"26130","population":8758,"superficie_km2":"22.00","latitude_centre":"44.3479996","longitude_centre":"4.7570000","distance_km":7.7},{"id":8941,"code_insee":"84078","nom_standard":"Mondragon","nom_a":null,"nom_de":null,"slug_ville":"mondragon","departement_id":685,"code_postal":"84430","population":3679,"superficie_km2":"41.00","latitude_centre":"44.2430000","longitude_centre":"4.7249999","distance_km":7.87},{"id":2559,"code_insee":"30290","nom_standard":"Saint-Paulet-de-Caisson","nom_a":null,"nom_de":null,"slug_ville":"saint-paulet-de-caisson","departement_id":631,"code_postal":"30130","population":1858,"superficie_km2":"17.00","latitude_centre":"44.2610016","longitude_centre":"4.5869999","distance_km":8.94},{"id":2552,"code_insee":"30273","nom_standard":"Saint-Julien-de-Peyrolas","nom_a":null,"nom_de":null,"slug_ville":"saint-julien-de-peyrolas","departement_id":631,"code_postal":"30760","population":1470,"superficie_km2":"13.00","latitude_centre":"44.2830010","longitude_centre":"4.5689998","distance_km":9.2},{"id":1972,"code_insee":"26326","nom_standard":"Saint-Restitut","nom_a":null,"nom_de":null,"slug_ville":"saint-restitut","departement_id":627,"code_postal":"26130","population":1467,"superficie_km2":"14.00","latitude_centre":"44.3269997","longitude_centre":"4.7960000","distance_km":9.52},{"id":2536,"code_insee":"30226","nom_standard":"Saint-Alexandre","nom_a":null,"nom_de":null,"slug_ville":"saint-alexandre","departement_id":631,"code_postal":"30130","population":1247,"superficie_km2":"13.00","latitude_centre":"44.2239990","longitude_centre":"4.6320000","distance_km":9.89},{"id":487,"code_insee":"07042","nom_standard":"Bourg-Saint-Andéol","nom_a":null,"nom_de":null,"slug_ville":"bourg-saint-andeol","departement_id":607,"code_postal":"07700","population":7352,"superficie_km2":"43.00","latitude_centre":"44.3829994","longitude_centre":"4.6139998","distance_km":10.04},{"id":1922,"code_insee":"26138","nom_standard":"La Garde-Adhémar","nom_a":null,"nom_de":null,"slug_ville":"la-garde-adhemar","departement_id":627,"code_postal":"26700","population":1136,"superficie_km2":"28.00","latitude_centre":"44.3909988","longitude_centre":"4.7500000","distance_km":10.97},{"id":2580,"code_insee":"30342","nom_standard":"Vénéjan","nom_a":null,"nom_de":null,"slug_ville":"venejan","departement_id":631,"code_postal":"30200","population":1264,"superficie_km2":"19.00","latitude_centre":"44.1980019","longitude_centre":"4.6680002","distance_km":12.05},{"id":8945,"code_insee":"84083","nom_standard":"Mornas","nom_a":null,"nom_de":null,"slug_ville":"mornas","departement_id":685,"code_postal":"84550","population":2492,"superficie_km2":"26.00","latitude_centre":"44.2039986","longitude_centre":"4.7399998","distance_km":12.31},{"id":2558,"code_insee":"30288","nom_standard":"Saint-Nazaire","nom_a":null,"nom_de":null,"slug_ville":"saint-nazaire","departement_id":631,"code_postal":"30200","population":1281,"superficie_km2":"7.00","latitude_centre":"44.2000008","longitude_centre":"4.6220002","distance_km":12.66},{"id":1979,"code_insee":"26345","nom_standard":"Suze-la-Rousse","nom_a":null,"nom_de":null,"slug_ville":"suze-la-rousse","departement_id":627,"code_postal":"26790","population":2096,"superficie_km2":"30.00","latitude_centre":"44.2929993","longitude_centre":"4.8439999","distance_km":13.13},{"id":1959,"code_insee":"26275","nom_standard":"Rochegude","nom_a":null,"nom_de":null,"slug_ville":"rochegude","departement_id":627,"code_postal":"26790","population":1667,"superficie_km2":"18.00","latitude_centre":"44.2560005","longitude_centre":"4.8369999","distance_km":13.68},{"id":8968,"code_insee":"84135","nom_standard":"Uchaux","nom_a":null,"nom_de":null,"slug_ville":"uchaux","departement_id":685,"code_postal":"84100","population":1688,"superficie_km2":"19.00","latitude_centre":"44.2159996","longitude_centre":"4.8020000","distance_km":13.95},{"id":1916,"code_insee":"26116","nom_standard":"Donzère","nom_a":null,"nom_de":null,"slug_ville":"donzere","departement_id":627,"code_postal":"26290","population":5952,"superficie_km2":"32.00","latitude_centre":"44.4319992","longitude_centre":"4.7090001","distance_km":14.2}]}