{"ville":{"id":7258,"code_insee":"69110","nom_standard":"Larajasse","nom_a":null,"nom_de":null,"slug_ville":"larajasse","departement_id":670,"code_postal":"69590","population":1834,"superficie_km2":"34.00","latitude_centre":"45.6080017","longitude_centre":"4.5149999","dep_code":"69","dep_nom":"Rhône","dep_slug":"rhone","reg_code":"01","reg_nom":"Auvergne-Rhône-Alpes","reg_slug":"auvergne-rhone-alpes"},"departement":{"code":"69","nom":"Rhône","slug":"rhone"},"region":{"code":"01","nom":"Auvergne-Rhône-Alpes","slug":"auvergne-rhone-alpes"},"villes_proches":[{"id":4184,"code_insee":"42283","nom_standard":"Saint-Romain-en-Jarez","nom_a":null,"nom_de":null,"slug_ville":"saint-romain-en-jarez","departement_id":643,"code_postal":"42800","population":1211,"superficie_km2":"17.00","latitude_centre":"45.5649986","longitude_centre":"4.5419998","distance_km":5.22},{"id":7322,"code_insee":"69238","nom_standard":"Saint-Symphorien-sur-Coise","nom_a":null,"nom_de":null,"slug_ville":"saint-symphorien-sur-coise","departement_id":670,"code_postal":"69590","population":3712,"superficie_km2":"4.00","latitude_centre":"45.6310005","longitude_centre":"4.4499998","distance_km":5.67},{"id":7316,"code_insee":"69227","nom_standard":"Saint-Martin-en-Haut","nom_a":null,"nom_de":null,"slug_ville":"saint-martin-en-haut","departement_id":670,"code_postal":"69850","population":3891,"superficie_km2":"39.00","latitude_centre":"45.6580010","longitude_centre":"4.5580001","distance_km":6.49},{"id":7282,"code_insee":"69155","nom_standard":"Pomeys","nom_a":null,"nom_de":null,"slug_ville":"pomeys","departement_id":670,"code_postal":"69590","population":1132,"superficie_km2":"13.00","latitude_centre":"45.6459999","longitude_centre":"4.4460001","distance_km":6.83},{"id":7198,"code_insee":"69014","nom_standard":"Aveize","nom_a":null,"nom_de":null,"slug_ville":"aveize","departement_id":670,"code_postal":"69610","population":1115,"superficie_km2":"17.00","latitude_centre":"45.6790009","longitude_centre":"4.4759998","distance_km":8.46},{"id":4094,"code_insee":"42062","nom_standard":"Chevrières","nom_a":null,"nom_de":null,"slug_ville":"chevrieres","departement_id":643,"code_postal":"42140","population":1160,"superficie_km2":"15.00","latitude_centre":"45.5900002","longitude_centre":"4.4080000","distance_km":8.56},{"id":4176,"code_insee":"42259","nom_standard":"Saint-Martin-la-Plaine","nom_a":null,"nom_de":null,"slug_ville":"saint-martin-la-plaine","departement_id":643,"code_postal":"42800","population":3784,"superficie_km2":"10.00","latitude_centre":"45.5519981","longitude_centre":"4.5910001","distance_km":8.59},{"id":4153,"code_insee":"42208","nom_standard":"Saint-Christo-en-Jarez","nom_a":null,"nom_de":null,"slug_ville":"saint-christo-en-jarez","departement_id":643,"code_postal":"42320","population":1896,"superficie_km2":"22.00","latitude_centre":"45.5359993","longitude_centre":"4.4670000","distance_km":8.84},{"id":4163,"code_insee":"42225","nom_standard":"Genilac","nom_a":null,"nom_de":null,"slug_ville":"genilac","departement_id":643,"code_postal":"42800","population":3843,"superficie_km2":"9.00","latitude_centre":"45.5349999","longitude_centre":"4.5730000","distance_km":9.29},{"id":7291,"code_insee":"69170","nom_standard":"Rontalon","nom_a":null,"nom_de":null,"slug_ville":"rontalon","departement_id":670,"code_postal":"69510","population":1164,"superficie_km2":"13.00","latitude_centre":"45.6570015","longitude_centre":"4.6180000","distance_km":9.69},{"id":4084,"code_insee":"42032","nom_standard":"Cellieu","nom_a":null,"nom_de":null,"slug_ville":"cellieu","departement_id":643,"code_postal":"42320","population":1706,"superficie_km2":"12.00","latitude_centre":"45.5209999","longitude_centre":"4.5300002","distance_km":9.74},{"id":7220,"code_insee":"69051","nom_standard":"Chaussan","nom_a":null,"nom_de":null,"slug_ville":"chaussan","departement_id":670,"code_postal":"69440","population":1208,"superficie_km2":"8.00","latitude_centre":"45.6380005","longitude_centre":"4.6339998","distance_km":9.84},{"id":4170,"code_insee":"42242","nom_standard":"Saint-Joseph","nom_a":null,"nom_de":null,"slug_ville":"saint-joseph","departement_id":643,"code_postal":"42800","population":1972,"superficie_km2":"8.00","latitude_centre":"45.5550003","longitude_centre":"4.6190000","distance_km":10.01},{"id":7317,"code_insee":"69228","nom_standard":"Chabanière","nom_a":null,"nom_de":null,"slug_ville":"chabaniere","departement_id":670,"code_postal":"69440","population":4249,"superficie_km2":"16.00","latitude_centre":"45.5779991","longitude_centre":"4.6409998","distance_km":10.36},{"id":4093,"code_insee":"42059","nom_standard":"Chazelles-sur-Lyon","nom_a":null,"nom_de":null,"slug_ville":"chazelles-sur-lyon","departement_id":643,"code_postal":"42140","population":5472,"superficie_km2":"21.00","latitude_centre":"45.6290016","longitude_centre":"4.3740001","distance_km":11.21},{"id":7305,"code_insee":"69201","nom_standard":"Sainte-Foy-l'Argentière","nom_a":null,"nom_de":null,"slug_ville":"sainte-foy-l-argentiere","departement_id":670,"code_postal":"69610","population":1291,"superficie_km2":"2.00","latitude_centre":"45.7050018","longitude_centre":"4.4699998","distance_km":11.34},{"id":4073,"code_insee":"42010","nom_standard":"Aveizieux","nom_a":null,"nom_de":null,"slug_ville":"aveizieux","departement_id":643,"code_postal":"42330","population":1686,"superficie_km2":"9.00","latitude_centre":"45.5690002","longitude_centre":"4.3790002","distance_km":11.44},{"id":4114,"code_insee":"42123","nom_standard":"Lorette","nom_a":null,"nom_de":null,"slug_ville":"lorette","departement_id":643,"code_postal":"42420","population":4817,"superficie_km2":"3.00","latitude_centre":"45.5110016","longitude_centre":"4.5809999","distance_km":11.95},{"id":4143,"code_insee":"42186","nom_standard":"Rive-de-Gier","nom_a":null,"nom_de":null,"slug_ville":"rive-de-gier","departement_id":643,"code_postal":"42800","population":15214,"superficie_km2":"7.00","latitude_centre":"45.5229988","longitude_centre":"4.6100001","distance_km":12},{"id":4108,"code_insee":"42103","nom_standard":"La Grand-Croix","nom_a":null,"nom_de":null,"slug_ville":"la-grand-croix","departement_id":643,"code_postal":"42320","population":5026,"superficie_km2":"4.00","latitude_centre":"45.5040016","longitude_centre":"4.5590000","distance_km":12.06}]}