{"ville":{"id":4217,"code_insee":"43051","nom_standard":"Le Chambon-sur-Lignon","nom_a":null,"nom_de":null,"slug_ville":"le-chambon-sur-lignon","departement_id":644,"code_postal":"43400","population":2400,"superficie_km2":"42.00","latitude_centre":"45.0519981","longitude_centre":"4.3200002","dep_code":"43","dep_nom":"Haute-Loire","dep_slug":"haute-loire","reg_code":"01","reg_nom":"Auvergne-Rhône-Alpes","reg_slug":"auvergne-rhone-alpes"},"departement":{"code":"43","nom":"Haute-Loire","slug":"haute-loire"},"region":{"code":"01","nom":"Auvergne-Rhône-Alpes","slug":"auvergne-rhone-alpes"},"villes_proches":[{"id":4230,"code_insee":"43130","nom_standard":"Mazet-Saint-Voy","nom_a":null,"nom_de":null,"slug_ville":"mazet-saint-voy","departement_id":644,"code_postal":"43520","population":1112,"superficie_km2":"45.00","latitude_centre":"45.0439987","longitude_centre":"4.2399998","distance_km":6.35},{"id":4259,"code_insee":"43244","nom_standard":"Tence","nom_a":null,"nom_de":null,"slug_ville":"tence","departement_id":644,"code_postal":"43190","population":3123,"superficie_km2":"52.00","latitude_centre":"45.1129990","longitude_centre":"4.3000002","distance_km":6.96},{"id":527,"code_insee":"07204","nom_standard":"Saint-Agrève","nom_a":null,"nom_de":null,"slug_ville":"saint-agreve","departement_id":607,"code_postal":"07320","population":2325,"superficie_km2":"48.00","latitude_centre":"45.0050011","longitude_centre":"4.4130001","distance_km":8.98},{"id":541,"code_insee":"07269","nom_standard":"Saint-Martin-de-Valamas","nom_a":null,"nom_de":null,"slug_ville":"saint-martin-de-valamas","departement_id":607,"code_postal":"07310","population":1092,"superficie_km2":"20.00","latitude_centre":"44.9370003","longitude_centre":"4.3709998","distance_km":13.4},{"id":4234,"code_insee":"43141","nom_standard":"Montfaucon-en-Velay","nom_a":null,"nom_de":null,"slug_ville":"montfaucon-en-velay","departement_id":644,"code_postal":"43290","population":1143,"superficie_km2":"5.00","latitude_centre":"45.1839981","longitude_centre":"4.3230000","distance_km":14.68},{"id":496,"code_insee":"07079","nom_standard":"Désaignes","nom_a":null,"nom_de":null,"slug_ville":"desaignes","departement_id":607,"code_postal":"07570","population":1151,"superficie_km2":"51.00","latitude_centre":"44.9920006","longitude_centre":"4.5009999","distance_km":15.71},{"id":4227,"code_insee":"43114","nom_standard":"Lapte","nom_a":null,"nom_de":null,"slug_ville":"lapte","departement_id":644,"code_postal":"43200","population":1740,"superficie_km2":"31.00","latitude_centre":"45.1800003","longitude_centre":"4.2350001","distance_km":15.72},{"id":4265,"code_insee":"43268","nom_standard":"Yssingeaux","nom_a":null,"nom_de":null,"slug_ville":"yssingeaux","departement_id":644,"code_postal":"43200","population":7345,"superficie_km2":"81.00","latitude_centre":"45.1389999","longitude_centre":"4.1310000","distance_km":17.71},{"id":490,"code_insee":"07064","nom_standard":"Le Cheylard","nom_a":null,"nom_de":null,"slug_ville":"le-cheylard","departement_id":607,"code_postal":"07160","population":2825,"superficie_km2":"14.00","latitude_centre":"44.9080010","longitude_centre":"4.4210000","distance_km":17.87},{"id":4222,"code_insee":"43087","nom_standard":"Dunières","nom_a":null,"nom_de":null,"slug_ville":"dunieres","departement_id":644,"code_postal":"43220","population":2631,"superficie_km2":"35.00","latitude_centre":"45.2150002","longitude_centre":"4.3460002","distance_km":18.24},{"id":4224,"code_insee":"43102","nom_standard":"Grazac","nom_a":null,"nom_de":null,"slug_ville":"grazac","departement_id":644,"code_postal":"43200","population":1122,"superficie_km2":"22.00","latitude_centre":"45.1920013","longitude_centre":"4.1840000","distance_km":18.87},{"id":4245,"code_insee":"43200","nom_standard":"Saint-Julien-Chapteuil","nom_a":null,"nom_de":null,"slug_ville":"saint-julien-chapteuil","departement_id":644,"code_postal":"43260","population":2017,"superficie_km2":"29.00","latitude_centre":"45.0299988","longitude_centre":"4.0799999","distance_km":19.01},{"id":4249,"code_insee":"43213","nom_standard":"Saint-Pal-de-Mons","nom_a":null,"nom_de":null,"slug_ville":"saint-pal-de-mons","departement_id":644,"code_postal":"43620","population":2291,"superficie_km2":"27.00","latitude_centre":"45.2420006","longitude_centre":"4.2830000","distance_km":21.33},{"id":4239,"code_insee":"43163","nom_standard":"Riotord","nom_a":null,"nom_de":null,"slug_ville":"riotord","departement_id":644,"code_postal":"43220","population":1184,"superficie_km2":"52.00","latitude_centre":"45.2350006","longitude_centre":"4.4219999","distance_km":21.86},{"id":508,"code_insee":"07129","nom_standard":"Lamastre","nom_a":null,"nom_de":null,"slug_ville":"lamastre","departement_id":607,"code_postal":"07270","population":2342,"superficie_km2":"26.00","latitude_centre":"44.9819984","longitude_centre":"4.5910001","distance_km":22.68},{"id":4253,"code_insee":"43224","nom_standard":"Sainte-Sigolène","nom_a":null,"nom_de":null,"slug_ville":"sainte-sigolene","departement_id":644,"code_postal":"43600","population":6023,"superficie_km2":"31.00","latitude_centre":"45.2470017","longitude_centre":"4.2280002","distance_km":22.85},{"id":533,"code_insee":"07236","nom_standard":"Saint-Félicien","nom_a":null,"nom_de":null,"slug_ville":"saint-felicien","departement_id":607,"code_postal":"07410","population":1119,"superficie_km2":"22.00","latitude_centre":"45.0769997","longitude_centre":"4.6100001","distance_km":22.95},{"id":4251,"code_insee":"43218","nom_standard":"Saint-Pierre-Eynac","nom_a":null,"nom_de":null,"slug_ville":"saint-pierre-eynac","departement_id":644,"code_postal":"43260","population":1213,"superficie_km2":"24.00","latitude_centre":"45.0470009","longitude_centre":"4.0270000","distance_km":23.02},{"id":4228,"code_insee":"43115","nom_standard":"Laussonne","nom_a":null,"nom_de":null,"slug_ville":"laussonne","departement_id":644,"code_postal":"43150","population":1017,"superficie_km2":"25.00","latitude_centre":"44.9669991","longitude_centre":"4.0520000","distance_km":23.09},{"id":550,"code_insee":"07309","nom_standard":"Satillieu","nom_a":null,"nom_de":null,"slug_ville":"satillieu","departement_id":607,"code_postal":"07290","population":1500,"superficie_km2":"33.00","latitude_centre":"45.1419983","longitude_centre":"4.5879998","distance_km":23.3}]}