{"ville":{"id":9064,"code_insee":"85131","nom_standard":"Les Magnils-Reigniers","nom_a":null,"nom_de":null,"slug_ville":"les-magnils-reigniers","departement_id":686,"code_postal":"85400","population":1471,"superficie_km2":"18.00","latitude_centre":"46.4640007","longitude_centre":"-1.2110000","dep_code":"85","dep_nom":"Vendée","dep_slug":"vendee","reg_code":"17","reg_nom":"Pays de la Loire","reg_slug":"pays-de-la-loire"},"departement":{"code":"85","nom":"Vendée","slug":"vendee"},"region":{"code":"17","nom":"Pays de la Loire","slug":"pays-de-la-loire"},"villes_proches":[{"id":9061,"code_insee":"85128","nom_standard":"Luçon","nom_a":null,"nom_de":null,"slug_ville":"lucon","departement_id":686,"code_postal":"85400","population":9483,"superficie_km2":"31.00","latitude_centre":"46.4510002","longitude_centre":"-1.1640000","distance_km":3.88},{"id":9027,"code_insee":"85073","nom_standard":"Corpe","nom_a":null,"nom_de":null,"slug_ville":"corpe","departement_id":686,"code_postal":"85320","population":1010,"superficie_km2":"17.00","latitude_centre":"46.5050011","longitude_centre":"-1.1700000","distance_km":5.54},{"id":9111,"code_insee":"85216","nom_standard":"Sainte-Gemme-la-Plaine","nom_a":null,"nom_de":null,"slug_ville":"sainte-gemme-la-plaine","departement_id":686,"code_postal":"85400","population":2063,"superficie_km2":"36.00","latitude_centre":"46.4729996","longitude_centre":"-1.1109999","distance_km":7.72},{"id":9065,"code_insee":"85135","nom_standard":"Mareuil-sur-Lay-Dissais","nom_a":null,"nom_de":null,"slug_ville":"mareuil-sur-lay-dissais","departement_id":686,"code_postal":"85320","population":2773,"superficie_km2":"26.00","latitude_centre":"46.5340004","longitude_centre":"-1.2270000","distance_km":7.88},{"id":9151,"code_insee":"85297","nom_standard":"Triaize","nom_a":null,"nom_de":null,"slug_ville":"triaize","departement_id":686,"code_postal":"85580","population":1036,"superficie_km2":"57.00","latitude_centre":"46.3790016","longitude_centre":"-1.1990000","distance_km":9.5},{"id":9015,"code_insee":"85050","nom_standard":"Le Champ-Saint-Père","nom_a":null,"nom_de":null,"slug_ville":"le-champ-saint-pere","departement_id":686,"code_postal":"85540","population":1947,"superficie_km2":"25.00","latitude_centre":"46.5159988","longitude_centre":"-1.3400000","distance_km":11.44},{"id":9014,"code_insee":"85049","nom_standard":"Champagné-les-Marais","nom_a":null,"nom_de":null,"slug_ville":"champagne-les-marais","departement_id":686,"code_postal":"85450","population":1806,"superficie_km2":"50.00","latitude_centre":"46.3740006","longitude_centre":"-1.1339999","distance_km":11.62},{"id":9020,"code_insee":"85061","nom_standard":"Château-Guibert","nom_a":null,"nom_de":null,"slug_ville":"chateau-guibert","departement_id":686,"code_postal":"85320","population":1515,"superficie_km2":"35.00","latitude_centre":"46.5740013","longitude_centre":"-1.2550000","distance_km":12.69},{"id":9080,"code_insee":"85159","nom_standard":"Nalliers","nom_a":null,"nom_de":null,"slug_ville":"nalliers","departement_id":686,"code_postal":"85370","population":2353,"superficie_km2":"33.00","latitude_centre":"46.4659996","longitude_centre":"-1.0400000","distance_km":13.1},{"id":9139,"code_insee":"85277","nom_standard":"Saint-Vincent-sur-Graon","nom_a":null,"nom_de":null,"slug_ville":"saint-vincent-sur-graon","departement_id":686,"code_postal":"85540","population":1570,"superficie_km2":"49.00","latitude_centre":"46.5040016","longitude_centre":"-1.3830000","distance_km":13.9},{"id":9131,"code_insee":"85255","nom_standard":"Saint-Michel-en-l'Herm","nom_a":null,"nom_de":null,"slug_ville":"saint-michel-en-l-herm","departement_id":686,"code_postal":"85580","population":2329,"superficie_km2":"58.00","latitude_centre":"46.3370018","longitude_centre":"-1.2480000","distance_km":14.4},{"id":9116,"code_insee":"85223","nom_standard":"Sainte-Hermine","nom_a":null,"nom_de":null,"slug_ville":"sainte-hermine","departement_id":686,"code_postal":"85210","population":2951,"superficie_km2":"35.00","latitude_centre":"46.5569992","longitude_centre":"-1.0720000","distance_km":14.84},{"id":8982,"code_insee":"85004","nom_standard":"Angles","nom_a":null,"nom_de":null,"slug_ville":"angles","departement_id":686,"code_postal":"85750","population":2926,"superficie_km2":"33.00","latitude_centre":"46.3870010","longitude_centre":"-1.4000000","distance_km":16.83},{"id":9146,"code_insee":"85291","nom_standard":"Thorigny","nom_a":null,"nom_de":null,"slug_ville":"thorigny","departement_id":686,"code_postal":"85480","population":1253,"superficie_km2":"32.00","latitude_centre":"46.6180000","longitude_centre":"-1.2490000","distance_km":17.37},{"id":9079,"code_insee":"85158","nom_standard":"Mouzeuil-Saint-Martin","nom_a":null,"nom_de":null,"slug_ville":"mouzeuil-saint-martin","departement_id":686,"code_postal":"85370","population":1188,"superficie_km2":"26.00","latitude_centre":"46.4589996","longitude_centre":"-0.9840000","distance_km":17.4},{"id":9078,"code_insee":"85156","nom_standard":"Moutiers-les-Mauxfaits","nom_a":null,"nom_de":null,"slug_ville":"moutiers-les-mauxfaits","departement_id":686,"code_postal":"85540","population":2298,"superficie_km2":"9.00","latitude_centre":"46.4889984","longitude_centre":"-1.4360000","distance_km":17.45},{"id":8999,"code_insee":"85022","nom_standard":"Le Bernard","nom_a":null,"nom_de":null,"slug_ville":"le-bernard","departement_id":686,"code_postal":"85560","population":1293,"superficie_km2":"28.00","latitude_centre":"46.4480019","longitude_centre":"-1.4400001","distance_km":17.63},{"id":9010,"code_insee":"85042","nom_standard":"Chaillé-les-Marais","nom_a":null,"nom_de":null,"slug_ville":"chaille-les-marais","departement_id":686,"code_postal":"85450","population":1893,"superficie_km2":"40.00","latitude_centre":"46.3849983","longitude_centre":"-1.0100000","distance_km":17.73},{"id":8979,"code_insee":"85001","nom_standard":"L'Aiguillon-la-Presqu'île","nom_a":null,"nom_de":null,"slug_ville":"l-aiguillon-la-presqu-ile","departement_id":686,"code_postal":"85460","population":2772,"superficie_km2":"10.00","latitude_centre":"46.3040009","longitude_centre":"-1.2620000","distance_km":18.22},{"id":9108,"code_insee":"85213","nom_standard":"Rives de l'Yon","nom_a":null,"nom_de":null,"slug_ville":"rives-de-l-yon","departement_id":686,"code_postal":"85310","population":4245,"superficie_km2":"37.00","latitude_centre":"46.6059990","longitude_centre":"-1.3350000","distance_km":18.42}]}