{"ville":{"id":86,"code_insee":"01235","nom_standard":"Marlieux","nom_a":null,"nom_de":null,"slug_ville":"marlieux","departement_id":601,"code_postal":"01240","population":1182,"superficie_km2":"17.00","latitude_centre":"46.0550003","longitude_centre":"5.0739999","dep_code":"01","dep_nom":"Ain","dep_slug":"ain","reg_code":"01","reg_nom":"Auvergne-Rhône-Alpes","reg_slug":"auvergne-rhone-alpes"},"departement":{"code":"01","nom":"Ain","slug":"ain"},"region":{"code":"01","nom":"Auvergne-Rhône-Alpes","slug":"auvergne-rhone-alpes"},"villes_proches":[{"id":151,"code_insee":"01383","nom_standard":"Saint-Paul-de-Varax","nom_a":null,"nom_de":null,"slug_ville":"saint-paul-de-varax","departement_id":601,"code_postal":"01240","population":1641,"superficie_km2":"26.00","latitude_centre":"46.0960007","longitude_centre":"5.1279998","distance_km":6.18},{"id":174,"code_insee":"01443","nom_standard":"Villars-les-Dombes","nom_a":null,"nom_de":null,"slug_ville":"villars-les-dombes","departement_id":601,"code_postal":"01330","population":4954,"superficie_km2":"25.00","latitude_centre":"45.9930000","longitude_centre":"5.0450001","distance_km":7.25},{"id":31,"code_insee":"01074","nom_standard":"Chalamont","nom_a":null,"nom_de":null,"slug_ville":"chalamont","departement_id":601,"code_postal":"01320","population":2559,"superficie_km2":"33.00","latitude_centre":"46.0079994","longitude_centre":"5.1690001","distance_km":9.01},{"id":54,"code_insee":"01145","nom_standard":"Dompierre-sur-Veyle","nom_a":null,"nom_de":null,"slug_ville":"dompierre-sur-veyle","departement_id":601,"code_postal":"01240","population":1207,"superficie_km2":"29.00","latitude_centre":"46.0670013","longitude_centre":"5.2170000","distance_km":11.11},{"id":127,"code_insee":"01336","nom_standard":"Saint-André-sur-Vieux-Jonc","nom_a":null,"nom_de":null,"slug_ville":"saint-andre-sur-vieux-jonc","departement_id":601,"code_postal":"01960","population":1211,"superficie_km2":"25.00","latitude_centre":"46.1489983","longitude_centre":"5.1420002","distance_km":11.69},{"id":37,"code_insee":"01093","nom_standard":"Châtillon-sur-Chalaronne","nom_a":null,"nom_de":null,"slug_ville":"chatillon-sur-chalaronne","departement_id":601,"code_postal":"01400","population":5059,"superficie_km2":"18.00","latitude_centre":"46.1230011","longitude_centre":"4.9580002","distance_km":11.71},{"id":80,"code_insee":"01211","nom_standard":"Lent","nom_a":null,"nom_de":null,"slug_ville":"lent","departement_id":601,"code_postal":"01240","population":1408,"superficie_km2":"32.00","latitude_centre":"46.1160011","longitude_centre":"5.2020001","distance_km":11.98},{"id":161,"code_insee":"01405","nom_standard":"Servas","nom_a":null,"nom_de":null,"slug_ville":"servas","departement_id":601,"code_postal":"01960","population":1270,"superficie_km2":"13.00","latitude_centre":"46.1389999","longitude_centre":"5.1789999","distance_km":12.36},{"id":105,"code_insee":"01272","nom_standard":"Neuville-les-Dames","nom_a":null,"nom_de":null,"slug_ville":"neuville-les-dames","departement_id":601,"code_postal":"01400","population":1515,"superficie_km2":"26.00","latitude_centre":"46.1570015","longitude_centre":"5.0089998","distance_km":12.4},{"id":155,"code_insee":"01389","nom_standard":"Saint-Trivier-sur-Moignans","nom_a":null,"nom_de":null,"slug_ville":"saint-trivier-sur-moignans","departement_id":601,"code_postal":"01990","population":1857,"superficie_km2":"42.00","latitude_centre":"46.0620003","longitude_centre":"4.9020000","distance_km":13.29},{"id":146,"code_insee":"01371","nom_standard":"Saint-Marcel","nom_a":null,"nom_de":null,"slug_ville":"saint-marcel","departement_id":601,"code_postal":"01390","population":1261,"superficie_km2":"12.00","latitude_centre":"45.9490013","longitude_centre":"4.9899998","distance_km":13.45},{"id":125,"code_insee":"01325","nom_standard":"Rignieux-le-Franc","nom_a":null,"nom_de":null,"slug_ville":"rignieux-le-franc","departement_id":601,"code_postal":"01800","population":1098,"superficie_km2":"15.00","latitude_centre":"45.9519997","longitude_centre":"5.1690001","distance_km":13.6},{"id":6,"code_insee":"01005","nom_standard":"Ambérieux-en-Dombes","nom_a":null,"nom_de":null,"slug_ville":"amberieux-en-dombes","departement_id":601,"code_postal":"01330","population":1897,"superficie_km2":"16.00","latitude_centre":"45.9959984","longitude_centre":"4.9120002","distance_km":14.12},{"id":101,"code_insee":"01264","nom_standard":"Montracol","nom_a":null,"nom_de":null,"slug_ville":"montracol","departement_id":601,"code_postal":"01310","population":1008,"superficie_km2":"15.00","latitude_centre":"46.1870003","longitude_centre":"5.1170001","distance_km":15.05},{"id":36,"code_insee":"01092","nom_standard":"Châtillon-la-Palud","nom_a":null,"nom_de":null,"slug_ville":"chatillon-la-palud","departement_id":601,"code_postal":"01320","population":1649,"superficie_km2":"14.00","latitude_centre":"45.9749985","longitude_centre":"5.2420001","distance_km":15.73},{"id":38,"code_insee":"01096","nom_standard":"Chaveyriat","nom_a":null,"nom_de":null,"slug_ville":"chaveyriat","departement_id":601,"code_postal":"01660","population":1036,"superficie_km2":"17.00","latitude_centre":"46.1990013","longitude_centre":"5.0560002","distance_km":16.07},{"id":121,"code_insee":"01314","nom_standard":"Priay","nom_a":null,"nom_de":null,"slug_ville":"priay","departement_id":601,"code_postal":"01160","population":1764,"superficie_km2":"16.00","latitude_centre":"46.0200005","longitude_centre":"5.2849998","distance_km":16.75},{"id":28,"code_insee":"01069","nom_standard":"Certines","nom_a":null,"nom_de":null,"slug_ville":"certines","departement_id":601,"code_postal":"01240","population":1505,"superficie_km2":"16.00","latitude_centre":"46.1339989","longitude_centre":"5.2620001","distance_km":16.95},{"id":126,"code_insee":"01333","nom_standard":"Saint-André-de-Corcy","nom_a":null,"nom_de":null,"slug_ville":"saint-andre-de-corcy","departement_id":601,"code_postal":"01390","population":3368,"superficie_km2":"21.00","latitude_centre":"45.9269981","longitude_centre":"4.9540000","distance_km":16.99},{"id":113,"code_insee":"01289","nom_standard":"Péronnas","nom_a":null,"nom_de":null,"slug_ville":"peronnas","departement_id":601,"code_postal":"01960","population":6448,"superficie_km2":"18.00","latitude_centre":"46.1710014","longitude_centre":"5.2179999","distance_km":17.02}]}