{"ville":{"id":881,"code_insee":"13056","nom_standard":"Martigues","nom_a":null,"nom_de":null,"slug_ville":"martigues","departement_id":613,"code_postal":"13500","population":48568,"superficie_km2":"74.00","latitude_centre":"43.3800011","longitude_centre":"5.0500002","dep_code":"13","dep_nom":"Bouches-du-Rhône","dep_slug":"bouches-du-rhone","reg_code":"18","reg_nom":"Provence-Alpes-Côte d'Azur","reg_slug":"provence-alpes-cote-d-azur"},"departement":{"code":"13","nom":"Bouches-du-Rhône","slug":"bouches-du-rhone"},"region":{"code":"18","nom":"Provence-Alpes-Côte d'Azur","slug":"provence-alpes-cote-d-azur"},"villes_proches":[{"id":900,"code_insee":"13077","nom_standard":"Port-de-Bouc","nom_a":null,"nom_de":null,"slug_ville":"port-de-bouc","departement_id":613,"code_postal":"13110","population":16136,"superficie_km2":"12.00","latitude_centre":"43.4230003","longitude_centre":"4.9930000","distance_km":6.64},{"id":924,"code_insee":"13104","nom_standard":"Sausset-les-Pins","nom_a":null,"nom_de":null,"slug_ville":"sausset-les-pins","departement_id":613,"code_postal":"13960","population":7563,"superficie_km2":"12.00","latitude_centre":"43.3460007","longitude_centre":"5.1180000","distance_km":6.67},{"id":851,"code_insee":"13026","nom_standard":"Châteauneuf-les-Martigues","nom_a":null,"nom_de":null,"slug_ville":"chateauneuf-les-martigues","departement_id":613,"code_postal":"13220","population":17909,"superficie_km2":"33.00","latitude_centre":"43.3870010","longitude_centre":"5.1479998","distance_km":7.96},{"id":919,"code_insee":"13098","nom_standard":"Saint-Mitre-les-Remparts","nom_a":null,"nom_de":null,"slug_ville":"saint-mitre-les-remparts","departement_id":613,"code_postal":"13920","population":5816,"superficie_km2":"21.00","latitude_centre":"43.4550018","longitude_centre":"5.0149999","distance_km":8.81},{"id":846,"code_insee":"13021","nom_standard":"Carry-le-Rouet","nom_a":null,"nom_de":null,"slug_ville":"carry-le-rouet","departement_id":613,"code_postal":"13620","population":5708,"superficie_km2":"10.00","latitude_centre":"43.3429985","longitude_centre":"5.1539998","distance_km":9.36},{"id":858,"code_insee":"13033","nom_standard":"Ensuès-la-Redonne","nom_a":null,"nom_de":null,"slug_ville":"ensues-la-redonne","departement_id":613,"code_postal":"13820","population":5768,"superficie_km2":"26.00","latitude_centre":"43.3540001","longitude_centre":"5.1999998","distance_km":12.47},{"id":879,"code_insee":"13054","nom_standard":"Marignane","nom_a":null,"nom_de":null,"slug_ville":"marignane","departement_id":613,"code_postal":"13700","population":33003,"superficie_km2":"24.00","latitude_centre":"43.4169998","longitude_centre":"5.2119999","distance_km":13.72},{"id":868,"code_insee":"13043","nom_standard":"Gignac-la-Nerthe","nom_a":null,"nom_de":null,"slug_ville":"gignac-la-nerthe","departement_id":613,"code_postal":"13180","population":10083,"superficie_km2":"9.00","latitude_centre":"43.3899994","longitude_centre":"5.2280002","distance_km":14.43},{"id":864,"code_insee":"13039","nom_standard":"Fos-sur-Mer","nom_a":null,"nom_de":null,"slug_ville":"fos-sur-mer","departement_id":613,"code_postal":"13270","population":15469,"superficie_km2":"89.00","latitude_centre":"43.4560013","longitude_centre":"4.9039998","distance_km":14.51},{"id":839,"code_insee":"13014","nom_standard":"Berre-l'Étang","nom_a":null,"nom_de":null,"slug_ville":"berre-l-etang","departement_id":613,"code_postal":"13130","population":13912,"superficie_km2":"44.00","latitude_centre":"43.5040016","longitude_centre":"5.1609998","distance_km":16.44},{"id":911,"code_insee":"13088","nom_standard":"Le Rove","nom_a":null,"nom_de":null,"slug_ville":"le-rove","departement_id":613,"code_postal":"13740","population":5194,"superficie_km2":"23.00","latitude_centre":"43.3650017","longitude_centre":"5.2529998","distance_km":16.49},{"id":922,"code_insee":"13102","nom_standard":"Saint-Victoret","nom_a":null,"nom_de":null,"slug_ville":"saint-victoret","departement_id":613,"code_postal":"13730","population":6648,"superficie_km2":"5.00","latitude_centre":"43.4140015","longitude_centre":"5.2540002","distance_km":16.91},{"id":914,"code_insee":"13092","nom_standard":"Saint-Chamas","nom_a":null,"nom_de":null,"slug_ville":"saint-chamas","departement_id":613,"code_postal":"13250","population":8643,"superficie_km2":"27.00","latitude_centre":"43.5439987","longitude_centre":"5.0730000","distance_km":18.33},{"id":936,"code_insee":"13117","nom_standard":"Vitrolles","nom_a":null,"nom_de":null,"slug_ville":"vitrolles","departement_id":613,"code_postal":"13127","population":35532,"superficie_km2":"37.00","latitude_centre":"43.4500008","longitude_centre":"5.2639999","distance_km":18.96},{"id":904,"code_insee":"13081","nom_standard":"Rognac","nom_a":null,"nom_de":null,"slug_ville":"rognac","departement_id":613,"code_postal":"13340","population":12175,"superficie_km2":"18.00","latitude_centre":"43.4970017","longitude_centre":"5.2309999","distance_km":19.57},{"id":901,"code_insee":"13078","nom_standard":"Port-Saint-Louis-du-Rhône","nom_a":null,"nom_de":null,"slug_ville":"port-saint-louis-du-rhone","departement_id":613,"code_postal":"13230","population":8446,"superficie_km2":"83.00","latitude_centre":"43.4150009","longitude_centre":"4.8070002","distance_km":20.02},{"id":872,"code_insee":"13047","nom_standard":"Istres","nom_a":null,"nom_de":null,"slug_ville":"istres","departement_id":613,"code_postal":"13118","population":44577,"superficie_km2":"114.00","latitude_centre":"43.5499992","longitude_centre":"4.9510002","distance_km":20.52},{"id":894,"code_insee":"13071","nom_standard":"Les Pennes-Mirabeau","nom_a":null,"nom_de":null,"slug_ville":"les-pennes-mirabeau","departement_id":613,"code_postal":"13170","population":22161,"superficie_km2":"34.00","latitude_centre":"43.4029999","longitude_centre":"5.3160000","distance_km":21.65},{"id":854,"code_insee":"13029","nom_standard":"Cornillon-Confoux","nom_a":null,"nom_de":null,"slug_ville":"cornillon-confoux","departement_id":613,"code_postal":"13250","population":1571,"superficie_km2":"15.00","latitude_centre":"43.5779991","longitude_centre":"5.0770001","distance_km":22.12},{"id":932,"code_insee":"13112","nom_standard":"Velaux","nom_a":null,"nom_de":null,"slug_ville":"velaux","departement_id":613,"code_postal":"13880","population":8713,"superficie_km2":"25.00","latitude_centre":"43.5239983","longitude_centre":"5.2500000","distance_km":22.74}]}