{"ville":{"id":8479,"code_insee":"79079","nom_standard":"Mauléon","nom_a":null,"nom_de":null,"slug_ville":"mauleon","departement_id":680,"code_postal":"79700","population":8597,"superficie_km2":"122.00","latitude_centre":"46.9469986","longitude_centre":"-0.7470000","dep_code":"79","dep_nom":"Deux-Sèvres","dep_slug":"deux-sevres","reg_code":"15","reg_nom":"Nouvelle-Aquitaine","reg_slug":"nouvelle-aquitaine"},"departement":{"code":"79","nom":"Deux-Sèvres","slug":"deux-sevres"},"region":{"code":"15","nom":"Nouvelle-Aquitaine","slug":"nouvelle-aquitaine"},"villes_proches":[{"id":8530,"code_insee":"79289","nom_standard":"Saint-Pierre-des-Échaubrognes","nom_a":null,"nom_de":null,"slug_ville":"saint-pierre-des-echaubrognes","departement_id":680,"code_postal":"79700","population":1412,"superficie_km2":"29.00","latitude_centre":"46.9799995","longitude_centre":"-0.7520000","distance_km":3.69},{"id":8516,"code_insee":"79235","nom_standard":"Saint-Amand-sur-Sèvre","nom_a":null,"nom_de":null,"slug_ville":"saint-amand-sur-sevre","departement_id":680,"code_postal":"79700","population":1415,"superficie_km2":"33.00","latitude_centre":"46.8800011","longitude_centre":"-0.7820000","distance_km":7.91},{"id":4747,"code_insee":"49192","nom_standard":"Maulévrier","nom_a":null,"nom_de":null,"slug_ville":"maulevrier","departement_id":650,"code_postal":"49360","population":3208,"superficie_km2":"34.00","latitude_centre":"47.0190010","longitude_centre":"-0.7680000","distance_km":8.16},{"id":9150,"code_insee":"85296","nom_standard":"Treize-Vents","nom_a":null,"nom_de":null,"slug_ville":"treize-vents","departement_id":686,"code_postal":"85590","population":1242,"superficie_km2":"19.00","latitude_centre":"46.9169998","longitude_centre":"-0.8460000","distance_km":8.22},{"id":4800,"code_insee":"49343","nom_standard":"La Tessoualle","nom_a":null,"nom_de":null,"slug_ville":"la-tessoualle","departement_id":650,"code_postal":"49280","population":3189,"superficie_km2":"21.00","latitude_centre":"47.0079994","longitude_centre":"-0.8370000","distance_km":9.62},{"id":8485,"code_insee":"79096","nom_standard":"Combrand","nom_a":null,"nom_de":null,"slug_ville":"combrand","departement_id":680,"code_postal":"79140","population":1167,"superficie_km2":"25.00","latitude_centre":"46.8639984","longitude_centre":"-0.6960000","distance_km":10.01},{"id":4818,"code_insee":"49381","nom_standard":"Yzernay","nom_a":null,"nom_de":null,"slug_ville":"yzernay","departement_id":650,"code_postal":"49360","population":1822,"superficie_km2":"41.00","latitude_centre":"47.0340004","longitude_centre":"-0.6970000","distance_km":10.39},{"id":8513,"code_insee":"79210","nom_standard":"Le Pin","nom_a":null,"nom_de":null,"slug_ville":"le-pin","departement_id":680,"code_postal":"79140","population":1041,"superficie_km2":"19.00","latitude_centre":"46.8790016","longitude_centre":"-0.6520000","distance_km":10.45},{"id":8508,"code_insee":"79195","nom_standard":"Nueil-les-Aubiers","nom_a":null,"nom_de":null,"slug_ville":"nueil-les-aubiers","departement_id":680,"code_postal":"79250","population":5566,"superficie_km2":"101.00","latitude_centre":"46.9399986","longitude_centre":"-0.5960000","distance_km":11.49},{"id":9122,"code_insee":"85238","nom_standard":"Saint-Laurent-sur-Sèvre","nom_a":null,"nom_de":null,"slug_ville":"saint-laurent-sur-sevre","departement_id":686,"code_postal":"85290","population":3664,"superficie_km2":"15.00","latitude_centre":"46.9510002","longitude_centre":"-0.9010000","distance_km":11.7},{"id":4804,"code_insee":"49352","nom_standard":"Toutlemonde","nom_a":null,"nom_de":null,"slug_ville":"toutlemonde","departement_id":650,"code_postal":"49360","population":1320,"superficie_km2":"13.00","latitude_centre":"47.0569992","longitude_centre":"-0.7580000","distance_km":12.26},{"id":9124,"code_insee":"85240","nom_standard":"Saint-Malô-du-Bois","nom_a":null,"nom_de":null,"slug_ville":"saint-malo-du-bois","departement_id":686,"code_postal":"85590","population":1618,"superficie_km2":"14.00","latitude_centre":"46.9249992","longitude_centre":"-0.9140000","distance_km":12.91},{"id":4750,"code_insee":"49195","nom_standard":"Mazières-en-Mauges","nom_a":null,"nom_de":null,"slug_ville":"mazieres-en-mauges","departement_id":650,"code_postal":"49280","population":1274,"superficie_km2":"9.00","latitude_centre":"47.0600014","longitude_centre":"-0.7960000","distance_km":13.1},{"id":9031,"code_insee":"85082","nom_standard":"Les Epesses","nom_a":null,"nom_de":null,"slug_ville":"les-epesses","departement_id":686,"code_postal":"85590","population":2984,"superficie_km2":"32.00","latitude_centre":"46.8919983","longitude_centre":"-0.9030000","distance_km":13.33},{"id":4727,"code_insee":"49099","nom_standard":"Cholet","nom_a":null,"nom_de":null,"slug_ville":"cholet","departement_id":650,"code_postal":"49300","population":53936,"superficie_km2":"87.00","latitude_centre":"47.0449982","longitude_centre":"-0.8780000","distance_km":14.75},{"id":8475,"code_insee":"79062","nom_standard":"Cerizay","nom_a":null,"nom_de":null,"slug_ville":"cerizay","departement_id":680,"code_postal":"79140","population":4797,"superficie_km2":"19.00","latitude_centre":"46.8219986","longitude_centre":"-0.6720000","distance_km":15.02},{"id":4762,"code_insee":"49231","nom_standard":"Nuaillé","nom_a":null,"nom_de":null,"slug_ville":"nuaille","departement_id":650,"code_postal":"49340","population":1448,"superficie_km2":"14.00","latitude_centre":"47.0859985","longitude_centre":"-0.7770000","distance_km":15.62},{"id":9073,"code_insee":"85151","nom_standard":"Mortagne-sur-Sèvre","nom_a":null,"nom_de":null,"slug_ville":"mortagne-sur-sevre","departement_id":686,"code_postal":"85290","population":6064,"superficie_km2":"22.00","latitude_centre":"46.9910011","longitude_centre":"-0.9460000","distance_km":15.87},{"id":4763,"code_insee":"49240","nom_standard":"La Plaine","nom_a":null,"nom_de":null,"slug_ville":"la-plaine","departement_id":650,"code_postal":"49360","population":1013,"superficie_km2":"22.00","latitude_centre":"47.0670013","longitude_centre":"-0.6290000","distance_km":16.07},{"id":9037,"code_insee":"85090","nom_standard":"Sèvremont","nom_a":null,"nom_de":null,"slug_ville":"sevremont","departement_id":686,"code_postal":"85700","population":6391,"superficie_km2":"29.00","latitude_centre":"46.8209992","longitude_centre":"-0.8550000","distance_km":16.24}]}