{"ville":{"id":4342,"code_insee":"44094","nom_standard":"Mauves-sur-Loire","nom_a":null,"nom_de":null,"slug_ville":"mauves-sur-loire","departement_id":645,"code_postal":"44470","population":3312,"superficie_km2":"14.00","latitude_centre":"47.3160019","longitude_centre":"-1.4030000","dep_code":"44","dep_nom":"Loire-Atlantique","dep_slug":"loire-atlantique","reg_code":"17","reg_nom":"Pays de la Loire","reg_slug":"pays-de-la-loire"},"departement":{"code":"44","nom":"Loire-Atlantique","slug":"loire-atlantique"},"region":{"code":"17","nom":"Pays de la Loire","slug":"pays-de-la-loire"},"villes_proches":[{"id":4289,"code_insee":"44028","nom_standard":"Le Cellier","nom_a":null,"nom_de":null,"slug_ville":"le-cellier","departement_id":645,"code_postal":"44850","population":3992,"superficie_km2":"36.00","latitude_centre":"47.3380013","longitude_centre":"-1.3600000","distance_km":4.06},{"id":4438,"code_insee":"44204","nom_standard":"Thouaré-sur-Loire","nom_a":null,"nom_de":null,"slug_ville":"thouare-sur-loire","departement_id":645,"code_postal":"44470","population":10783,"superficie_km2":"13.00","latitude_centre":"47.2760010","longitude_centre":"-1.4320000","distance_km":4.96},{"id":4287,"code_insee":"44026","nom_standard":"Carquefou","nom_a":null,"nom_de":null,"slug_ville":"carquefou","departement_id":645,"code_postal":"44470","population":20510,"superficie_km2":"43.00","latitude_centre":"47.3019981","longitude_centre":"-1.4730001","distance_km":5.5},{"id":4416,"code_insee":"44179","nom_standard":"Saint-Mars-du-Désert","nom_a":null,"nom_de":null,"slug_ville":"saint-mars-du-desert","departement_id":645,"code_postal":"44850","population":5299,"superficie_km2":"30.00","latitude_centre":"47.3569984","longitude_centre":"-1.4450001","distance_km":5.55},{"id":4290,"code_insee":"44029","nom_standard":"Divatte-sur-Loire","nom_a":null,"nom_de":null,"slug_ville":"divatte-sur-loire","departement_id":645,"code_postal":"44450","population":7057,"superficie_km2":"23.00","latitude_centre":"47.2809982","longitude_centre":"-1.3500000","distance_km":5.58},{"id":4408,"code_insee":"44169","nom_standard":"Saint-Julien-de-Concelles","nom_a":null,"nom_de":null,"slug_ville":"saint-julien-de-concelles","departement_id":645,"code_postal":"44450","population":7653,"superficie_km2":"33.00","latitude_centre":"47.2459984","longitude_centre":"-1.4060000","distance_km":7.79},{"id":4410,"code_insee":"44172","nom_standard":"Sainte-Luce-sur-Loire","nom_a":null,"nom_de":null,"slug_ville":"sainte-luce-sur-loire","departement_id":645,"code_postal":"44980","population":15527,"superficie_km2":"11.00","latitude_centre":"47.2540016","longitude_centre":"-1.4730001","distance_km":8.68},{"id":4333,"code_insee":"44082","nom_standard":"Ligné","nom_a":null,"nom_de":null,"slug_ville":"ligne","departement_id":645,"code_postal":"44850","population":5451,"superficie_km2":"46.00","latitude_centre":"47.4010010","longitude_centre":"-1.3810000","distance_km":9.6},{"id":4435,"code_insee":"44201","nom_standard":"Sucé-sur-Erdre","nom_a":null,"nom_de":null,"slug_ville":"suce-sur-erdre","departement_id":645,"code_postal":"44240","population":7366,"superficie_km2":"41.00","latitude_centre":"47.3540001","longitude_centre":"-1.5200000","distance_km":9.78},{"id":4335,"code_insee":"44084","nom_standard":"Le Loroux-Bottereau","nom_a":null,"nom_de":null,"slug_ville":"le-loroux-bottereau","departement_id":645,"code_postal":"44430","population":8649,"superficie_km2":"45.00","latitude_centre":"47.2330017","longitude_centre":"-1.3320000","distance_km":10.67},{"id":4366,"code_insee":"44122","nom_standard":"Petit-Mars","nom_a":null,"nom_de":null,"slug_ville":"petit-mars","departement_id":645,"code_postal":"44390","population":3841,"superficie_km2":"26.00","latitude_centre":"47.4049988","longitude_centre":"-1.4570000","distance_km":10.7},{"id":4721,"code_insee":"49069","nom_standard":"Orée d'Anjou","nom_a":null,"nom_de":null,"slug_ville":"oree-d-anjou","departement_id":650,"code_postal":"49270","population":16709,"superficie_km2":"16.00","latitude_centre":"47.3219986","longitude_centre":"-1.2600000","distance_km":10.8},{"id":4360,"code_insee":"44115","nom_standard":"Oudon","nom_a":null,"nom_de":null,"slug_ville":"oudon","departement_id":645,"code_postal":"44521","population":3925,"superficie_km2":"22.00","latitude_centre":"47.3549995","longitude_centre":"-1.2710000","distance_km":10.85},{"id":4305,"code_insee":"44048","nom_standard":"Couffé","nom_a":null,"nom_de":null,"slug_ville":"couffe","departement_id":645,"code_postal":"44521","population":2535,"superficie_km2":"40.00","latitude_centre":"47.3889999","longitude_centre":"-1.2930000","distance_km":11.6},{"id":4294,"code_insee":"44035","nom_standard":"La Chapelle-sur-Erdre","nom_a":null,"nom_de":null,"slug_ville":"la-chapelle-sur-erdre","departement_id":645,"code_postal":"44240","population":20331,"superficie_km2":"33.00","latitude_centre":"47.3040009","longitude_centre":"-1.5610000","distance_km":11.99},{"id":4272,"code_insee":"44009","nom_standard":"Basse-Goulaine","nom_a":null,"nom_de":null,"slug_ville":"basse-goulaine","departement_id":645,"code_postal":"44115","population":9555,"superficie_km2":"14.00","latitude_centre":"47.2120018","longitude_centre":"-1.4620000","distance_km":12.39},{"id":4324,"code_insee":"44071","nom_standard":"Haute-Goulaine","nom_a":null,"nom_de":null,"slug_ville":"haute-goulaine","departement_id":645,"code_postal":"44115","population":5958,"superficie_km2":"21.00","latitude_centre":"47.1959992","longitude_centre":"-1.4100000","distance_km":13.35},{"id":4288,"code_insee":"44027","nom_standard":"Casson","nom_a":null,"nom_de":null,"slug_ville":"casson","departement_id":645,"code_postal":"44390","population":2540,"superficie_km2":"16.00","latitude_centre":"47.3919983","longitude_centre":"-1.5560000","distance_km":14.29},{"id":4355,"code_insee":"44109","nom_standard":"Nantes","nom_a":null,"nom_de":null,"slug_ville":"nantes","departement_id":645,"code_postal":"44200","population":323204,"superficie_km2":"66.00","latitude_centre":"47.2319984","longitude_centre":"-1.5480000","distance_km":14.38},{"id":4331,"code_insee":"44079","nom_standard":"Le Landreau","nom_a":null,"nom_de":null,"slug_ville":"le-landreau","departement_id":645,"code_postal":"44430","population":3160,"superficie_km2":"24.00","latitude_centre":"47.2080002","longitude_centre":"-1.2980000","distance_km":14.39}]}