{"ville":{"id":1469,"code_insee":"21416","nom_standard":"Mirebeau-sur-Bèze","nom_a":null,"nom_de":null,"slug_ville":"mirebeau-sur-beze","departement_id":622,"code_postal":"21310","population":1962,"superficie_km2":"22.00","latitude_centre":"47.4020004","longitude_centre":"5.3220000","dep_code":"21","dep_nom":"Côte-d'Or","dep_slug":"cote-d-or","reg_code":"02","reg_nom":"Bourgogne-Franche-Comté","reg_slug":"bourgogne-franche-comte"},"departement":{"code":"21","nom":"Côte-d'Or","slug":"cote-d-or"},"region":{"code":"02","nom":"Bourgogne-Franche-Comté","slug":"bourgogne-franche-comte"},"villes_proches":[{"id":1439,"code_insee":"21060","nom_standard":"Belleneuve","nom_a":null,"nom_de":null,"slug_ville":"belleneuve","departement_id":622,"code_postal":"21310","population":1589,"superficie_km2":"15.00","latitude_centre":"47.3580017","longitude_centre":"5.2740002","distance_km":6.08},{"id":1434,"code_insee":"21021","nom_standard":"Arc-sur-Tille","nom_a":null,"nom_de":null,"slug_ville":"arc-sur-tille","departement_id":622,"code_postal":"21560","population":2600,"superficie_km2":"23.00","latitude_centre":"47.3380013","longitude_centre":"5.1999998","distance_km":11.62},{"id":1478,"code_insee":"21496","nom_standard":"Pontailler-sur-Saône","nom_a":null,"nom_de":null,"slug_ville":"pontailler-sur-saone","departement_id":622,"code_postal":"21270","population":1291,"superficie_km2":"13.00","latitude_centre":"47.3019981","longitude_centre":"5.4120002","distance_km":13.02},{"id":1485,"code_insee":"21555","nom_standard":"Saint-Julien","nom_a":null,"nom_de":null,"slug_ville":"saint-julien","departement_id":622,"code_postal":"21490","population":1615,"superficie_km2":"17.00","latitude_centre":"47.3959999","longitude_centre":"5.1420002","distance_km":13.56},{"id":1442,"code_insee":"21105","nom_standard":"Bressey-sur-Tille","nom_a":null,"nom_de":null,"slug_ville":"bressey-sur-tille","departement_id":622,"code_postal":"21560","population":1122,"superficie_km2":"7.00","latitude_centre":"47.3079987","longitude_centre":"5.1840000","distance_km":14.74},{"id":1459,"code_insee":"21337","nom_standard":"Lamarche-sur-Saône","nom_a":null,"nom_de":null,"slug_ville":"lamarche-sur-saone","departement_id":622,"code_postal":"21760","population":1367,"superficie_km2":"34.00","latitude_centre":"47.2729988","longitude_centre":"5.3699999","distance_km":14.79},{"id":1448,"code_insee":"21209","nom_standard":"Couternon","nom_a":null,"nom_de":null,"slug_ville":"couternon","departement_id":622,"code_postal":"21560","population":1924,"superficie_km2":"7.00","latitude_centre":"47.3300018","longitude_centre":"5.1500001","distance_km":15.23},{"id":1499,"code_insee":"21657","nom_standard":"Varois-et-Chaignot","nom_a":null,"nom_de":null,"slug_ville":"varois-et-chaignot","departement_id":622,"code_postal":"21490","population":2029,"superficie_km2":"10.00","latitude_centre":"47.3549995","longitude_centre":"5.1259999","distance_km":15.66},{"id":1460,"code_insee":"21351","nom_standard":"Longchamp","nom_a":null,"nom_de":null,"slug_ville":"longchamp","departement_id":622,"code_postal":"21110","population":1165,"superficie_km2":"16.00","latitude_centre":"47.2620010","longitude_centre":"5.2960000","distance_km":15.69},{"id":1498,"code_insee":"21638","nom_standard":"Til-Châtel","nom_a":null,"nom_de":null,"slug_ville":"til-chatel","departement_id":622,"code_postal":"21120","population":1158,"superficie_km2":"26.00","latitude_centre":"47.5190010","longitude_centre":"5.1789999","distance_km":16.88},{"id":1445,"code_insee":"21171","nom_standard":"Chevigny-Saint-Sauveur","nom_a":null,"nom_de":null,"slug_ville":"chevigny-saint-sauveur","departement_id":622,"code_postal":"21800","population":10944,"superficie_km2":"12.00","latitude_centre":"47.2999992","longitude_centre":"5.1370001","distance_km":17.97},{"id":1480,"code_insee":"21515","nom_standard":"Quetigny","nom_a":null,"nom_de":null,"slug_ville":"quetigny","departement_id":622,"code_postal":"21800","population":8869,"superficie_km2":"8.00","latitude_centre":"47.3199997","longitude_centre":"5.1160002","distance_km":18},{"id":1482,"code_insee":"21535","nom_standard":"Ruffey-lès-Echirey","nom_a":null,"nom_de":null,"slug_ville":"ruffey-les-echirey","departement_id":622,"code_postal":"21490","population":1348,"superficie_km2":"11.00","latitude_centre":"47.3680000","longitude_centre":"5.0850000","distance_km":18.24},{"id":1483,"code_insee":"21540","nom_standard":"Saint-Apollinaire","nom_a":null,"nom_de":null,"slug_ville":"saint-apollinaire","departement_id":622,"code_postal":"21850","population":7490,"superficie_km2":"10.00","latitude_centre":"47.3359985","longitude_centre":"5.0929999","distance_km":18.74},{"id":1465,"code_insee":"21383","nom_standard":"Marcilly-sur-Tille","nom_a":null,"nom_de":null,"slug_ville":"marcilly-sur-tille","departement_id":622,"code_postal":"21120","population":1724,"superficie_km2":"7.00","latitude_centre":"47.5120010","longitude_centre":"5.1290002","distance_km":18.98},{"id":1454,"code_insee":"21292","nom_standard":"Genlis","nom_a":null,"nom_de":null,"slug_ville":"genlis","departement_id":622,"code_postal":"21110","population":5165,"superficie_km2":"12.00","latitude_centre":"47.2410011","longitude_centre":"5.2210002","distance_km":19.45},{"id":1446,"code_insee":"21183","nom_standard":"Collonges-et-Premières","nom_a":null,"nom_de":null,"slug_ville":"collonges-et-premieres","departement_id":622,"code_postal":"21110","population":1062,"superficie_km2":"9.00","latitude_centre":"47.2249985","longitude_centre":"5.2919998","distance_km":19.81},{"id":1492,"code_insee":"21605","nom_standard":"Sennecey-lès-Dijon","nom_a":null,"nom_de":null,"slug_ville":"sennecey-les-dijon","departement_id":622,"code_postal":"21800","population":2045,"superficie_km2":"4.00","latitude_centre":"47.2919998","longitude_centre":"5.1040001","distance_km":20.48},{"id":7370,"code_insee":"70026","nom_standard":"Arc-lès-Gray","nom_a":null,"nom_de":null,"slug_ville":"arc-les-gray","departement_id":671,"code_postal":"70100","population":2451,"superficie_km2":"12.00","latitude_centre":"47.4630013","longitude_centre":"5.5819998","distance_km":20.7},{"id":1461,"code_insee":"21352","nom_standard":"Longeault-Pluvault","nom_a":null,"nom_de":null,"slug_ville":"longeault-pluvault","departement_id":622,"code_postal":"21110","population":1148,"superficie_km2":"1.00","latitude_centre":"47.2220001","longitude_centre":"5.2500000","distance_km":20.74}]}