{"ville":{"id":4350,"code_insee":"44102","nom_standard":"Montbert","nom_a":null,"nom_de":null,"slug_ville":"montbert","departement_id":645,"code_postal":"44140","population":3305,"superficie_km2":"29.00","latitude_centre":"47.0680008","longitude_centre":"-1.4700000","dep_code":"44","dep_nom":"Loire-Atlantique","dep_slug":"loire-atlantique","reg_code":"17","reg_nom":"Pays de la Loire","reg_slug":"pays-de-la-loire"},"departement":{"code":"44","nom":"Loire-Atlantique","slug":"loire-atlantique"},"region":{"code":"17","nom":"Pays de la Loire","slug":"pays-de-la-loire"},"villes_proches":[{"id":4267,"code_insee":"44002","nom_standard":"Aigrefeuille-sur-Maine","nom_a":null,"nom_de":null,"slug_ville":"aigrefeuille-sur-maine","departement_id":645,"code_postal":"44140","population":4068,"superficie_km2":"15.00","latitude_centre":"47.0719986","longitude_centre":"-1.4160000","distance_km":4.11},{"id":4454,"code_insee":"44223","nom_standard":"Geneston","nom_a":null,"nom_de":null,"slug_ville":"geneston","departement_id":645,"code_postal":"44140","population":3697,"superficie_km2":"8.00","latitude_centre":"47.0600014","longitude_centre":"-1.5260000","distance_km":4.33},{"id":4276,"code_insee":"44014","nom_standard":"Le Bignon","nom_a":null,"nom_de":null,"slug_ville":"le-bignon","departement_id":645,"code_postal":"44140","population":3957,"superficie_km2":"28.00","latitude_centre":"47.0999985","longitude_centre":"-1.5089999","distance_km":4.62},{"id":4370,"code_insee":"44127","nom_standard":"La Planche","nom_a":null,"nom_de":null,"slug_ville":"la-planche","departement_id":645,"code_postal":"44140","population":2799,"superficie_km2":"24.00","latitude_centre":"47.0200005","longitude_centre":"-1.4400001","distance_km":5.8},{"id":4296,"code_insee":"44037","nom_standard":"Château-Thébaud","nom_a":null,"nom_de":null,"slug_ville":"chateau-thebaud","departement_id":645,"code_postal":"44690","population":3147,"superficie_km2":"18.00","latitude_centre":"47.1160011","longitude_centre":"-1.4380000","distance_km":5.86},{"id":4385,"code_insee":"44142","nom_standard":"Remouillé","nom_a":null,"nom_de":null,"slug_ville":"remouille","departement_id":645,"code_postal":"44140","population":1941,"superficie_km2":"22.00","latitude_centre":"47.0390015","longitude_centre":"-1.3880000","distance_km":7},{"id":4338,"code_insee":"44088","nom_standard":"Maisdon-sur-Sèvre","nom_a":null,"nom_de":null,"slug_ville":"maisdon-sur-sevre","departement_id":645,"code_postal":"44690","population":3047,"superficie_km2":"17.00","latitude_centre":"47.1160011","longitude_centre":"-1.3890001","distance_km":8.13},{"id":4411,"code_insee":"44173","nom_standard":"Saint-Lumine-de-Clisson","nom_a":null,"nom_de":null,"slug_ville":"saint-lumine-de-clisson","departement_id":645,"code_postal":"44190","population":2141,"superficie_km2":"18.00","latitude_centre":"47.0800018","longitude_centre":"-1.3630000","distance_km":8.21},{"id":4396,"code_insee":"44155","nom_standard":"Saint-Colomban","nom_a":null,"nom_de":null,"slug_ville":"saint-colomban","departement_id":645,"code_postal":"44310","population":3485,"superficie_km2":"36.00","latitude_centre":"47.0250015","longitude_centre":"-1.5590000","distance_km":8.27},{"id":9134,"code_insee":"85262","nom_standard":"Saint-Philbert-de-Bouaine","nom_a":null,"nom_de":null,"slug_ville":"saint-philbert-de-bouaine","departement_id":686,"code_postal":"85660","population":3590,"superficie_km2":"51.00","latitude_centre":"46.9930000","longitude_centre":"-1.5070000","distance_km":8.8},{"id":4433,"code_insee":"44198","nom_standard":"Les Sorinières","nom_a":null,"nom_de":null,"slug_ville":"les-sorinieres","departement_id":645,"code_postal":"44840","population":9031,"superficie_km2":"13.00","latitude_centre":"47.1419983","longitude_centre":"-1.5200000","distance_km":9.06},{"id":4400,"code_insee":"44159","nom_standard":"Saint-Fiacre-sur-Maine","nom_a":null,"nom_de":null,"slug_ville":"saint-fiacre-sur-maine","departement_id":645,"code_postal":"44690","population":1241,"superficie_km2":"6.00","latitude_centre":"47.1430016","longitude_centre":"-1.4160000","distance_km":9.29},{"id":4373,"code_insee":"44130","nom_standard":"Pont-Saint-Martin","nom_a":null,"nom_de":null,"slug_ville":"pont-saint-martin","departement_id":645,"code_postal":"44860","population":6780,"superficie_km2":"22.00","latitude_centre":"47.1269989","longitude_centre":"-1.5660000","distance_km":9.79},{"id":4299,"code_insee":"44041","nom_standard":"La Chevrolière","nom_a":null,"nom_de":null,"slug_ville":"la-chevroliere","departement_id":645,"code_postal":"44118","population":6144,"superficie_km2":"33.00","latitude_centre":"47.0890007","longitude_centre":"-1.5960000","distance_km":9.82},{"id":4448,"code_insee":"44215","nom_standard":"Vertou","nom_a":null,"nom_de":null,"slug_ville":"vertou","departement_id":645,"code_postal":"44120","population":26002,"superficie_km2":"38.00","latitude_centre":"47.1599999","longitude_centre":"-1.4700000","distance_km":10.23},{"id":4348,"code_insee":"44100","nom_standard":"Monnières","nom_a":null,"nom_de":null,"slug_ville":"monnieres","departement_id":645,"code_postal":"44690","population":2329,"superficie_km2":"10.00","latitude_centre":"47.1199989","longitude_centre":"-1.3490000","distance_km":10.83},{"id":4449,"code_insee":"44216","nom_standard":"Vieillevigne","nom_a":null,"nom_de":null,"slug_ville":"vieillevigne","departement_id":645,"code_postal":"44116","population":4070,"superficie_km2":"52.00","latitude_centre":"46.9710007","longitude_centre":"-1.4190000","distance_km":11.46},{"id":4323,"code_insee":"44070","nom_standard":"La Haie-Fouassière","nom_a":null,"nom_de":null,"slug_ville":"la-haie-fouassiere","departement_id":645,"code_postal":"44690","population":4710,"superficie_km2":"12.00","latitude_centre":"47.1609993","longitude_centre":"-1.4000000","distance_km":11.62},{"id":4405,"code_insee":"44165","nom_standard":"Saint-Hilaire-de-Clisson","nom_a":null,"nom_de":null,"slug_ville":"saint-hilaire-de-clisson","departement_id":645,"code_postal":"44190","population":2378,"superficie_km2":"19.00","latitude_centre":"47.0600014","longitude_centre":"-1.3170000","distance_km":11.62},{"id":4318,"code_insee":"44064","nom_standard":"Gorges","nom_a":null,"nom_de":null,"slug_ville":"gorges","departement_id":645,"code_postal":"44190","population":4976,"superficie_km2":"16.00","latitude_centre":"47.1040001","longitude_centre":"-1.3110000","distance_km":12.69}]}