{"ville":{"id":9077,"code_insee":"85155","nom_standard":"Mouilleron-le-Captif","nom_a":null,"nom_de":null,"slug_ville":"mouilleron-le-captif","departement_id":686,"code_postal":"85000","population":5037,"superficie_km2":"19.00","latitude_centre":"46.7099991","longitude_centre":"-1.4610000","dep_code":"85","dep_nom":"Vendée","dep_slug":"vendee","reg_code":"17","reg_nom":"Pays de la Loire","reg_slug":"pays-de-la-loire"},"departement":{"code":"85","nom":"Vendée","slug":"vendee"},"region":{"code":"17","nom":"Pays de la Loire","slug":"pays-de-la-loire"},"villes_proches":[{"id":9044,"code_insee":"85098","nom_standard":"La Genétouze","nom_a":null,"nom_de":null,"slug_ville":"la-genetouze","departement_id":686,"code_postal":"85190","population":1976,"superficie_km2":"14.00","latitude_centre":"46.7239990","longitude_centre":"-1.5039999","distance_km":3.63},{"id":9097,"code_insee":"85191","nom_standard":"La Roche-sur-Yon","nom_a":null,"nom_de":null,"slug_ville":"la-roche-sur-yon","departement_id":686,"code_postal":"85000","population":54952,"superficie_km2":"88.00","latitude_centre":"46.6679993","longitude_centre":"-1.4080000","distance_km":6.18},{"id":9153,"code_insee":"85300","nom_standard":"Venansault","nom_a":null,"nom_de":null,"slug_ville":"venansault","departement_id":686,"code_postal":"85190","population":4720,"superficie_km2":"45.00","latitude_centre":"46.6860008","longitude_centre":"-1.5410000","distance_km":6.66},{"id":9090,"code_insee":"85178","nom_standard":"Le Poiré-sur-Vie","nom_a":null,"nom_de":null,"slug_ville":"le-poire-sur-vie","departement_id":686,"code_postal":"85170","population":8626,"superficie_km2":"72.00","latitude_centre":"46.7700005","longitude_centre":"-1.5050000","distance_km":7.47},{"id":8996,"code_insee":"85019","nom_standard":"Bellevigny","nom_a":null,"nom_de":null,"slug_ville":"bellevigny","departement_id":686,"code_postal":"85170","population":6235,"superficie_km2":"15.00","latitude_centre":"46.7760010","longitude_centre":"-1.4330000","distance_km":7.64},{"id":9030,"code_insee":"85081","nom_standard":"Dompierre-sur-Yon","nom_a":null,"nom_de":null,"slug_ville":"dompierre-sur-yon","departement_id":686,"code_postal":"85170","population":4457,"superficie_km2":"34.00","latitude_centre":"46.7599983","longitude_centre":"-1.3730000","distance_km":8.71},{"id":9036,"code_insee":"85089","nom_standard":"La Ferrière","nom_a":null,"nom_de":null,"slug_ville":"la-ferriere","departement_id":686,"code_postal":"85280","population":5398,"superficie_km2":"47.00","latitude_centre":"46.7220001","longitude_centre":"-1.3350000","distance_km":9.7},{"id":9055,"code_insee":"85118","nom_standard":"Landeronde","nom_a":null,"nom_de":null,"slug_ville":"landeronde","departement_id":686,"code_postal":"85150","population":2310,"superficie_km2":"18.00","latitude_centre":"46.6549988","longitude_centre":"-1.5740000","distance_km":10.57},{"id":8985,"code_insee":"85008","nom_standard":"Aubigny-Les Clouzeaux","nom_a":null,"nom_de":null,"slug_ville":"aubigny-les-clouzeaux","departement_id":686,"code_postal":"85430","population":7069,"superficie_km2":"26.00","latitude_centre":"46.6030006","longitude_centre":"-1.4670000","distance_km":11.91},{"id":8993,"code_insee":"85016","nom_standard":"Beaulieu-sous-la-Roche","nom_a":null,"nom_de":null,"slug_ville":"beaulieu-sous-la-roche","departement_id":686,"code_postal":"85190","population":2316,"superficie_km2":"26.00","latitude_centre":"46.6870003","longitude_centre":"-1.6240000","distance_km":12.69},{"id":8981,"code_insee":"85003","nom_standard":"Aizenay","nom_a":null,"nom_de":null,"slug_ville":"aizenay","departement_id":686,"code_postal":"85190","population":10146,"superficie_km2":"82.00","latitude_centre":"46.7379990","longitude_centre":"-1.6270000","distance_km":13.03},{"id":8992,"code_insee":"85015","nom_standard":"Beaufou","nom_a":null,"nom_de":null,"slug_ville":"beaufou","departement_id":686,"code_postal":"85170","population":1600,"superficie_km2":"28.00","latitude_centre":"46.8190002","longitude_centre":"-1.5250000","distance_km":13.06},{"id":9068,"code_insee":"85142","nom_standard":"La Merlatière","nom_a":null,"nom_de":null,"slug_ville":"la-merlatiere","departement_id":686,"code_postal":"85140","population":1011,"superficie_km2":"15.00","latitude_centre":"46.7560005","longitude_centre":"-1.2980000","distance_km":13.43},{"id":9012,"code_insee":"85046","nom_standard":"La Chaize-le-Vicomte","nom_a":null,"nom_de":null,"slug_ville":"la-chaize-le-vicomte","departement_id":686,"code_postal":"85310","population":3838,"superficie_km2":"50.00","latitude_centre":"46.6730003","longitude_centre":"-1.2920001","distance_km":13.53},{"id":9081,"code_insee":"85160","nom_standard":"Nesmy","nom_a":null,"nom_de":null,"slug_ville":"nesmy","departement_id":686,"code_postal":"85310","population":3012,"superficie_km2":"25.00","latitude_centre":"46.5919991","longitude_centre":"-1.4100000","distance_km":13.69},{"id":9107,"code_insee":"85211","nom_standard":"Sainte-Flaive-des-Loups","nom_a":null,"nom_de":null,"slug_ville":"sainte-flaive-des-loups","departement_id":686,"code_postal":"85150","population":2522,"superficie_km2":"36.00","latitude_centre":"46.6110001","longitude_centre":"-1.5800000","distance_km":14.27},{"id":9112,"code_insee":"85218","nom_standard":"Saint-Georges-de-Pointindoux","nom_a":null,"nom_de":null,"slug_ville":"saint-georges-de-pointindoux","departement_id":686,"code_postal":"85150","population":1770,"superficie_km2":"16.00","latitude_centre":"46.6419983","longitude_centre":"-1.6289999","distance_km":14.88},{"id":9105,"code_insee":"85208","nom_standard":"Saint-Denis-la-Chevasse","nom_a":null,"nom_de":null,"slug_ville":"saint-denis-la-chevasse","departement_id":686,"code_postal":"85170","population":2409,"superficie_km2":"40.00","latitude_centre":"46.8330002","longitude_centre":"-1.3830000","distance_km":14.91},{"id":9108,"code_insee":"85213","nom_standard":"Rives de l'Yon","nom_a":null,"nom_de":null,"slug_ville":"rives-de-l-yon","departement_id":686,"code_postal":"85310","population":4245,"superficie_km2":"37.00","latitude_centre":"46.6059990","longitude_centre":"-1.3350000","distance_km":15.04},{"id":9086,"code_insee":"85169","nom_standard":"Palluau","nom_a":null,"nom_de":null,"slug_ville":"palluau","departement_id":686,"code_postal":"85670","population":1111,"superficie_km2":"7.00","latitude_centre":"46.8059998","longitude_centre":"-1.6020000","distance_km":15.14}]}