{"ville":{"id":8605,"code_insee":"80585","nom_standard":"Nesle","nom_a":null,"nom_de":null,"slug_ville":"nesle","departement_id":681,"code_postal":"80190","population":2308,"superficie_km2":"8.00","latitude_centre":"49.7599983","longitude_centre":"2.9100001","dep_code":"80","dep_nom":"Somme","dep_slug":"somme","reg_code":"09","reg_nom":"Hauts-de-France","reg_slug":"hauts-de-france"},"departement":{"code":"80","nom":"Somme","slug":"somme"},"region":{"code":"09","nom":"Hauts-de-France","slug":"hauts-de-france"},"villes_proches":[{"id":8592,"code_insee":"80442","nom_standard":"Hombleux","nom_a":null,"nom_de":null,"slug_ville":"hombleux","departement_id":681,"code_postal":"80400","population":1139,"superficie_km2":"13.00","latitude_centre":"49.7430000","longitude_centre":"2.9909999","distance_km":6.12},{"id":8565,"code_insee":"80186","nom_standard":"Chaulnes","nom_a":null,"nom_de":null,"slug_ville":"chaulnes","departement_id":681,"code_postal":"80320","population":1986,"superficie_km2":"9.00","latitude_centre":"49.8170013","longitude_centre":"2.8020000","distance_km":10.01},{"id":8578,"code_insee":"80274","nom_standard":"Eppeville","nom_a":null,"nom_de":null,"slug_ville":"eppeville","departement_id":681,"code_postal":"80400","population":1742,"superficie_km2":"5.00","latitude_centre":"49.7379990","longitude_centre":"3.0490000","distance_km":10.28},{"id":8622,"code_insee":"80685","nom_standard":"Roye","nom_a":null,"nom_de":null,"slug_ville":"roye","departement_id":681,"code_postal":"80700","population":5662,"superficie_km2":"16.00","latitude_centre":"49.6940002","longitude_centre":"2.7890000","distance_km":11.38},{"id":8589,"code_insee":"80410","nom_standard":"Ham","nom_a":null,"nom_de":null,"slug_ville":"ham","departement_id":681,"code_postal":"80400","population":4459,"superficie_km2":"10.00","latitude_centre":"49.7540016","longitude_centre":"3.0739999","distance_km":11.8},{"id":6087,"code_insee":"60291","nom_standard":"Guiscard","nom_a":null,"nom_de":null,"slug_ville":"guiscard","departement_id":661,"code_postal":"60640","population":1776,"superficie_km2":"21.00","latitude_centre":"49.6580010","longitude_centre":"3.0550001","distance_km":15.41},{"id":8621,"code_insee":"80680","nom_standard":"Rosières-en-Santerre","nom_a":null,"nom_de":null,"slug_ville":"rosieres-en-santerre","departement_id":681,"code_postal":"80170","population":2962,"superficie_km2":"13.00","latitude_centre":"49.8180008","longitude_centre":"2.7040000","distance_km":16.13},{"id":6097,"code_insee":"60350","nom_standard":"Lassigny","nom_a":null,"nom_de":null,"slug_ville":"lassigny","departement_id":661,"code_postal":"60310","population":1403,"superficie_km2":"17.00","latitude_centre":"49.5999985","longitude_centre":"2.8440001","distance_km":18.41},{"id":8572,"code_insee":"80240","nom_standard":"Doingt","nom_a":null,"nom_de":null,"slug_ville":"doingt","departement_id":681,"code_postal":"80200","population":1393,"superficie_km2":"9.00","latitude_centre":"49.9230003","longitude_centre":"2.9630001","distance_km":18.52},{"id":8609,"code_insee":"80620","nom_standard":"Péronne","nom_a":null,"nom_de":null,"slug_ville":"peronne","departement_id":681,"code_postal":"80200","population":7291,"superficie_km2":"14.00","latitude_centre":"49.9280014","longitude_centre":"2.9300001","distance_km":18.74},{"id":217,"code_insee":"02296","nom_standard":"Étreillers","nom_a":null,"nom_de":null,"slug_ville":"etreillers","departement_id":602,"code_postal":"02590","population":1182,"superficie_km2":"9.00","latitude_centre":"49.8330002","longitude_centre":"3.1580000","distance_km":19.56},{"id":8591,"code_insee":"80417","nom_standard":"Harbonnières","nom_a":null,"nom_de":null,"slug_ville":"harbonnieres","departement_id":681,"code_postal":"80131","population":1640,"superficie_km2":"15.00","latitude_centre":"49.8499985","longitude_centre":"2.6700001","distance_km":19.92},{"id":223,"code_insee":"02315","nom_standard":"Flavy-le-Martel","nom_a":null,"nom_de":null,"slug_ville":"flavy-le-martel","departement_id":602,"code_postal":"02520","population":1661,"superficie_km2":"13.00","latitude_centre":"49.7050018","longitude_centre":"3.1940000","distance_km":21.31},{"id":6125,"code_insee":"60471","nom_standard":"Noyon","nom_a":null,"nom_de":null,"slug_ville":"noyon","departement_id":661,"code_postal":"60400","population":12987,"superficie_km2":"18.00","latitude_centre":"49.5769997","longitude_centre":"3.0079999","distance_km":21.54},{"id":8590,"code_insee":"80415","nom_standard":"Hangest-en-Santerre","nom_a":null,"nom_de":null,"slug_ville":"hangest-en-santerre","departement_id":681,"code_postal":"80134","population":1020,"superficie_km2":"15.00","latitude_centre":"49.7509995","longitude_centre":"2.6020000","distance_km":22.15},{"id":266,"code_insee":"02785","nom_standard":"Vermand","nom_a":null,"nom_de":null,"slug_ville":"vermand","departement_id":602,"code_postal":"02490","population":1101,"superficie_km2":"16.00","latitude_centre":"49.8839989","longitude_centre":"3.1520000","distance_km":22.17},{"id":232,"code_insee":"02382","nom_standard":"Holnon","nom_a":null,"nom_de":null,"slug_ville":"holnon","departement_id":602,"code_postal":"02760","population":1356,"superficie_km2":"6.00","latitude_centre":"49.8610001","longitude_centre":"3.2010000","distance_km":23.71},{"id":234,"code_insee":"02397","nom_standard":"Jussy","nom_a":null,"nom_de":null,"slug_ville":"jussy","departement_id":602,"code_postal":"02480","population":1219,"superficie_km2":"13.00","latitude_centre":"49.7169991","longitude_centre":"3.2360001","distance_km":23.91},{"id":8620,"code_insee":"80677","nom_standard":"Roisel","nom_a":null,"nom_de":null,"slug_ville":"roisel","departement_id":681,"code_postal":"80240","population":1592,"superficie_km2":"10.00","latitude_centre":"49.9449997","longitude_centre":"3.0960000","distance_km":24.52},{"id":242,"code_insee":"02504","nom_standard":"Montescourt-Lizerolles","nom_a":null,"nom_de":null,"slug_ville":"montescourt-lizerolles","departement_id":602,"code_postal":"02440","population":1614,"superficie_km2":"6.00","latitude_centre":"49.7360001","longitude_centre":"3.2620001","distance_km":25.43}]}