{"ville":{"id":8949,"code_insee":"84088","nom_standard":"Pernes-les-Fontaines","nom_a":null,"nom_de":null,"slug_ville":"pernes-les-fontaines","departement_id":685,"code_postal":"84210","population":10636,"superficie_km2":"51.00","latitude_centre":"43.9959984","longitude_centre":"5.0400000","dep_code":"84","dep_nom":"Vaucluse","dep_slug":"vaucluse","reg_code":"18","reg_nom":"Provence-Alpes-Côte d'Azur","reg_slug":"provence-alpes-cote-d-azur"},"departement":{"code":"84","nom":"Vaucluse","slug":"vaucluse"},"region":{"code":"18","nom":"Provence-Alpes-Côte d'Azur","slug":"provence-alpes-cote-d-azur"},"villes_proches":[{"id":8973,"code_insee":"84142","nom_standard":"Velleron","nom_a":null,"nom_de":null,"slug_ville":"velleron","departement_id":685,"code_postal":"84740","population":3084,"superficie_km2":"16.00","latitude_centre":"43.9620018","longitude_centre":"5.0279999","distance_km":3.9},{"id":8958,"code_insee":"84108","nom_standard":"Saint-Didier","nom_a":null,"nom_de":null,"slug_ville":"saint-didier","departement_id":685,"code_postal":"84210","population":2126,"superficie_km2":"4.00","latitude_centre":"44.0089989","longitude_centre":"5.1090002","distance_km":5.71},{"id":8942,"code_insee":"84080","nom_standard":"Monteux","nom_a":null,"nom_de":null,"slug_ville":"monteux","departement_id":685,"code_postal":"84170","population":13129,"superficie_km2":"39.00","latitude_centre":"44.0340004","longitude_centre":"4.9850001","distance_km":6.1},{"id":8894,"code_insee":"84001","nom_standard":"Althen-des-Paluds","nom_a":null,"nom_de":null,"slug_ville":"althen-des-paluds","departement_id":685,"code_postal":"84210","population":2802,"superficie_km2":"7.00","latitude_centre":"44.0050011","longitude_centre":"4.9580002","distance_km":6.63},{"id":8912,"code_insee":"84031","nom_standard":"Carpentras","nom_a":null,"nom_de":null,"slug_ville":"carpentras","departement_id":685,"code_postal":"84200","population":30769,"superficie_km2":"38.00","latitude_centre":"44.0589981","longitude_centre":"5.0609999","distance_km":7.2},{"id":8966,"code_insee":"84132","nom_standard":"Le Thor","nom_a":null,"nom_de":null,"slug_ville":"le-thor","departement_id":685,"code_postal":"84250","population":8858,"superficie_km2":"36.00","latitude_centre":"43.9280014","longitude_centre":"4.9930000","distance_km":8.45},{"id":8920,"code_insee":"84043","nom_standard":"Entraigues-sur-la-Sorgue","nom_a":null,"nom_de":null,"slug_ville":"entraigues-sur-la-sorgue","departement_id":685,"code_postal":"84320","population":8793,"superficie_km2":"17.00","latitude_centre":"43.9949989","longitude_centre":"4.9330001","distance_km":8.56},{"id":8960,"code_insee":"84119","nom_standard":"Saint-Saturnin-lès-Avignon","nom_a":null,"nom_de":null,"slug_ville":"saint-saturnin-les-avignon","departement_id":685,"code_postal":"84450","population":5119,"superficie_km2":"6.00","latitude_centre":"43.9620018","longitude_centre":"4.9410000","distance_km":8.78},{"id":8933,"code_insee":"84067","nom_standard":"Loriol-du-Comtat","nom_a":null,"nom_de":null,"slug_ville":"loriol-du-comtat","departement_id":685,"code_postal":"84870","population":2471,"superficie_km2":"11.00","latitude_centre":"44.0750008","longitude_centre":"5.0050001","distance_km":9.22},{"id":8928,"code_insee":"84055","nom_standard":"Jonquerettes","nom_a":null,"nom_de":null,"slug_ville":"jonquerettes","departement_id":685,"code_postal":"84450","population":1595,"superficie_km2":"3.00","latitude_centre":"43.9490013","longitude_centre":"4.9439998","distance_km":9.29},{"id":8927,"code_insee":"84054","nom_standard":"L'Isle-sur-la-Sorgue","nom_a":null,"nom_de":null,"slug_ville":"l-isle-sur-la-sorgue","departement_id":685,"code_postal":"84800","population":19965,"superficie_km2":"45.00","latitude_centre":"43.9129982","longitude_centre":"5.0570002","distance_km":9.33},{"id":8938,"code_insee":"84072","nom_standard":"Mazan","nom_a":null,"nom_de":null,"slug_ville":"mazan","departement_id":685,"code_postal":"84380","population":6269,"superficie_km2":"38.00","latitude_centre":"44.0540009","longitude_centre":"5.1300001","distance_km":9.66},{"id":8974,"code_insee":"84143","nom_standard":"Venasque","nom_a":null,"nom_de":null,"slug_ville":"venasque","departement_id":685,"code_postal":"84210","population":1050,"superficie_km2":"35.00","latitude_centre":"43.9850006","longitude_centre":"5.1650000","distance_km":10.07},{"id":8936,"code_insee":"84070","nom_standard":"Malemort-du-Comtat","nom_a":null,"nom_de":null,"slug_ville":"malemort-du-comtat","departement_id":685,"code_postal":"84570","population":1935,"superficie_km2":"12.00","latitude_centre":"44.0190010","longitude_centre":"5.1669998","distance_km":10.47},{"id":8915,"code_insee":"84036","nom_standard":"Châteauneuf-de-Gadagne","nom_a":null,"nom_de":null,"slug_ville":"chateauneuf-de-gadagne","departement_id":685,"code_postal":"84470","population":3437,"superficie_km2":"13.00","latitude_centre":"43.9280014","longitude_centre":"4.9429998","distance_km":10.84},{"id":8972,"code_insee":"84141","nom_standard":"Vedène","nom_a":null,"nom_de":null,"slug_ville":"vedene","departement_id":685,"code_postal":"84270","population":11457,"superficie_km2":"11.00","latitude_centre":"43.9710007","longitude_centre":"4.9029999","distance_km":11.31},{"id":8897,"code_insee":"84004","nom_standard":"Aubignan","nom_a":null,"nom_de":null,"slug_ville":"aubignan","departement_id":685,"code_postal":"84810","population":5894,"superficie_km2":"16.00","latitude_centre":"44.0979996","longitude_centre":"5.0320001","distance_km":11.36},{"id":8902,"code_insee":"84016","nom_standard":"Bédarrides","nom_a":null,"nom_de":null,"slug_ville":"bedarrides","departement_id":685,"code_postal":"84370","population":5410,"superficie_km2":"25.00","latitude_centre":"44.0480003","longitude_centre":"4.9080000","distance_km":12.03},{"id":8943,"code_insee":"84081","nom_standard":"Morières-lès-Avignon","nom_a":null,"nom_de":null,"slug_ville":"morieres-les-avignon","departement_id":685,"code_postal":"84310","population":8922,"superficie_km2":"10.00","latitude_centre":"43.9339981","longitude_centre":"4.9089999","distance_km":12.55},{"id":8930,"code_insee":"84062","nom_standard":"Lagnes","nom_a":null,"nom_de":null,"slug_ville":"lagnes","departement_id":685,"code_postal":"84800","population":1673,"superficie_km2":"17.00","latitude_centre":"43.8919983","longitude_centre":"5.1149998","distance_km":13.03}]}