{"ville":{"id":8951,"code_insee":"84091","nom_standard":"Piolenc","nom_a":null,"nom_de":null,"slug_ville":"piolenc","departement_id":685,"code_postal":"84420","population":5536,"superficie_km2":"25.00","latitude_centre":"44.1780014","longitude_centre":"4.7659998","dep_code":"84","dep_nom":"Vaucluse","dep_slug":"vaucluse","reg_code":"18","reg_nom":"Provence-Alpes-Côte d'Azur","reg_slug":"provence-alpes-cote-d-azur"},"departement":{"code":"84","nom":"Vaucluse","slug":"vaucluse"},"region":{"code":"18","nom":"Provence-Alpes-Côte d'Azur","slug":"provence-alpes-cote-d-azur"},"villes_proches":[{"id":8945,"code_insee":"84083","nom_standard":"Mornas","nom_a":null,"nom_de":null,"slug_ville":"mornas","departement_id":685,"code_postal":"84550","population":2492,"superficie_km2":"26.00","latitude_centre":"44.2039986","longitude_centre":"4.7399998","distance_km":3.56},{"id":8968,"code_insee":"84135","nom_standard":"Uchaux","nom_a":null,"nom_de":null,"slug_ville":"uchaux","departement_id":685,"code_postal":"84100","population":1688,"superficie_km2":"19.00","latitude_centre":"44.2159996","longitude_centre":"4.8020000","distance_km":5.11},{"id":8948,"code_insee":"84087","nom_standard":"Orange","nom_a":null,"nom_de":null,"slug_ville":"orange","departement_id":685,"code_postal":"84100","population":28949,"superficie_km2":"74.00","latitude_centre":"44.1290016","longitude_centre":"4.8099999","distance_km":6.48},{"id":8963,"code_insee":"84127","nom_standard":"Sérignan-du-Comtat","nom_a":null,"nom_de":null,"slug_ville":"serignan-du-comtat","departement_id":685,"code_postal":"84830","population":2866,"superficie_km2":"20.00","latitude_centre":"44.1940002","longitude_centre":"4.8480001","distance_km":6.78},{"id":8908,"code_insee":"84027","nom_standard":"Caderousse","nom_a":null,"nom_de":null,"slug_ville":"caderousse","departement_id":685,"code_postal":"84860","population":2590,"superficie_km2":"32.00","latitude_centre":"44.1100006","longitude_centre":"4.7440000","distance_km":7.76},{"id":8941,"code_insee":"84078","nom_standard":"Mondragon","nom_a":null,"nom_de":null,"slug_ville":"mondragon","departement_id":685,"code_postal":"84430","population":3679,"superficie_km2":"41.00","latitude_centre":"44.2430000","longitude_centre":"4.7249999","distance_km":7.93},{"id":2580,"code_insee":"30342","nom_standard":"Vénéjan","nom_a":null,"nom_de":null,"slug_ville":"venejan","departement_id":631,"code_postal":"30200","population":1264,"superficie_km2":"19.00","latitude_centre":"44.1980019","longitude_centre":"4.6680002","distance_km":8.12},{"id":2524,"code_insee":"30191","nom_standard":"Orsan","nom_a":null,"nom_de":null,"slug_ville":"orsan","departement_id":631,"code_postal":"30200","population":1194,"superficie_km2":"7.00","latitude_centre":"44.1349983","longitude_centre":"4.6650000","distance_km":9.37},{"id":8910,"code_insee":"84029","nom_standard":"Camaret-sur-Aigues","nom_a":null,"nom_de":null,"slug_ville":"camaret-sur-aigues","departement_id":685,"code_postal":"84850","population":4547,"superficie_km2":"18.00","latitude_centre":"44.1599999","longitude_centre":"4.8839998","distance_km":9.62},{"id":1959,"code_insee":"26275","nom_standard":"Rochegude","nom_a":null,"nom_de":null,"slug_ville":"rochegude","departement_id":627,"code_postal":"26790","population":1667,"superficie_km2":"18.00","latitude_centre":"44.2560005","longitude_centre":"4.8369999","distance_km":10.36},{"id":2517,"code_insee":"30178","nom_standard":"Montfaucon","nom_a":null,"nom_de":null,"slug_ville":"montfaucon","departement_id":631,"code_postal":"30150","population":1517,"superficie_km2":"4.00","latitude_centre":"44.0779991","longitude_centre":"4.7430000","distance_km":11.27},{"id":2462,"code_insee":"30028","nom_standard":"Bagnols-sur-Cèze","nom_a":null,"nom_de":null,"slug_ville":"bagnols-sur-ceze","departement_id":631,"code_postal":"30200","population":18248,"superficie_km2":"31.00","latitude_centre":"44.1619988","longitude_centre":"4.6250000","distance_km":11.39},{"id":2503,"code_insee":"30141","nom_standard":"Laudun-l'Ardoise","nom_a":null,"nom_de":null,"slug_ville":"laudun-l-ardoise","departement_id":631,"code_postal":"30290","population":6511,"superficie_km2":"34.00","latitude_centre":"44.1030006","longitude_centre":"4.6640000","distance_km":11.65},{"id":2558,"code_insee":"30288","nom_standard":"Saint-Nazaire","nom_a":null,"nom_de":null,"slug_ville":"saint-nazaire","departement_id":631,"code_postal":"30200","population":1281,"superficie_km2":"7.00","latitude_centre":"44.2000008","longitude_centre":"4.6220002","distance_km":11.74},{"id":8956,"code_insee":"84106","nom_standard":"Sainte-Cécile-les-Vignes","nom_a":null,"nom_de":null,"slug_ville":"sainte-cecile-les-vignes","departement_id":685,"code_postal":"84290","population":2637,"superficie_km2":"20.00","latitude_centre":"44.2360001","longitude_centre":"4.8889999","distance_km":11.74},{"id":2536,"code_insee":"30226","nom_standard":"Saint-Alexandre","nom_a":null,"nom_de":null,"slug_ville":"saint-alexandre","departement_id":631,"code_postal":"30130","population":1247,"superficie_km2":"13.00","latitude_centre":"44.2239990","longitude_centre":"4.6320000","distance_km":11.84},{"id":8904,"code_insee":"84019","nom_standard":"Bollène","nom_a":null,"nom_de":null,"slug_ville":"bollene","departement_id":685,"code_postal":"84500","population":13605,"superficie_km2":"54.00","latitude_centre":"44.2879982","longitude_centre":"4.7519999","distance_km":12.28},{"id":2543,"code_insee":"30254","nom_standard":"Saint-Geniès-de-Comolas","nom_a":null,"nom_de":null,"slug_ville":"saint-genies-de-comolas","departement_id":631,"code_postal":"30150","population":2010,"superficie_km2":"8.00","latitude_centre":"44.0660019","longitude_centre":"4.7309999","distance_km":12.76},{"id":8929,"code_insee":"84056","nom_standard":"Jonquières","nom_a":null,"nom_de":null,"slug_ville":"jonquieres","departement_id":685,"code_postal":"84150","population":5298,"superficie_km2":"24.00","latitude_centre":"44.1320000","longitude_centre":"4.9130001","distance_km":12.79},{"id":2525,"code_insee":"30202","nom_standard":"Pont-Saint-Esprit","nom_a":null,"nom_de":null,"slug_ville":"pont-saint-esprit","departement_id":631,"code_postal":"30130","population":10600,"superficie_km2":"19.00","latitude_centre":"44.2529984","longitude_centre":"4.6389999","distance_km":13.11}]}