{"ville":{"id":8514,"code_insee":"79213","nom_standard":"Pompaire","nom_a":null,"nom_de":null,"slug_ville":"pompaire","departement_id":680,"code_postal":"79200","population":2032,"superficie_km2":"13.00","latitude_centre":"46.6160011","longitude_centre":"-0.2400000","dep_code":"79","dep_nom":"Deux-Sèvres","dep_slug":"deux-sevres","reg_code":"15","reg_nom":"Nouvelle-Aquitaine","reg_slug":"nouvelle-aquitaine"},"departement":{"code":"79","nom":"Deux-Sèvres","slug":"deux-sevres"},"region":{"code":"15","nom":"Nouvelle-Aquitaine","slug":"nouvelle-aquitaine"},"villes_proches":[{"id":8511,"code_insee":"79202","nom_standard":"Parthenay","nom_a":null,"nom_de":null,"slug_ville":"parthenay","departement_id":680,"code_postal":"79200","population":10058,"superficie_km2":"11.00","latitude_centre":"46.6450005","longitude_centre":"-0.2330000","distance_km":3.27},{"id":8538,"code_insee":"79322","nom_standard":"Le Tallud","nom_a":null,"nom_de":null,"slug_ville":"le-tallud","departement_id":680,"code_postal":"79200","population":1980,"superficie_km2":"19.00","latitude_centre":"46.6269989","longitude_centre":"-0.2910000","distance_km":4.08},{"id":8480,"code_insee":"79080","nom_standard":"Châtillon-sur-Thouet","nom_a":null,"nom_de":null,"slug_ville":"chatillon-sur-thouet","departement_id":680,"code_postal":"79200","population":2671,"superficie_km2":"16.00","latitude_centre":"46.6720009","longitude_centre":"-0.2600000","distance_km":6.41},{"id":8529,"code_insee":"79285","nom_standard":"Saint-Pardoux-Soutiers","nom_a":null,"nom_de":null,"slug_ville":"saint-pardoux-soutiers","departement_id":680,"code_postal":"79310","population":1867,"superficie_km2":"35.00","latitude_centre":"46.5769997","longitude_centre":"-0.3170000","distance_km":7.31},{"id":8512,"code_insee":"79208","nom_standard":"La Peyratte","nom_a":null,"nom_de":null,"slug_ville":"la-peyratte","departement_id":680,"code_postal":"79200","population":1114,"superficie_km2":"48.00","latitude_centre":"46.6650009","longitude_centre":"-0.1590000","distance_km":8.24},{"id":8543,"code_insee":"79347","nom_standard":"Viennay","nom_a":null,"nom_de":null,"slug_ville":"viennay","departement_id":680,"code_postal":"79200","population":1092,"superficie_km2":"16.00","latitude_centre":"46.6959992","longitude_centre":"-0.2480000","distance_km":8.92},{"id":8467,"code_insee":"79025","nom_standard":"Azay-sur-Thouet","nom_a":null,"nom_de":null,"slug_ville":"azay-sur-thouet","departement_id":680,"code_postal":"79130","population":1112,"superficie_km2":"20.00","latitude_centre":"46.6189995","longitude_centre":"-0.3570000","distance_km":8.94},{"id":8517,"code_insee":"79239","nom_standard":"Saint-Aubin-le-Cloud","nom_a":null,"nom_de":null,"slug_ville":"saint-aubin-le-cloud","departement_id":680,"code_postal":"79450","population":1677,"superficie_km2":"42.00","latitude_centre":"46.6570015","longitude_centre":"-0.3430000","distance_km":9.09},{"id":8501,"code_insee":"79172","nom_standard":"Mazières-en-Gâtine","nom_a":null,"nom_de":null,"slug_ville":"mazieres-en-gatine","departement_id":680,"code_postal":"79310","population":1030,"superficie_km2":"19.00","latitude_centre":"46.5209999","longitude_centre":"-0.3240000","distance_km":12.36},{"id":8542,"code_insee":"79339","nom_standard":"Vasles","nom_a":null,"nom_de":null,"slug_ville":"vasles","departement_id":680,"code_postal":"79340","population":1666,"superficie_km2":"89.00","latitude_centre":"46.5740013","longitude_centre":"-0.0490000","distance_km":15.32},{"id":8537,"code_insee":"79311","nom_standard":"Secondigny","nom_a":null,"nom_de":null,"slug_ville":"secondigny","departement_id":680,"code_postal":"79130","population":1791,"superficie_km2":"38.00","latitude_centre":"46.6119995","longitude_centre":"-0.4420000","distance_km":15.44},{"id":8523,"code_insee":"79268","nom_standard":"Saint-Loup-Lamairé","nom_a":null,"nom_de":null,"slug_ville":"saint-loup-lamaire","departement_id":680,"code_postal":"79600","population":1011,"superficie_km2":"22.00","latitude_centre":"46.7700005","longitude_centre":"-0.1570000","distance_km":18.26},{"id":8477,"code_insee":"79066","nom_standard":"Champdeniers","nom_a":null,"nom_de":null,"slug_ville":"champdeniers","departement_id":680,"code_postal":"79220","population":1774,"superficie_km2":"22.00","latitude_centre":"46.4799995","longitude_centre":"-0.3820000","distance_km":18.62},{"id":8539,"code_insee":"79326","nom_standard":"Thénezay","nom_a":null,"nom_de":null,"slug_ville":"thenezay","departement_id":680,"code_postal":"79390","population":1404,"superficie_km2":"48.00","latitude_centre":"46.7130013","longitude_centre":"-0.0410000","distance_km":18.63},{"id":8490,"code_insee":"79114","nom_standard":"Exireuil","nom_a":null,"nom_de":null,"slug_ville":"exireuil","departement_id":680,"code_postal":"79400","population":1567,"superficie_km2":"21.00","latitude_centre":"46.4539986","longitude_centre":"-0.1770000","distance_km":18.65},{"id":8535,"code_insee":"79302","nom_standard":"Saivres","nom_a":null,"nom_de":null,"slug_ville":"saivres","departement_id":680,"code_postal":"79400","population":1343,"superficie_km2":"21.00","latitude_centre":"46.4370003","longitude_centre":"-0.2330000","distance_km":19.91},{"id":8478,"code_insee":"79076","nom_standard":"La Chapelle-Saint-Laurent","nom_a":null,"nom_de":null,"slug_ville":"la-chapelle-saint-laurent","departement_id":680,"code_postal":"79430","population":2071,"superficie_km2":"29.00","latitude_centre":"46.7319984","longitude_centre":"-0.4660000","distance_km":21.53},{"id":8484,"code_insee":"79088","nom_standard":"Chiché","nom_a":null,"nom_de":null,"slug_ville":"chiche","departement_id":680,"code_postal":"79350","population":1682,"superficie_km2":"47.00","latitude_centre":"46.7960014","longitude_centre":"-0.3520000","distance_km":21.76},{"id":9163,"code_insee":"86017","nom_standard":"Ayron","nom_a":null,"nom_de":null,"slug_ville":"ayron","departement_id":687,"code_postal":"86190","population":1088,"superficie_km2":"28.00","latitude_centre":"46.6440010","longitude_centre":"0.0460000","distance_km":22.06},{"id":8506,"code_insee":"79189","nom_standard":"Nanteuil","nom_a":null,"nom_de":null,"slug_ville":"nanteuil","departement_id":680,"code_postal":"79400","population":1705,"superficie_km2":"21.00","latitude_centre":"46.4230003","longitude_centre":"-0.1540000","distance_km":22.45}]}