{"ville":{"id":363,"code_insee":"04160","nom_standard":"Reillanne","nom_a":null,"nom_de":null,"slug_ville":"reillanne","departement_id":604,"code_postal":"04110","population":1713,"superficie_km2":"39.00","latitude_centre":"43.8860016","longitude_centre":"5.6589999","dep_code":"04","dep_nom":"Alpes-de-Haute-Provence","dep_slug":"alpes-de-haute-provence","reg_code":"18","reg_nom":"Provence-Alpes-Côte d'Azur","reg_slug":"provence-alpes-cote-d-azur"},"departement":{"code":"04","nom":"Alpes-de-Haute-Provence","slug":"alpes-de-haute-provence"},"region":{"code":"18","nom":"Provence-Alpes-Côte d'Azur","slug":"provence-alpes-cote-d-azur"},"villes_proches":[{"id":367,"code_insee":"04192","nom_standard":"Saint-Michel-l'Observatoire","nom_a":null,"nom_de":null,"slug_ville":"saint-michel-l-observatoire","departement_id":604,"code_postal":"04870","population":1226,"superficie_km2":"28.00","latitude_centre":"43.9099999","longitude_centre":"5.7199998","distance_km":5.57},{"id":346,"code_insee":"04045","nom_standard":"Céreste-en-Luberon","nom_a":null,"nom_de":null,"slug_ville":"cereste-en-luberon","departement_id":604,"code_postal":"04280","population":1194,"superficie_km2":"33.00","latitude_centre":"43.8499985","longitude_centre":"5.5900002","distance_km":6.83},{"id":355,"code_insee":"04111","nom_standard":"Mane","nom_a":null,"nom_de":null,"slug_ville":"mane","departement_id":604,"code_postal":"04300","population":1369,"superficie_km2":"22.00","latitude_centre":"43.9389992","longitude_centre":"5.7420001","distance_km":8.88},{"id":362,"code_insee":"04152","nom_standard":"Pierrevert","nom_a":null,"nom_de":null,"slug_ville":"pierrevert","departement_id":604,"code_postal":"04860","population":3941,"superficie_km2":"28.00","latitude_centre":"43.8059998","longitude_centre":"5.7230001","distance_km":10.27},{"id":8899,"code_insee":"84009","nom_standard":"La Bastide-des-Jourdans","nom_a":null,"nom_de":null,"slug_ville":"la-bastide-des-jourdans","departement_id":685,"code_postal":"84240","population":1686,"superficie_km2":"28.00","latitude_centre":"43.7939987","longitude_centre":"5.6469998","distance_km":10.28},{"id":356,"code_insee":"04112","nom_standard":"Manosque","nom_a":null,"nom_de":null,"slug_ville":"manosque","departement_id":604,"code_postal":"04100","population":22926,"superficie_km2":"57.00","latitude_centre":"43.8349991","longitude_centre":"5.7909999","distance_km":12.01},{"id":351,"code_insee":"04088","nom_standard":"Forcalquier","nom_a":null,"nom_de":null,"slug_ville":"forcalquier","departement_id":604,"code_postal":"04300","population":5118,"superficie_km2":"43.00","latitude_centre":"43.9599991","longitude_centre":"5.7880001","distance_km":13.21},{"id":374,"code_insee":"04245","nom_standard":"Volx","nom_a":null,"nom_de":null,"slug_ville":"volx","departement_id":604,"code_postal":"04130","population":3219,"superficie_km2":"19.00","latitude_centre":"43.8709984","longitude_centre":"5.8319998","distance_km":13.97},{"id":8925,"code_insee":"84052","nom_standard":"Grambois","nom_a":null,"nom_de":null,"slug_ville":"grambois","departement_id":685,"code_postal":"84240","population":1214,"superficie_km2":"31.00","latitude_centre":"43.7610016","longitude_centre":"5.6040001","distance_km":14.58},{"id":368,"code_insee":"04197","nom_standard":"Sainte-Tulle","nom_a":null,"nom_de":null,"slug_ville":"sainte-tulle","departement_id":604,"code_postal":"04220","population":3489,"superficie_km2":"17.00","latitude_centre":"43.7830010","longitude_centre":"5.7729998","distance_km":14.66},{"id":348,"code_insee":"04063","nom_standard":"Corbières-en-Provence","nom_a":null,"nom_de":null,"slug_ville":"corbieres-en-provence","departement_id":604,"code_postal":"04220","population":1254,"superficie_km2":"19.00","latitude_centre":"43.7610016","longitude_centre":"5.7459998","distance_km":15.55},{"id":342,"code_insee":"04018","nom_standard":"Banon","nom_a":null,"nom_de":null,"slug_ville":"banon","departement_id":604,"code_postal":"04150","population":1065,"superficie_km2":"40.00","latitude_centre":"44.0270004","longitude_centre":"5.6500001","distance_km":15.69},{"id":8946,"code_insee":"84084","nom_standard":"La Motte-d'Aigues","nom_a":null,"nom_de":null,"slug_ville":"la-motte-d-aigues","departement_id":685,"code_postal":"84240","population":1399,"superficie_km2":"15.00","latitude_centre":"43.7840004","longitude_centre":"5.5219998","distance_km":15.79},{"id":372,"code_insee":"04242","nom_standard":"Villeneuve","nom_a":null,"nom_de":null,"slug_ville":"villeneuve","departement_id":604,"code_postal":"04180","population":4355,"superficie_km2":"26.00","latitude_centre":"43.8959999","longitude_centre":"5.8569999","distance_km":15.91},{"id":8901,"code_insee":"84014","nom_standard":"Beaumont-de-Pertuis","nom_a":null,"nom_de":null,"slug_ville":"beaumont-de-pertuis","departement_id":685,"code_postal":"84120","population":1115,"superficie_km2":"54.00","latitude_centre":"43.7379990","longitude_centre":"5.6960001","distance_km":16.72},{"id":344,"code_insee":"04034","nom_standard":"La Brillanne","nom_a":null,"nom_de":null,"slug_ville":"la-brillanne","departement_id":604,"code_postal":"04700","population":1109,"superficie_km2":"7.00","latitude_centre":"43.9319992","longitude_centre":"5.8839998","distance_km":18.74},{"id":8967,"code_insee":"84133","nom_standard":"La Tour-d'Aigues","nom_a":null,"nom_de":null,"slug_ville":"la-tour-d-aigues","departement_id":685,"code_postal":"84240","population":4346,"superficie_km2":"41.00","latitude_centre":"43.7220001","longitude_centre":"5.5669999","distance_km":19.67},{"id":8940,"code_insee":"84076","nom_standard":"Mirabeau","nom_a":null,"nom_de":null,"slug_ville":"mirabeau","departement_id":685,"code_postal":"84120","population":1419,"superficie_km2":"32.00","latitude_centre":"43.7050018","longitude_centre":"5.6430001","distance_km":20.17},{"id":8957,"code_insee":"84107","nom_standard":"Saint-Christol","nom_a":null,"nom_de":null,"slug_ville":"saint-christol","departement_id":685,"code_postal":"84390","population":1422,"superficie_km2":"46.00","latitude_centre":"44.0309982","longitude_centre":"5.5029998","distance_km":20.39},{"id":8919,"code_insee":"84042","nom_standard":"Cucuron","nom_a":null,"nom_de":null,"slug_ville":"cucuron","departement_id":685,"code_postal":"84160","population":1814,"superficie_km2":"33.00","latitude_centre":"43.7779999","longitude_centre":"5.4439998","distance_km":21.02}]}