{"ville":{"id":9122,"code_insee":"85238","nom_standard":"Saint-Laurent-sur-Sèvre","nom_a":null,"nom_de":null,"slug_ville":"saint-laurent-sur-sevre","departement_id":686,"code_postal":"85290","population":3664,"superficie_km2":"15.00","latitude_centre":"46.9510002","longitude_centre":"-0.9010000","dep_code":"85","dep_nom":"Vendée","dep_slug":"vendee","reg_code":"17","reg_nom":"Pays de la Loire","reg_slug":"pays-de-la-loire"},"departement":{"code":"85","nom":"Vendée","slug":"vendee"},"region":{"code":"17","nom":"Pays de la Loire","slug":"pays-de-la-loire"},"villes_proches":[{"id":9124,"code_insee":"85240","nom_standard":"Saint-Malô-du-Bois","nom_a":null,"nom_de":null,"slug_ville":"saint-malo-du-bois","departement_id":686,"code_postal":"85590","population":1618,"superficie_km2":"14.00","latitude_centre":"46.9249992","longitude_centre":"-0.9140000","distance_km":3.06},{"id":9073,"code_insee":"85151","nom_standard":"Mortagne-sur-Sèvre","nom_a":null,"nom_de":null,"slug_ville":"mortagne-sur-sevre","departement_id":686,"code_postal":"85290","population":6064,"superficie_km2":"22.00","latitude_centre":"46.9910011","longitude_centre":"-0.9460000","distance_km":5.61},{"id":9150,"code_insee":"85296","nom_standard":"Treize-Vents","nom_a":null,"nom_de":null,"slug_ville":"treize-vents","departement_id":686,"code_postal":"85590","population":1242,"superficie_km2":"19.00","latitude_centre":"46.9169998","longitude_centre":"-0.8460000","distance_km":5.63},{"id":9155,"code_insee":"85302","nom_standard":"Chanverrie","nom_a":null,"nom_de":null,"slug_ville":"chanverrie","departement_id":686,"code_postal":"85130","population":5506,"superficie_km2":"43.00","latitude_centre":"46.9640007","longitude_centre":"-0.9850000","distance_km":6.54},{"id":9031,"code_insee":"85082","nom_standard":"Les Epesses","nom_a":null,"nom_de":null,"slug_ville":"les-epesses","departement_id":686,"code_postal":"85590","population":2984,"superficie_km2":"32.00","latitude_centre":"46.8919983","longitude_centre":"-0.9030000","distance_km":6.56},{"id":4800,"code_insee":"49343","nom_standard":"La Tessoualle","nom_a":null,"nom_de":null,"slug_ville":"la-tessoualle","departement_id":650,"code_postal":"49280","population":3189,"superficie_km2":"21.00","latitude_centre":"47.0079994","longitude_centre":"-0.8370000","distance_km":7.98},{"id":4776,"code_insee":"49269","nom_standard":"Saint-Christophe-du-Bois","nom_a":null,"nom_de":null,"slug_ville":"saint-christophe-du-bois","departement_id":650,"code_postal":"49280","population":2858,"superficie_km2":"22.00","latitude_centre":"47.0289993","longitude_centre":"-0.9660000","distance_km":9.98},{"id":9125,"code_insee":"85242","nom_standard":"Saint-Mars-la-Réorthe","nom_a":null,"nom_de":null,"slug_ville":"saint-mars-la-reorthe","departement_id":686,"code_postal":"85590","population":1023,"superficie_km2":"9.00","latitude_centre":"46.8600006","longitude_centre":"-0.9260000","distance_km":10.3},{"id":4727,"code_insee":"49099","nom_standard":"Cholet","nom_a":null,"nom_de":null,"slug_ville":"cholet","departement_id":650,"code_postal":"49300","population":53936,"superficie_km2":"87.00","latitude_centre":"47.0449982","longitude_centre":"-0.8780000","distance_km":10.6},{"id":8479,"code_insee":"79079","nom_standard":"Mauléon","nom_a":null,"nom_de":null,"slug_ville":"mauleon","departement_id":680,"code_postal":"79700","population":8597,"superficie_km2":"122.00","latitude_centre":"46.9469986","longitude_centre":"-0.7470000","distance_km":11.7},{"id":8530,"code_insee":"79289","nom_standard":"Saint-Pierre-des-Échaubrognes","nom_a":null,"nom_de":null,"slug_ville":"saint-pierre-des-echaubrognes","departement_id":680,"code_postal":"79700","population":1412,"superficie_km2":"29.00","latitude_centre":"46.9799995","longitude_centre":"-0.7520000","distance_km":11.76},{"id":9101,"code_insee":"85198","nom_standard":"Saint-Aubin-des-Ormeaux","nom_a":null,"nom_de":null,"slug_ville":"saint-aubin-des-ormeaux","departement_id":686,"code_postal":"85130","population":1371,"superficie_km2":"13.00","latitude_centre":"46.9959984","longitude_centre":"-1.0420001","distance_km":11.81},{"id":9043,"code_insee":"85097","nom_standard":"La Gaubretière","nom_a":null,"nom_de":null,"slug_ville":"la-gaubretiere","departement_id":686,"code_postal":"85130","population":3172,"superficie_km2":"30.00","latitude_centre":"46.9339981","longitude_centre":"-1.0560000","distance_km":11.92},{"id":8516,"code_insee":"79235","nom_standard":"Saint-Amand-sur-Sèvre","nom_a":null,"nom_de":null,"slug_ville":"saint-amand-sur-sevre","departement_id":680,"code_postal":"79700","population":1415,"superficie_km2":"33.00","latitude_centre":"46.8800011","longitude_centre":"-0.7820000","distance_km":12},{"id":9128,"code_insee":"85247","nom_standard":"Saint-Martin-des-Tilleuls","nom_a":null,"nom_de":null,"slug_ville":"saint-martin-des-tilleuls","departement_id":686,"code_postal":"85130","population":1120,"superficie_km2":"14.00","latitude_centre":"46.9710007","longitude_centre":"-1.0630000","distance_km":12.49},{"id":4747,"code_insee":"49192","nom_standard":"Maulévrier","nom_a":null,"nom_de":null,"slug_ville":"maulevrier","departement_id":650,"code_postal":"49360","population":3208,"superficie_km2":"34.00","latitude_centre":"47.0190010","longitude_centre":"-0.7680000","distance_km":12.61},{"id":9050,"code_insee":"85109","nom_standard":"Les Herbiers","nom_a":null,"nom_de":null,"slug_ville":"les-herbiers","departement_id":686,"code_postal":"85500","population":16453,"superficie_km2":"89.00","latitude_centre":"46.8670006","longitude_centre":"-1.0220000","distance_km":13.1},{"id":4772,"code_insee":"49260","nom_standard":"La Romagne","nom_a":null,"nom_de":null,"slug_ville":"la-romagne","departement_id":650,"code_postal":"49740","population":1998,"superficie_km2":"16.00","latitude_centre":"47.0540009","longitude_centre":"-1.0100000","distance_km":14.12},{"id":9133,"code_insee":"85259","nom_standard":"Saint-Paul-en-Pareds","nom_a":null,"nom_de":null,"slug_ville":"saint-paul-en-pareds","departement_id":686,"code_postal":"85500","population":1348,"superficie_km2":"12.00","latitude_centre":"46.8300018","longitude_centre":"-0.9640000","distance_km":14.28},{"id":4750,"code_insee":"49195","nom_standard":"Mazières-en-Mauges","nom_a":null,"nom_de":null,"slug_ville":"mazieres-en-mauges","departement_id":650,"code_postal":"49280","population":1274,"superficie_km2":"9.00","latitude_centre":"47.0600014","longitude_centre":"-0.7960000","distance_km":14.5}]}