{"ville":{"id":8048,"code_insee":"76599","nom_standard":"Saint-Léger-du-Bourg-Denis","nom_a":null,"nom_de":null,"slug_ville":"saint-leger-du-bourg-denis","departement_id":677,"code_postal":"76160","population":3641,"superficie_km2":"3.00","latitude_centre":"49.4300003","longitude_centre":"1.1640000","dep_code":"76","dep_nom":"Seine-Maritime","dep_slug":"seine-maritime","reg_code":"14","reg_nom":"Normandie","reg_slug":"normandie"},"departement":{"code":"76","nom":"Seine-Maritime","slug":"seine-maritime"},"region":{"code":"14","nom":"Normandie","slug":"normandie"},"villes_proches":[{"id":7938,"code_insee":"76212","nom_standard":"Darnétal","nom_a":null,"nom_de":null,"slug_ville":"darnetal","departement_id":677,"code_postal":"76160","population":9738,"superficie_km2":"5.00","latitude_centre":"49.4440002","longitude_centre":"1.1560000","distance_km":1.66},{"id":7999,"code_insee":"76429","nom_standard":"Le Mesnil-Esnard","nom_a":null,"nom_de":null,"slug_ville":"le-mesnil-esnard","departement_id":677,"code_postal":"76240","population":7980,"superficie_km2":"5.00","latitude_centre":"49.4140015","longitude_centre":"1.1450000","distance_km":2.25},{"id":7918,"code_insee":"76103","nom_standard":"Bonsecours","nom_a":null,"nom_de":null,"slug_ville":"bonsecours","departement_id":677,"code_postal":"76240","population":6455,"superficie_km2":"4.00","latitude_centre":"49.4259987","longitude_centre":"1.1289999","distance_km":2.57},{"id":8012,"code_insee":"76475","nom_standard":"Franqueville-Saint-Pierre","nom_a":null,"nom_de":null,"slug_ville":"franqueville-saint-pierre","departement_id":677,"code_postal":"76520","population":6067,"superficie_km2":"9.00","latitude_centre":"49.4039993","longitude_centre":"1.1830000","distance_km":3.2},{"id":8038,"code_insee":"76560","nom_standard":"Saint-Aubin-Épinay","nom_a":null,"nom_de":null,"slug_ville":"saint-aubin-epinay","departement_id":677,"code_postal":"76160","population":1019,"superficie_km2":"10.00","latitude_centre":"49.4189987","longitude_centre":"1.2050000","distance_km":3.21},{"id":8044,"code_insee":"76591","nom_standard":"Saint-Jacques-sur-Darnétal","nom_a":null,"nom_de":null,"slug_ville":"saint-jacques-sur-darnetal","departement_id":677,"code_postal":"76160","population":3152,"superficie_km2":"17.00","latitude_centre":"49.4459992","longitude_centre":"1.2079999","distance_km":3.65},{"id":8029,"code_insee":"76536","nom_standard":"Roncherolles-sur-le-Vivier","nom_a":null,"nom_de":null,"slug_ville":"roncherolles-sur-le-vivier","departement_id":677,"code_postal":"76160","population":1231,"superficie_km2":"5.00","latitude_centre":"49.4640007","longitude_centre":"1.1820000","distance_km":4},{"id":7899,"code_insee":"76005","nom_standard":"Amfreville-la-Mi-Voie","nom_a":null,"nom_de":null,"slug_ville":"amfreville-la-mi-voie","departement_id":677,"code_postal":"76920","population":3296,"superficie_km2":"4.00","latitude_centre":"49.4039993","longitude_centre":"1.1250000","distance_km":4.04},{"id":8054,"code_insee":"76617","nom_standard":"Saint-Martin-du-Vivier","nom_a":null,"nom_de":null,"slug_ville":"saint-martin-du-vivier","departement_id":677,"code_postal":"76160","population":1672,"superficie_km2":"5.00","latitude_centre":"49.4700012","longitude_centre":"1.1550000","distance_km":4.5},{"id":8030,"code_insee":"76540","nom_standard":"Rouen","nom_a":null,"nom_de":null,"slug_ville":"rouen","departement_id":677,"code_postal":"76100","population":114083,"superficie_km2":"21.00","latitude_centre":"49.4410019","longitude_centre":"1.0930001","distance_km":5.28},{"id":7915,"code_insee":"76095","nom_standard":"Bihorel","nom_a":null,"nom_de":null,"slug_ville":"bihorel","departement_id":677,"code_postal":"76420","population":8199,"superficie_km2":"3.00","latitude_centre":"49.4667000","longitude_centre":"1.1167000","distance_km":5.32},{"id":7913,"code_insee":"76069","nom_standard":"Belbeuf","nom_a":null,"nom_de":null,"slug_ville":"belbeuf","departement_id":677,"code_postal":"76240","population":2249,"superficie_km2":"7.00","latitude_centre":"49.3849983","longitude_centre":"1.1380000","distance_km":5.35},{"id":8071,"code_insee":"76681","nom_standard":"Sotteville-lès-Rouen","nom_a":null,"nom_de":null,"slug_ville":"sotteville-les-rouen","departement_id":677,"code_postal":"76300","population":28965,"superficie_km2":"7.00","latitude_centre":"49.4099999","longitude_centre":"1.0950000","distance_km":5.46},{"id":7919,"code_insee":"76108","nom_standard":"Bois-Guillaume","nom_a":null,"nom_de":null,"slug_ville":"bois-guillaume","departement_id":677,"code_postal":"76230","population":14262,"superficie_km2":"11.00","latitude_centre":"49.4720001","longitude_centre":"1.1200000","distance_km":5.65},{"id":8037,"code_insee":"76558","nom_standard":"Saint-Aubin-Celloville","nom_a":null,"nom_de":null,"slug_ville":"saint-aubin-celloville","departement_id":677,"code_postal":"76520","population":1181,"superficie_km2":"7.00","latitude_centre":"49.3759995","longitude_centre":"1.1600000","distance_km":6.01},{"id":7921,"code_insee":"76116","nom_standard":"Boos","nom_a":null,"nom_de":null,"slug_ville":"boos","departement_id":677,"code_postal":"76520","population":3991,"superficie_km2":"14.00","latitude_centre":"49.3810005","longitude_centre":"1.2029999","distance_km":6.14},{"id":8003,"code_insee":"76448","nom_standard":"Montmain","nom_a":null,"nom_de":null,"slug_ville":"montmain","departement_id":677,"code_postal":"76520","population":1448,"superficie_km2":"6.00","latitude_centre":"49.4090004","longitude_centre":"1.2460001","distance_km":6.37},{"id":8004,"code_insee":"76451","nom_standard":"Mont-Saint-Aignan","nom_a":null,"nom_de":null,"slug_ville":"mont-saint-aignan","departement_id":677,"code_postal":"76130","population":20066,"superficie_km2":"8.00","latitude_centre":"49.4679985","longitude_centre":"1.0820000","distance_km":7.28},{"id":8023,"code_insee":"76509","nom_standard":"Préaux","nom_a":null,"nom_de":null,"slug_ville":"preaux","departement_id":677,"code_postal":"76160","population":1863,"superficie_km2":"19.00","latitude_centre":"49.4869995","longitude_centre":"1.2160000","distance_km":7.37},{"id":8020,"code_insee":"76498","nom_standard":"Le Petit-Quevilly","nom_a":null,"nom_de":null,"slug_ville":"le-petit-quevilly","departement_id":677,"code_postal":"76140","population":21782,"superficie_km2":"4.00","latitude_centre":"49.4239998","longitude_centre":"1.0599999","distance_km":7.55}]}