{"ville":{"id":4246,"code_insee":"43205","nom_standard":"Saint-Just-Malmont","nom_a":null,"nom_de":null,"slug_ville":"saint-just-malmont","departement_id":644,"code_postal":"43240","population":4217,"superficie_km2":"24.00","latitude_centre":"45.3460007","longitude_centre":"4.3220000","dep_code":"43","dep_nom":"Haute-Loire","dep_slug":"haute-loire","reg_code":"01","reg_nom":"Auvergne-Rhône-Alpes","reg_slug":"auvergne-rhone-alpes"},"departement":{"code":"43","nom":"Haute-Loire","slug":"haute-loire"},"region":{"code":"01","nom":"Auvergne-Rhône-Alpes","slug":"auvergne-rhone-alpes"},"villes_proches":[{"id":4111,"code_insee":"42115","nom_standard":"Jonzieux","nom_a":null,"nom_de":null,"slug_ville":"jonzieux","departement_id":643,"code_postal":"42660","population":1228,"superficie_km2":"10.00","latitude_centre":"45.3199997","longitude_centre":"4.3620000","distance_km":4.26},{"id":4105,"code_insee":"42095","nom_standard":"Firminy","nom_a":null,"nom_de":null,"slug_ville":"firminy","departement_id":643,"code_postal":"42700","population":17137,"superficie_km2":"10.00","latitude_centre":"45.3790016","longitude_centre":"4.2890000","distance_km":4.48},{"id":4087,"code_insee":"42044","nom_standard":"Le Chambon-Feugerolles","nom_a":null,"nom_de":null,"slug_ville":"le-chambon-feugerolles","departement_id":643,"code_postal":"42500","population":12066,"superficie_km2":"17.00","latitude_centre":"45.3889999","longitude_centre":"4.3319998","distance_km":4.84},{"id":4241,"code_insee":"43177","nom_standard":"Saint-Didier-en-Velay","nom_a":null,"nom_de":null,"slug_ville":"saint-didier-en-velay","departement_id":644,"code_postal":"43140","population":3480,"superficie_km2":"26.00","latitude_centre":"45.3100014","longitude_centre":"4.2849998","distance_km":4.94},{"id":4242,"code_insee":"43184","nom_standard":"Saint-Ferréol-d'Auroure","nom_a":null,"nom_de":null,"slug_ville":"saint-ferreol-d-auroure","departement_id":644,"code_postal":"43330","population":2462,"superficie_km2":"11.00","latitude_centre":"45.3569984","longitude_centre":"4.2589998","distance_km":5.07},{"id":4236,"code_insee":"43153","nom_standard":"Pont-Salomon","nom_a":null,"nom_de":null,"slug_ville":"pont-salomon","departement_id":644,"code_postal":"43330","population":1876,"superficie_km2":"9.00","latitude_centre":"45.3349991","longitude_centre":"4.2430000","distance_km":6.29},{"id":4107,"code_insee":"42099","nom_standard":"Fraisses","nom_a":null,"nom_de":null,"slug_ville":"fraisses","departement_id":643,"code_postal":"42490","population":3779,"superficie_km2":"5.00","latitude_centre":"45.3839989","longitude_centre":"4.2600002","distance_km":6.43},{"id":4141,"code_insee":"42183","nom_standard":"La Ricamarie","nom_a":null,"nom_de":null,"slug_ville":"la-ricamarie","departement_id":643,"code_postal":"42150","population":8046,"superficie_km2":"7.00","latitude_centre":"45.4029999","longitude_centre":"4.3690000","distance_km":7.32},{"id":4195,"code_insee":"42316","nom_standard":"Unieux","nom_a":null,"nom_de":null,"slug_ville":"unieux","departement_id":643,"code_postal":"42240","population":8479,"superficie_km2":"9.00","latitude_centre":"45.4070015","longitude_centre":"4.2690001","distance_km":7.95},{"id":4257,"code_insee":"43236","nom_standard":"La Séauve-sur-Semène","nom_a":null,"nom_de":null,"slug_ville":"la-seauve-sur-semene","departement_id":644,"code_postal":"43140","population":1481,"superficie_km2":"8.00","latitude_centre":"45.2949982","longitude_centre":"4.2500000","distance_km":7.99},{"id":4119,"code_insee":"42139","nom_standard":"Marlhes","nom_a":null,"nom_de":null,"slug_ville":"marlhes","departement_id":643,"code_postal":"42660","population":1338,"superficie_km2":"33.00","latitude_centre":"45.2929993","longitude_centre":"4.3969998","distance_km":8.31},{"id":4162,"code_insee":"42224","nom_standard":"Saint-Genest-Malifaux","nom_a":null,"nom_de":null,"slug_ville":"saint-genest-malifaux","departement_id":643,"code_postal":"42660","population":2917,"superficie_km2":"47.00","latitude_centre":"45.3470001","longitude_centre":"4.4310002","distance_km":8.52},{"id":4179,"code_insee":"42270","nom_standard":"Saint-Paul-en-Cornillon","nom_a":null,"nom_de":null,"slug_ville":"saint-paul-en-cornillon","departement_id":643,"code_postal":"42240","population":1345,"superficie_km2":"4.00","latitude_centre":"45.3959999","longitude_centre":"4.2389998","distance_km":8.54},{"id":4145,"code_insee":"42189","nom_standard":"Roche-la-Molière","nom_a":null,"nom_de":null,"slug_ville":"roche-la-moliere","departement_id":643,"code_postal":"42230","population":9863,"superficie_km2":"17.00","latitude_centre":"45.4259987","longitude_centre":"4.3249998","distance_km":8.9},{"id":4252,"code_insee":"43223","nom_standard":"Saint-Romain-Lachalm","nom_a":null,"nom_de":null,"slug_ville":"saint-romain-lachalm","departement_id":644,"code_postal":"43620","population":1109,"superficie_km2":"20.00","latitude_centre":"45.2649994","longitude_centre":"4.3400002","distance_km":9.12},{"id":4218,"code_insee":"43058","nom_standard":"La Chapelle-d'Aurec","nom_a":null,"nom_de":null,"slug_ville":"la-chapelle-d-aurec","departement_id":644,"code_postal":"43120","population":1109,"superficie_km2":"12.00","latitude_centre":"45.3310013","longitude_centre":"4.2049999","distance_km":9.3},{"id":4207,"code_insee":"43012","nom_standard":"Aurec-sur-Loire","nom_a":null,"nom_de":null,"slug_ville":"aurec-sur-loire","departement_id":644,"code_postal":"43110","population":6171,"superficie_km2":"23.00","latitude_centre":"45.3689995","longitude_centre":"4.2049999","distance_km":9.49},{"id":4133,"code_insee":"42172","nom_standard":"Planfoy","nom_a":null,"nom_de":null,"slug_ville":"planfoy","departement_id":643,"code_postal":"42660","population":1070,"superficie_km2":"13.00","latitude_centre":"45.3860016","longitude_centre":"4.4310002","distance_km":9.61},{"id":4158,"code_insee":"42218","nom_standard":"Saint-Étienne","nom_a":null,"nom_de":null,"slug_ville":"saint-etienne","departement_id":643,"code_postal":"42100","population":172718,"superficie_km2":"80.00","latitude_centre":"45.4300003","longitude_centre":"4.3790002","distance_km":10.35},{"id":4249,"code_insee":"43213","nom_standard":"Saint-Pal-de-Mons","nom_a":null,"nom_de":null,"slug_ville":"saint-pal-de-mons","departement_id":644,"code_postal":"43620","population":2291,"superficie_km2":"27.00","latitude_centre":"45.2420006","longitude_centre":"4.2830000","distance_km":11.96}]}