{"ville":{"id":4412,"code_insee":"44174","nom_standard":"Saint-Lumine-de-Coutais","nom_a":null,"nom_de":null,"slug_ville":"saint-lumine-de-coutais","departement_id":645,"code_postal":"44310","population":2357,"superficie_km2":"18.00","latitude_centre":"47.0519981","longitude_centre":"-1.7240000","dep_code":"44","dep_nom":"Loire-Atlantique","dep_slug":"loire-atlantique","reg_code":"17","reg_nom":"Pays de la Loire","reg_slug":"pays-de-la-loire"},"departement":{"code":"44","nom":"Loire-Atlantique","slug":"loire-atlantique"},"region":{"code":"17","nom":"Pays de la Loire","slug":"pays-de-la-loire"},"villes_proches":[{"id":4415,"code_insee":"44178","nom_standard":"Saint-Mars-de-Coutais","nom_a":null,"nom_de":null,"slug_ville":"saint-mars-de-coutais","departement_id":645,"code_postal":"44680","population":2645,"superficie_km2":"35.00","latitude_centre":"47.0800018","longitude_centre":"-1.7520000","distance_km":3.77},{"id":4424,"code_insee":"44188","nom_standard":"Saint-Philbert-de-Grand-Lieu","nom_a":null,"nom_de":null,"slug_ville":"saint-philbert-de-grand-lieu","departement_id":645,"code_postal":"44310","population":9388,"superficie_km2":"98.00","latitude_centre":"47.0600014","longitude_centre":"-1.6569999","distance_km":5.15},{"id":4340,"code_insee":"44090","nom_standard":"La Marne","nom_a":null,"nom_de":null,"slug_ville":"la-marne","departement_id":645,"code_postal":"44270","population":1592,"superficie_km2":"18.00","latitude_centre":"46.9910011","longitude_centre":"-1.7190000","distance_km":6.79},{"id":4422,"code_insee":"44186","nom_standard":"Sainte-Pazanne","nom_a":null,"nom_de":null,"slug_ville":"sainte-pazanne","departement_id":645,"code_postal":"44680","population":7218,"superficie_km2":"42.00","latitude_centre":"47.0839996","longitude_centre":"-1.8180000","distance_km":7.96},{"id":4334,"code_insee":"44083","nom_standard":"La Limouzinière","nom_a":null,"nom_de":null,"slug_ville":"la-limouziniere","departement_id":645,"code_postal":"44310","population":2477,"superficie_km2":"29.00","latitude_centre":"46.9869995","longitude_centre":"-1.6420000","distance_km":9.53},{"id":4409,"code_insee":"44171","nom_standard":"Saint-Léger-les-Vignes","nom_a":null,"nom_de":null,"slug_ville":"saint-leger-les-vignes","departement_id":645,"code_postal":"44710","population":2056,"superficie_km2":"7.00","latitude_centre":"47.1430016","longitude_centre":"-1.7140000","distance_km":10.15},{"id":4337,"code_insee":"44087","nom_standard":"Machecoul-Saint-Même","nom_a":null,"nom_de":null,"slug_ville":"machecoul-saint-meme","departement_id":645,"code_postal":"44270","population":7642,"superficie_km2":"67.00","latitude_centre":"46.9910011","longitude_centre":"-1.8240000","distance_km":10.17},{"id":4376,"code_insee":"44133","nom_standard":"Port-Saint-Père","nom_a":null,"nom_de":null,"slug_ville":"port-saint-pere","departement_id":645,"code_postal":"44710","population":3013,"superficie_km2":"33.00","latitude_centre":"47.1409988","longitude_centre":"-1.7680000","distance_km":10.44},{"id":4299,"code_insee":"44041","nom_standard":"La Chevrolière","nom_a":null,"nom_de":null,"slug_ville":"la-chevroliere","departement_id":645,"code_postal":"44118","population":6144,"superficie_km2":"33.00","latitude_centre":"47.0890007","longitude_centre":"-1.5960000","distance_km":10.53},{"id":4364,"code_insee":"44119","nom_standard":"Paulx","nom_a":null,"nom_de":null,"slug_ville":"paulx","departement_id":645,"code_postal":"44270","population":2023,"superficie_km2":"36.00","latitude_centre":"46.9580002","longitude_centre":"-1.7780000","distance_km":11.23},{"id":4279,"code_insee":"44018","nom_standard":"Bouaye","nom_a":null,"nom_de":null,"slug_ville":"bouaye","departement_id":645,"code_postal":"44830","population":8144,"superficie_km2":"14.00","latitude_centre":"47.1469994","longitude_centre":"-1.6720001","distance_km":11.27},{"id":4391,"code_insee":"44150","nom_standard":"Saint-Aignan-Grandlieu","nom_a":null,"nom_de":null,"slug_ville":"saint-aignan-grandlieu","departement_id":645,"code_postal":"44860","population":3986,"superficie_km2":"18.00","latitude_centre":"47.1329994","longitude_centre":"-1.6230000","distance_km":11.81},{"id":4398,"code_insee":"44157","nom_standard":"Saint-Étienne-de-Mer-Morte","nom_a":null,"nom_de":null,"slug_ville":"saint-etienne-de-mer-morte","departement_id":645,"code_postal":"44270","population":1742,"superficie_km2":"27.00","latitude_centre":"46.9449997","longitude_centre":"-1.7180001","distance_km":11.91},{"id":4404,"code_insee":"44164","nom_standard":"Saint-Hilaire-de-Chaléons","nom_a":null,"nom_de":null,"slug_ville":"saint-hilaire-de-chaleons","departement_id":645,"code_postal":"44680","population":2353,"superficie_km2":"35.00","latitude_centre":"47.0960007","longitude_centre":"-1.8800000","distance_km":12.79},{"id":4396,"code_insee":"44155","nom_standard":"Saint-Colomban","nom_a":null,"nom_de":null,"slug_ville":"saint-colomban","departement_id":645,"code_postal":"44310","population":3485,"superficie_km2":"36.00","latitude_centre":"47.0250015","longitude_centre":"-1.5590000","distance_km":12.86},{"id":4285,"code_insee":"44024","nom_standard":"Brains","nom_a":null,"nom_de":null,"slug_ville":"brains","departement_id":645,"code_postal":"44830","population":2811,"superficie_km2":"15.00","latitude_centre":"47.1699982","longitude_centre":"-1.7260000","distance_km":13.12},{"id":4397,"code_insee":"44156","nom_standard":"Corcoué-sur-Logne","nom_a":null,"nom_de":null,"slug_ville":"corcoue-sur-logne","departement_id":645,"code_postal":"44650","population":3152,"superficie_km2":"51.00","latitude_centre":"46.9529991","longitude_centre":"-1.6010000","distance_km":14.43},{"id":4373,"code_insee":"44130","nom_standard":"Pont-Saint-Martin","nom_a":null,"nom_de":null,"slug_ville":"pont-saint-martin","departement_id":645,"code_postal":"44860","population":6780,"superficie_km2":"22.00","latitude_centre":"47.1269989","longitude_centre":"-1.5660000","distance_km":14.58},{"id":4454,"code_insee":"44223","nom_standard":"Geneston","nom_a":null,"nom_de":null,"slug_ville":"geneston","departement_id":645,"code_postal":"44140","population":3697,"superficie_km2":"8.00","latitude_centre":"47.0600014","longitude_centre":"-1.5260000","distance_km":15.03},{"id":4349,"code_insee":"44101","nom_standard":"La Montagne","nom_a":null,"nom_de":null,"slug_ville":"la-montagne","departement_id":645,"code_postal":"44620","population":6488,"superficie_km2":"4.00","latitude_centre":"47.1850014","longitude_centre":"-1.6849999","distance_km":15.08}]}