{"ville":{"id":7322,"code_insee":"69238","nom_standard":"Saint-Symphorien-sur-Coise","nom_a":null,"nom_de":null,"slug_ville":"saint-symphorien-sur-coise","departement_id":670,"code_postal":"69590","population":3712,"superficie_km2":"4.00","latitude_centre":"45.6310005","longitude_centre":"4.4499998","dep_code":"69","dep_nom":"Rhône","dep_slug":"rhone","reg_code":"01","reg_nom":"Auvergne-Rhône-Alpes","reg_slug":"auvergne-rhone-alpes"},"departement":{"code":"69","nom":"Rhône","slug":"rhone"},"region":{"code":"01","nom":"Auvergne-Rhône-Alpes","slug":"auvergne-rhone-alpes"},"villes_proches":[{"id":7282,"code_insee":"69155","nom_standard":"Pomeys","nom_a":null,"nom_de":null,"slug_ville":"pomeys","departement_id":670,"code_postal":"69590","population":1132,"superficie_km2":"13.00","latitude_centre":"45.6459999","longitude_centre":"4.4460001","distance_km":1.7},{"id":4094,"code_insee":"42062","nom_standard":"Chevrières","nom_a":null,"nom_de":null,"slug_ville":"chevrieres","departement_id":643,"code_postal":"42140","population":1160,"superficie_km2":"15.00","latitude_centre":"45.5900002","longitude_centre":"4.4080000","distance_km":5.61},{"id":7258,"code_insee":"69110","nom_standard":"Larajasse","nom_a":null,"nom_de":null,"slug_ville":"larajasse","departement_id":670,"code_postal":"69590","population":1834,"superficie_km2":"34.00","latitude_centre":"45.6080017","longitude_centre":"4.5149999","distance_km":5.67},{"id":7198,"code_insee":"69014","nom_standard":"Aveize","nom_a":null,"nom_de":null,"slug_ville":"aveize","departement_id":670,"code_postal":"69610","population":1115,"superficie_km2":"17.00","latitude_centre":"45.6790009","longitude_centre":"4.4759998","distance_km":5.71},{"id":4093,"code_insee":"42059","nom_standard":"Chazelles-sur-Lyon","nom_a":null,"nom_de":null,"slug_ville":"chazelles-sur-lyon","departement_id":643,"code_postal":"42140","population":5472,"superficie_km2":"21.00","latitude_centre":"45.6290016","longitude_centre":"4.3740001","distance_km":5.91},{"id":7305,"code_insee":"69201","nom_standard":"Sainte-Foy-l'Argentière","nom_a":null,"nom_de":null,"slug_ville":"sainte-foy-l-argentiere","departement_id":670,"code_postal":"69610","population":1291,"superficie_km2":"2.00","latitude_centre":"45.7050018","longitude_centre":"4.4699998","distance_km":8.37},{"id":4073,"code_insee":"42010","nom_standard":"Aveizieux","nom_a":null,"nom_de":null,"slug_ville":"aveizieux","departement_id":643,"code_postal":"42330","population":1686,"superficie_km2":"9.00","latitude_centre":"45.5690002","longitude_centre":"4.3790002","distance_km":8.83},{"id":7316,"code_insee":"69227","nom_standard":"Saint-Martin-en-Haut","nom_a":null,"nom_de":null,"slug_ville":"saint-martin-en-haut","departement_id":670,"code_postal":"69850","population":3891,"superficie_km2":"39.00","latitude_centre":"45.6580010","longitude_centre":"4.5580001","distance_km":8.92},{"id":7252,"code_insee":"69099","nom_standard":"Haute-Rivoire","nom_a":null,"nom_de":null,"slug_ville":"haute-rivoire","departement_id":670,"code_postal":"69610","population":1431,"superficie_km2":"21.00","latitude_centre":"45.7140007","longitude_centre":"4.4060001","distance_km":9.84},{"id":4184,"code_insee":"42283","nom_standard":"Saint-Romain-en-Jarez","nom_a":null,"nom_de":null,"slug_ville":"saint-romain-en-jarez","departement_id":643,"code_postal":"42800","population":1211,"superficie_km2":"17.00","latitude_centre":"45.5649986","longitude_centre":"4.5419998","distance_km":10.25},{"id":4153,"code_insee":"42208","nom_standard":"Saint-Christo-en-Jarez","nom_a":null,"nom_de":null,"slug_ville":"saint-christo-en-jarez","departement_id":643,"code_postal":"42320","population":1896,"superficie_km2":"22.00","latitude_centre":"45.5359993","longitude_centre":"4.4670000","distance_km":10.65},{"id":4075,"code_insee":"42013","nom_standard":"Bellegarde-en-Forez","nom_a":null,"nom_de":null,"slug_ville":"bellegarde-en-forez","departement_id":643,"code_postal":"42210","population":1991,"superficie_km2":"19.00","latitude_centre":"45.6409988","longitude_centre":"4.3090000","distance_km":11.02},{"id":4160,"code_insee":"42222","nom_standard":"Saint-Galmier","nom_a":null,"nom_de":null,"slug_ville":"saint-galmier","departement_id":643,"code_postal":"42330","population":5842,"superficie_km2":"20.00","latitude_centre":"45.6030006","longitude_centre":"4.3140001","distance_km":11.03},{"id":4086,"code_insee":"42043","nom_standard":"Chambœuf","nom_a":null,"nom_de":null,"slug_ville":"chamboeuf","departement_id":643,"code_postal":"42330","population":1797,"superficie_km2":"11.00","latitude_centre":"45.5740013","longitude_centre":"4.3220000","distance_km":11.8},{"id":7315,"code_insee":"69220","nom_standard":"Saint-Laurent-de-Chamousset","nom_a":null,"nom_de":null,"slug_ville":"saint-laurent-de-chamousset","departement_id":670,"code_postal":"69930","population":1883,"superficie_km2":"17.00","latitude_centre":"45.7379990","longitude_centre":"4.4650002","distance_km":11.95},{"id":4167,"code_insee":"42234","nom_standard":"Saint-Héand","nom_a":null,"nom_de":null,"slug_ville":"saint-heand","departement_id":643,"code_postal":"42570","population":3686,"superficie_km2":"31.00","latitude_centre":"45.5299988","longitude_centre":"4.3820000","distance_km":12.42},{"id":7291,"code_insee":"69170","nom_standard":"Rontalon","nom_a":null,"nom_de":null,"slug_ville":"rontalon","departement_id":670,"code_postal":"69510","population":1164,"superficie_km2":"13.00","latitude_centre":"45.6570015","longitude_centre":"4.6180000","distance_km":13.38},{"id":4156,"code_insee":"42214","nom_standard":"Saint-Cyr-les-Vignes","nom_a":null,"nom_de":null,"slug_ville":"saint-cyr-les-vignes","departement_id":643,"code_postal":"42210","population":1057,"superficie_km2":"19.00","latitude_centre":"45.6769981","longitude_centre":"4.2890000","distance_km":13.52},{"id":4151,"code_insee":"42206","nom_standard":"Saint-Bonnet-les-Oules","nom_a":null,"nom_de":null,"slug_ville":"saint-bonnet-les-oules","departement_id":643,"code_postal":"42330","population":1768,"superficie_km2":"12.00","latitude_centre":"45.5410004","longitude_centre":"4.3319998","distance_km":13.58},{"id":4084,"code_insee":"42032","nom_standard":"Cellieu","nom_a":null,"nom_de":null,"slug_ville":"cellieu","departement_id":643,"code_postal":"42320","population":1706,"superficie_km2":"12.00","latitude_centre":"45.5209999","longitude_centre":"4.5300002","distance_km":13.73}]}