{"ville":{"id":9110,"code_insee":"85215","nom_standard":"Saint-Fulgent","nom_a":null,"nom_de":null,"slug_ville":"saint-fulgent","departement_id":686,"code_postal":"85250","population":3860,"superficie_km2":"37.00","latitude_centre":"46.8709984","longitude_centre":"-1.1619999","dep_code":"85","dep_nom":"Vendée","dep_slug":"vendee","reg_code":"17","reg_nom":"Pays de la Loire","reg_slug":"pays-de-la-loire"},"departement":{"code":"85","nom":"Vendée","slug":"vendee"},"region":{"code":"17","nom":"Pays de la Loire","slug":"pays-de-la-loire"},"villes_proches":[{"id":9099,"code_insee":"85196","nom_standard":"Saint-André-Goule-d'Oie","nom_a":null,"nom_de":null,"slug_ville":"saint-andre-goule-d-oie","departement_id":686,"code_postal":"85250","population":1924,"superficie_km2":"20.00","latitude_centre":"46.8409996","longitude_centre":"-1.1960000","distance_km":4.22},{"id":9070,"code_insee":"85144","nom_standard":"Mesnard-la-Barotière","nom_a":null,"nom_de":null,"slug_ville":"mesnard-la-barotiere","departement_id":686,"code_postal":"85500","population":1561,"superficie_km2":"12.00","latitude_centre":"46.8520012","longitude_centre":"-1.1100000","distance_km":4.48},{"id":8990,"code_insee":"85013","nom_standard":"Bazoges-en-Paillers","nom_a":null,"nom_de":null,"slug_ville":"bazoges-en-paillers","departement_id":686,"code_postal":"85130","population":1525,"superficie_km2":"12.00","latitude_centre":"46.9210014","longitude_centre":"-1.1440001","distance_km":5.73},{"id":8994,"code_insee":"85017","nom_standard":"Beaurepaire","nom_a":null,"nom_de":null,"slug_ville":"beaurepaire","departement_id":686,"code_postal":"85500","population":2426,"superficie_km2":"24.00","latitude_centre":"46.9049988","longitude_centre":"-1.1010000","distance_km":5.98},{"id":9154,"code_insee":"85301","nom_standard":"Vendrennes","nom_a":null,"nom_de":null,"slug_ville":"vendrennes","departement_id":686,"code_postal":"85250","population":1791,"superficie_km2":"17.00","latitude_centre":"46.8230019","longitude_centre":"-1.1160001","distance_km":6.38},{"id":9023,"code_insee":"85065","nom_standard":"Chavagnes-en-Paillers","nom_a":null,"nom_de":null,"slug_ville":"chavagnes-en-paillers","departement_id":686,"code_postal":"85250","population":3568,"superficie_km2":"40.00","latitude_centre":"46.8950005","longitude_centre":"-1.2400000","distance_km":6.5},{"id":9093,"code_insee":"85186","nom_standard":"La Rabatelière","nom_a":null,"nom_de":null,"slug_ville":"la-rabateliere","departement_id":686,"code_postal":"85250","population":1013,"superficie_km2":"8.00","latitude_centre":"46.8580017","longitude_centre":"-1.2570000","distance_km":7.37},{"id":9001,"code_insee":"85025","nom_standard":"La Boissière-de-Montaigu","nom_a":null,"nom_de":null,"slug_ville":"la-boissiere-de-montaigu","departement_id":686,"code_postal":"85600","population":2279,"superficie_km2":"29.00","latitude_centre":"46.9449997","longitude_centre":"-1.1920000","distance_km":8.54},{"id":9022,"code_insee":"85064","nom_standard":"Chauché","nom_a":null,"nom_de":null,"slug_ville":"chauche","departement_id":686,"code_postal":"85140","population":2506,"superficie_km2":"42.00","latitude_centre":"46.8279991","longitude_centre":"-1.2710000","distance_km":9.57},{"id":9050,"code_insee":"85109","nom_standard":"Les Herbiers","nom_a":null,"nom_de":null,"slug_ville":"les-herbiers","departement_id":686,"code_postal":"85500","population":16453,"superficie_km2":"89.00","latitude_centre":"46.8670006","longitude_centre":"-1.0220000","distance_km":10.65},{"id":9043,"code_insee":"85097","nom_standard":"La Gaubretière","nom_a":null,"nom_de":null,"slug_ville":"la-gaubretiere","departement_id":686,"code_postal":"85130","population":3172,"superficie_km2":"30.00","latitude_centre":"46.9339981","longitude_centre":"-1.0560000","distance_km":10.67},{"id":9056,"code_insee":"85119","nom_standard":"Les Landes-Genusson","nom_a":null,"nom_de":null,"slug_ville":"les-landes-genusson","departement_id":686,"code_postal":"85130","population":2506,"superficie_km2":"31.00","latitude_centre":"46.9659996","longitude_centre":"-1.1289999","distance_km":10.86},{"id":9033,"code_insee":"85084","nom_standard":"Essarts-en-Bocage","nom_a":null,"nom_de":null,"slug_ville":"essarts-en-bocage","departement_id":686,"code_postal":"85140","population":9399,"superficie_km2":"57.00","latitude_centre":"46.7809982","longitude_centre":"-1.2290000","distance_km":11.23},{"id":9075,"code_insee":"85153","nom_standard":"Mouchamps","nom_a":null,"nom_de":null,"slug_ville":"mouchamps","departement_id":686,"code_postal":"85640","population":2957,"superficie_km2":"55.00","latitude_centre":"46.7869988","longitude_centre":"-1.0540000","distance_km":12.44},{"id":9007,"code_insee":"85038","nom_standard":"Les Brouzils","nom_a":null,"nom_de":null,"slug_ville":"les-brouzils","departement_id":686,"code_postal":"85260","population":2914,"superficie_km2":"42.00","latitude_centre":"46.8849983","longitude_centre":"-1.3320000","distance_km":13.01},{"id":9128,"code_insee":"85247","nom_standard":"Saint-Martin-des-Tilleuls","nom_a":null,"nom_de":null,"slug_ville":"saint-martin-des-tilleuls","departement_id":686,"code_postal":"85130","population":1120,"superficie_km2":"14.00","latitude_centre":"46.9710007","longitude_centre":"-1.0630000","distance_km":13.42},{"id":9026,"code_insee":"85072","nom_standard":"La Copechagnière","nom_a":null,"nom_de":null,"slug_ville":"la-copechagniere","departement_id":686,"code_postal":"85260","population":1048,"superficie_km2":"10.00","latitude_centre":"46.8520012","longitude_centre":"-1.3440000","distance_km":14},{"id":9149,"code_insee":"85295","nom_standard":"Treize-Septiers","nom_a":null,"nom_de":null,"slug_ville":"treize-septiers","departement_id":686,"code_postal":"85600","population":3316,"superficie_km2":"23.00","latitude_centre":"46.9980011","longitude_centre":"-1.2320000","distance_km":15.09},{"id":9147,"code_insee":"85293","nom_standard":"Tiffauges","nom_a":null,"nom_de":null,"slug_ville":"tiffauges","departement_id":686,"code_postal":"85130","population":1568,"superficie_km2":"10.00","latitude_centre":"47.0019989","longitude_centre":"-1.0990000","distance_km":15.33},{"id":9133,"code_insee":"85259","nom_standard":"Saint-Paul-en-Pareds","nom_a":null,"nom_de":null,"slug_ville":"saint-paul-en-pareds","departement_id":686,"code_postal":"85500","population":1348,"superficie_km2":"12.00","latitude_centre":"46.8300018","longitude_centre":"-0.9640000","distance_km":15.73}]}