{"ville":{"id":1491,"code_insee":"21603","nom_standard":"Semur-en-Auxois","nom_a":null,"nom_de":null,"slug_ville":"semur-en-auxois","departement_id":622,"code_postal":"21140","population":4068,"superficie_km2":"19.00","latitude_centre":"47.4910011","longitude_centre":"4.3410001","dep_code":"21","dep_nom":"Côte-d'Or","dep_slug":"cote-d-or","reg_code":"02","reg_nom":"Bourgogne-Franche-Comté","reg_slug":"bourgogne-franche-comte"},"departement":{"code":"21","nom":"Côte-d'Or","slug":"cote-d-or"},"region":{"code":"02","nom":"Bourgogne-Franche-Comté","slug":"bourgogne-franche-comte"},"villes_proches":[{"id":1501,"code_insee":"21663","nom_standard":"Venarey-les-Laumes","nom_a":null,"nom_de":null,"slug_ville":"venarey-les-laumes","departement_id":622,"code_postal":"21150","population":2784,"superficie_km2":"10.00","latitude_centre":"47.5379982","longitude_centre":"4.4400001","distance_km":9.09},{"id":1503,"code_insee":"21710","nom_standard":"Vitteaux","nom_a":null,"nom_de":null,"slug_ville":"vitteaux","departement_id":622,"code_postal":"21350","population":1059,"superficie_km2":"21.00","latitude_centre":"47.3969994","longitude_centre":"4.5430002","distance_km":18.44},{"id":1470,"code_insee":"21425","nom_standard":"Montbard","nom_a":null,"nom_de":null,"slug_ville":"montbard","departement_id":622,"code_postal":"21500","population":4788,"superficie_km2":"46.00","latitude_centre":"47.6580010","longitude_centre":"4.3499999","distance_km":18.58},{"id":1487,"code_insee":"21584","nom_standard":"Saulieu","nom_a":null,"nom_de":null,"slug_ville":"saulieu","departement_id":622,"code_postal":"21210","population":2324,"superficie_km2":"33.00","latitude_centre":"47.2840004","longitude_centre":"4.2319999","distance_km":24.44},{"id":1479,"code_insee":"21501","nom_standard":"Pouilly-en-Auxois","nom_a":null,"nom_de":null,"slug_ville":"pouilly-en-auxois","departement_id":622,"code_postal":"21320","population":1546,"superficie_km2":"10.00","latitude_centre":"47.2630005","longitude_centre":"4.5560002","distance_km":30.08},{"id":9400,"code_insee":"89025","nom_standard":"Avallon","nom_a":null,"nom_de":null,"slug_ville":"avallon","departement_id":690,"code_postal":"89200","population":6387,"superficie_km2":"27.00","latitude_centre":"47.4819984","longitude_centre":"3.9159999","distance_km":31.95},{"id":9423,"code_insee":"89208","nom_standard":"Joux-la-Ville","nom_a":null,"nom_de":null,"slug_ville":"joux-la-ville","departement_id":690,"code_postal":"89440","population":1151,"superficie_km2":"44.00","latitude_centre":"47.6199989","longitude_centre":"3.8699999","distance_km":38.14},{"id":1435,"code_insee":"21023","nom_standard":"Arnay-le-Duc","nom_a":null,"nom_de":null,"slug_ville":"arnay-le-duc","departement_id":622,"code_postal":"21230","population":1370,"superficie_km2":"12.00","latitude_centre":"47.1279984","longitude_centre":"4.4800000","distance_km":41.7},{"id":1452,"code_insee":"21273","nom_standard":"Fleurey-sur-Ouche","nom_a":null,"nom_de":null,"slug_ville":"fleurey-sur-ouche","departement_id":622,"code_postal":"21410","population":1466,"superficie_km2":"30.00","latitude_centre":"47.2999992","longitude_centre":"4.8639998","distance_km":44.73},{"id":5626,"code_insee":"58145","nom_standard":"Lormes","nom_a":null,"nom_de":null,"slug_ville":"lormes","departement_id":659,"code_postal":"58140","population":1264,"superficie_km2":"52.00","latitude_centre":"47.2900009","longitude_centre":"3.8250000","distance_km":44.81},{"id":1443,"code_insee":"21154","nom_standard":"Châtillon-sur-Seine","nom_a":null,"nom_de":null,"slug_ville":"chatillon-sur-seine","departement_id":622,"code_postal":"21400","population":5378,"superficie_km2":"33.00","latitude_centre":"47.8580017","longitude_centre":"4.5920000","distance_km":44.93},{"id":1500,"code_insee":"21661","nom_standard":"Velars-sur-Ouche","nom_a":null,"nom_de":null,"slug_ville":"velars-sur-ouche","departement_id":622,"code_postal":"21370","population":1808,"superficie_km2":"12.00","latitude_centre":"47.3190002","longitude_centre":"4.9099998","distance_km":46.9},{"id":9452,"code_insee":"89418","nom_standard":"Tonnerre","nom_a":null,"nom_de":null,"slug_ville":"tonnerre","departement_id":690,"code_postal":"89700","population":4301,"superficie_km2":"59.00","latitude_centre":"47.8409996","longitude_centre":"3.9770000","distance_km":47.51},{"id":9457,"code_insee":"89441","nom_standard":"Vermenton","nom_a":null,"nom_de":null,"slug_ville":"vermenton","departement_id":690,"code_postal":"89270","population":1241,"superficie_km2":"26.00","latitude_centre":"47.6730003","longitude_centre":"3.7579999","distance_km":48.18},{"id":1477,"code_insee":"21485","nom_standard":"Plombières-lès-Dijon","nom_a":null,"nom_de":null,"slug_ville":"plombieres-les-dijon","departement_id":622,"code_postal":"21370","population":2518,"superficie_km2":"15.00","latitude_centre":"47.3390007","longitude_centre":"4.9499998","distance_km":48.84},{"id":1449,"code_insee":"21223","nom_standard":"Daix","nom_a":null,"nom_de":null,"slug_ville":"daix","departement_id":622,"code_postal":"21121","population":1529,"superficie_km2":"12.00","latitude_centre":"47.3610001","longitude_centre":"4.9689999","distance_km":49.41},{"id":1456,"code_insee":"21315","nom_standard":"Hauteville-lès-Dijon","nom_a":null,"nom_de":null,"slug_ville":"hauteville-les-dijon","departement_id":622,"code_postal":"21121","population":1217,"superficie_km2":"9.00","latitude_centre":"47.3759995","longitude_centre":"4.9809999","distance_km":49.81},{"id":1467,"code_insee":"21408","nom_standard":"Messigny-et-Vantoux","nom_a":null,"nom_de":null,"slug_ville":"messigny-et-vantoux","departement_id":622,"code_postal":"21380","population":1699,"superficie_km2":"34.00","latitude_centre":"47.4189987","longitude_centre":"5.0009999","distance_km":50.26},{"id":9414,"code_insee":"89130","nom_standard":"Deux Rivières","nom_a":null,"nom_de":null,"slug_ville":"deux-rivieres","departement_id":690,"code_postal":"89460","population":1266,"superficie_km2":"22.00","latitude_centre":"47.6940002","longitude_centre":"3.7149999","distance_km":52.09},{"id":1495,"code_insee":"21617","nom_standard":"Talant","nom_a":null,"nom_de":null,"slug_ville":"talant","departement_id":622,"code_postal":"21240","population":11894,"superficie_km2":"5.00","latitude_centre":"47.3390007","longitude_centre":"4.9980001","distance_km":52.24}]}