{"ville":{"id":4786,"code_insee":"49301","nom_standard":"Sèvremoine","nom_a":null,"nom_de":null,"slug_ville":"sevremoine","departement_id":650,"code_postal":"49450","population":25806,"superficie_km2":"28.00","latitude_centre":"47.1259995","longitude_centre":"-0.9980000","dep_code":"49","dep_nom":"Maine-et-Loire","dep_slug":"maine-et-loire","reg_code":"17","reg_nom":"Pays de la Loire","reg_slug":"pays-de-la-loire"},"departement":{"code":"49","nom":"Maine-et-Loire","slug":"maine-et-loire"},"region":{"code":"17","nom":"Pays de la Loire","slug":"pays-de-la-loire"},"villes_proches":[{"id":4710,"code_insee":"49027","nom_standard":"Bégrolles-en-Mauges","nom_a":null,"nom_de":null,"slug_ville":"begrolles-en-mauges","departement_id":650,"code_postal":"49122","population":2120,"superficie_km2":"15.00","latitude_centre":"47.1329994","longitude_centre":"-0.9320000","distance_km":5.05},{"id":4796,"code_insee":"49332","nom_standard":"La Séguinière","nom_a":null,"nom_de":null,"slug_ville":"la-seguiniere","departement_id":650,"code_postal":"49280","population":4212,"superficie_km2":"31.00","latitude_centre":"47.0800018","longitude_centre":"-0.9580000","distance_km":5.94},{"id":4785,"code_insee":"49299","nom_standard":"Saint-Léger-sous-Cholet","nom_a":null,"nom_de":null,"slug_ville":"saint-leger-sous-cholet","departement_id":650,"code_postal":"49280","population":3072,"superficie_km2":"10.00","latitude_centre":"47.1020012","longitude_centre":"-0.9040000","distance_km":7.6},{"id":4772,"code_insee":"49260","nom_standard":"La Romagne","nom_a":null,"nom_de":null,"slug_ville":"la-romagne","departement_id":650,"code_postal":"49740","population":1998,"superficie_km2":"16.00","latitude_centre":"47.0540009","longitude_centre":"-1.0100000","distance_km":8.06},{"id":4748,"code_insee":"49193","nom_standard":"Le May-sur-Èvre","nom_a":null,"nom_de":null,"slug_ville":"le-may-sur-evre","departement_id":650,"code_postal":"49122","population":3839,"superficie_km2":"32.00","latitude_centre":"47.1329994","longitude_centre":"-0.8750000","distance_km":9.34},{"id":4708,"code_insee":"49023","nom_standard":"Beaupréau-en-Mauges","nom_a":null,"nom_de":null,"slug_ville":"beaupreau-en-mauges","departement_id":650,"code_postal":"49600","population":23639,"superficie_km2":"36.00","latitude_centre":"47.2130013","longitude_centre":"-0.9840000","distance_km":9.73},{"id":4776,"code_insee":"49269","nom_standard":"Saint-Christophe-du-Bois","nom_a":null,"nom_de":null,"slug_ville":"saint-christophe-du-bois","departement_id":650,"code_postal":"49280","population":2858,"superficie_km2":"22.00","latitude_centre":"47.0289993","longitude_centre":"-0.9660000","distance_km":11.05},{"id":4727,"code_insee":"49099","nom_standard":"Cholet","nom_a":null,"nom_de":null,"slug_ville":"cholet","departement_id":650,"code_postal":"49300","population":53936,"superficie_km2":"87.00","latitude_centre":"47.0449982","longitude_centre":"-0.8780000","distance_km":12.79},{"id":9101,"code_insee":"85198","nom_standard":"Saint-Aubin-des-Ormeaux","nom_a":null,"nom_de":null,"slug_ville":"saint-aubin-des-ormeaux","departement_id":686,"code_postal":"85130","population":1371,"superficie_km2":"13.00","latitude_centre":"46.9959984","longitude_centre":"-1.0420001","distance_km":14.83},{"id":4806,"code_insee":"49355","nom_standard":"Trémentines","nom_a":null,"nom_de":null,"slug_ville":"trementines","departement_id":650,"code_postal":"49340","population":3081,"superficie_km2":"35.00","latitude_centre":"47.1230011","longitude_centre":"-0.8020000","distance_km":14.83},{"id":4283,"code_insee":"44022","nom_standard":"Boussay","nom_a":null,"nom_de":null,"slug_ville":"boussay","departement_id":645,"code_postal":"44190","population":2773,"superficie_km2":"26.00","latitude_centre":"47.0540009","longitude_centre":"-1.1630000","distance_km":14.84},{"id":4757,"code_insee":"49218","nom_standard":"Montrevault-sur-Èvre","nom_a":null,"nom_de":null,"slug_ville":"montrevault-sur-evre","departement_id":650,"code_postal":"49110","population":15755,"superficie_km2":"3.00","latitude_centre":"47.2550011","longitude_centre":"-1.0520000","distance_km":14.91},{"id":9073,"code_insee":"85151","nom_standard":"Mortagne-sur-Sèvre","nom_a":null,"nom_de":null,"slug_ville":"mortagne-sur-sevre","departement_id":686,"code_postal":"85290","population":6064,"superficie_km2":"22.00","latitude_centre":"46.9910011","longitude_centre":"-0.9460000","distance_km":15.52},{"id":9147,"code_insee":"85293","nom_standard":"Tiffauges","nom_a":null,"nom_de":null,"slug_ville":"tiffauges","departement_id":686,"code_postal":"85130","population":1568,"superficie_km2":"10.00","latitude_centre":"47.0019989","longitude_centre":"-1.0990000","distance_km":15.77},{"id":4383,"code_insee":"44140","nom_standard":"La Regrippière","nom_a":null,"nom_de":null,"slug_ville":"la-regrippiere","departement_id":645,"code_postal":"44330","population":1506,"superficie_km2":"18.00","latitude_centre":"47.1850014","longitude_centre":"-1.1940000","distance_km":16.21},{"id":4750,"code_insee":"49195","nom_standard":"Mazières-en-Mauges","nom_a":null,"nom_de":null,"slug_ville":"mazieres-en-mauges","departement_id":650,"code_postal":"49280","population":1274,"superficie_km2":"9.00","latitude_centre":"47.0600014","longitude_centre":"-0.7960000","distance_km":16.96},{"id":4762,"code_insee":"49231","nom_standard":"Nuaillé","nom_a":null,"nom_de":null,"slug_ville":"nuaille","departement_id":650,"code_postal":"49340","population":1448,"superficie_km2":"14.00","latitude_centre":"47.0859985","longitude_centre":"-0.7770000","distance_km":17.31},{"id":4317,"code_insee":"44063","nom_standard":"Gétigné","nom_a":null,"nom_de":null,"slug_ville":"getigne","departement_id":645,"code_postal":"44190","population":3770,"superficie_km2":"24.00","latitude_centre":"47.0810013","longitude_centre":"-1.2180001","distance_km":17.39},{"id":4800,"code_insee":"49343","nom_standard":"La Tessoualle","nom_a":null,"nom_de":null,"slug_ville":"la-tessoualle","departement_id":650,"code_postal":"49280","population":3189,"superficie_km2":"21.00","latitude_centre":"47.0079994","longitude_centre":"-0.8370000","distance_km":17.91},{"id":9128,"code_insee":"85247","nom_standard":"Saint-Martin-des-Tilleuls","nom_a":null,"nom_de":null,"slug_ville":"saint-martin-des-tilleuls","departement_id":686,"code_postal":"85130","population":1120,"superficie_km2":"14.00","latitude_centre":"46.9710007","longitude_centre":"-1.0630000","distance_km":17.92}]}