{"ville":{"id":9147,"code_insee":"85293","nom_standard":"Tiffauges","nom_a":null,"nom_de":null,"slug_ville":"tiffauges","departement_id":686,"code_postal":"85130","population":1568,"superficie_km2":"10.00","latitude_centre":"47.0019989","longitude_centre":"-1.0990000","dep_code":"85","dep_nom":"Vendée","dep_slug":"vendee","reg_code":"17","reg_nom":"Pays de la Loire","reg_slug":"pays-de-la-loire"},"departement":{"code":"85","nom":"Vendée","slug":"vendee"},"region":{"code":"17","nom":"Pays de la Loire","slug":"pays-de-la-loire"},"villes_proches":[{"id":9101,"code_insee":"85198","nom_standard":"Saint-Aubin-des-Ormeaux","nom_a":null,"nom_de":null,"slug_ville":"saint-aubin-des-ormeaux","departement_id":686,"code_postal":"85130","population":1371,"superficie_km2":"13.00","latitude_centre":"46.9959984","longitude_centre":"-1.0420001","distance_km":4.37},{"id":9128,"code_insee":"85247","nom_standard":"Saint-Martin-des-Tilleuls","nom_a":null,"nom_de":null,"slug_ville":"saint-martin-des-tilleuls","departement_id":686,"code_postal":"85130","population":1120,"superficie_km2":"14.00","latitude_centre":"46.9710007","longitude_centre":"-1.0630000","distance_km":4.4},{"id":9056,"code_insee":"85119","nom_standard":"Les Landes-Genusson","nom_a":null,"nom_de":null,"slug_ville":"les-landes-genusson","departement_id":686,"code_postal":"85130","population":2506,"superficie_km2":"31.00","latitude_centre":"46.9659996","longitude_centre":"-1.1289999","distance_km":4.6},{"id":9008,"code_insee":"85039","nom_standard":"La Bruffière","nom_a":null,"nom_de":null,"slug_ville":"la-bruffiere","departement_id":686,"code_postal":"85530","population":4044,"superficie_km2":"41.00","latitude_centre":"47.0149994","longitude_centre":"-1.1830000","distance_km":6.53},{"id":4283,"code_insee":"44022","nom_standard":"Boussay","nom_a":null,"nom_de":null,"slug_ville":"boussay","departement_id":645,"code_postal":"44190","population":2773,"superficie_km2":"26.00","latitude_centre":"47.0540009","longitude_centre":"-1.1630000","distance_km":7.55},{"id":9043,"code_insee":"85097","nom_standard":"La Gaubretière","nom_a":null,"nom_de":null,"slug_ville":"la-gaubretiere","departement_id":686,"code_postal":"85130","population":3172,"superficie_km2":"30.00","latitude_centre":"46.9339981","longitude_centre":"-1.0560000","distance_km":8.24},{"id":4772,"code_insee":"49260","nom_standard":"La Romagne","nom_a":null,"nom_de":null,"slug_ville":"la-romagne","departement_id":650,"code_postal":"49740","population":1998,"superficie_km2":"16.00","latitude_centre":"47.0540009","longitude_centre":"-1.0100000","distance_km":8.88},{"id":9001,"code_insee":"85025","nom_standard":"La Boissière-de-Montaigu","nom_a":null,"nom_de":null,"slug_ville":"la-boissiere-de-montaigu","departement_id":686,"code_postal":"85600","population":2279,"superficie_km2":"29.00","latitude_centre":"46.9449997","longitude_centre":"-1.1920000","distance_km":9.48},{"id":9155,"code_insee":"85302","nom_standard":"Chanverrie","nom_a":null,"nom_de":null,"slug_ville":"chanverrie","departement_id":686,"code_postal":"85130","population":5506,"superficie_km2":"43.00","latitude_centre":"46.9640007","longitude_centre":"-0.9850000","distance_km":9.62},{"id":8990,"code_insee":"85013","nom_standard":"Bazoges-en-Paillers","nom_a":null,"nom_de":null,"slug_ville":"bazoges-en-paillers","departement_id":686,"code_postal":"85130","population":1525,"superficie_km2":"12.00","latitude_centre":"46.9210014","longitude_centre":"-1.1440001","distance_km":9.63},{"id":9149,"code_insee":"85295","nom_standard":"Treize-Septiers","nom_a":null,"nom_de":null,"slug_ville":"treize-septiers","departement_id":686,"code_postal":"85600","population":3316,"superficie_km2":"23.00","latitude_centre":"46.9980011","longitude_centre":"-1.2320000","distance_km":10.1},{"id":4776,"code_insee":"49269","nom_standard":"Saint-Christophe-du-Bois","nom_a":null,"nom_de":null,"slug_ville":"saint-christophe-du-bois","departement_id":650,"code_postal":"49280","population":2858,"superficie_km2":"22.00","latitude_centre":"47.0289993","longitude_centre":"-0.9660000","distance_km":10.52},{"id":8994,"code_insee":"85017","nom_standard":"Beaurepaire","nom_a":null,"nom_de":null,"slug_ville":"beaurepaire","departement_id":686,"code_postal":"85500","population":2426,"superficie_km2":"24.00","latitude_centre":"46.9049988","longitude_centre":"-1.1010000","distance_km":10.79},{"id":9073,"code_insee":"85151","nom_standard":"Mortagne-sur-Sèvre","nom_a":null,"nom_de":null,"slug_ville":"mortagne-sur-sevre","departement_id":686,"code_postal":"85290","population":6064,"superficie_km2":"22.00","latitude_centre":"46.9910011","longitude_centre":"-0.9460000","distance_km":11.67},{"id":4317,"code_insee":"44063","nom_standard":"Gétigné","nom_a":null,"nom_de":null,"slug_ville":"getigne","departement_id":645,"code_postal":"44190","population":3770,"superficie_km2":"24.00","latitude_centre":"47.0810013","longitude_centre":"-1.2180001","distance_km":12.59},{"id":9028,"code_insee":"85076","nom_standard":"Cugand","nom_a":null,"nom_de":null,"slug_ville":"cugand","departement_id":686,"code_postal":"85610","population":3685,"superficie_km2":"14.00","latitude_centre":"47.0600014","longitude_centre":"-1.2530000","distance_km":13.34},{"id":4796,"code_insee":"49332","nom_standard":"La Séguinière","nom_a":null,"nom_de":null,"slug_ville":"la-seguiniere","departement_id":650,"code_postal":"49280","population":4212,"superficie_km2":"31.00","latitude_centre":"47.0800018","longitude_centre":"-0.9580000","distance_km":13.76},{"id":8998,"code_insee":"85021","nom_standard":"La Bernardière","nom_a":null,"nom_de":null,"slug_ville":"la-bernardiere","departement_id":686,"code_postal":"85610","population":1880,"superficie_km2":"15.00","latitude_centre":"47.0359993","longitude_centre":"-1.2740000","distance_km":13.79},{"id":9110,"code_insee":"85215","nom_standard":"Saint-Fulgent","nom_a":null,"nom_de":null,"slug_ville":"saint-fulgent","departement_id":686,"code_postal":"85250","population":3860,"superficie_km2":"37.00","latitude_centre":"46.8709984","longitude_centre":"-1.1619999","distance_km":15.33},{"id":4786,"code_insee":"49301","nom_standard":"Sèvremoine","nom_a":null,"nom_de":null,"slug_ville":"sevremoine","departement_id":650,"code_postal":"49450","population":25806,"superficie_km2":"28.00","latitude_centre":"47.1259995","longitude_centre":"-0.9980000","distance_km":15.77}]}